id,name,level,difficulty,tags
10018,别让我担心,IN Lv.12,12.0,-
10051,星界ちゃんと可不ちゃんのおつかい合騒曲,IN Lv.15,15.600002,多押+32分+变速+耐力+高BPM+位移
10057,Endless Summer (LUM!X Remix),14,14.7,-
10061,Poppy,AT  Lv.16,16.300001,底力+多押+32分+爆发+耐力+高BPM+位移
10062,東の空から始まる世界,IN lv.13,13.199997,-
10079,Tell Your World,IN Lv.13,13.800003,-
10082,Energy Drink,IN  Lv.14,14.400002,楼梯+纵连+叠键
10086,粛聖!! ロリ神レクイエム☆,IN Lv.13,13.499999,楼梯
10093,安逸之野,IN Lv. 14,14.1,32分
10096,Crisscross,IN Lv.15,15.400002,-
10099,City,IN Lv.14,14.0,32分
10104,Water Quench,IN.不会填,12.60001,楼梯
10137,别让我担心,Cecilia Lv.12,12.7,-
10144,Skyward,XT Lv.14,14.0,多押+位移
10176,Super Nova Project,AT Lv.16,16.0,32分+耐力
10185,Cosmobreak,IN Lv.15,15.0,底力
10190,HUG AND KILL,AT Lv.16,16.600002,底力+多押+32分+变速+耐力+位移+定轨
10199,Orthodox,IN Lv.14,14.400002,楼梯
10248,Grimheart,<3,3.0,叠键
1025,Le Porteur d'Ombre,AT Lv.16,16.0,底力+多押+读谱+变速+耐力+高BPM+叠键+定轨
10253,但,IN Lv.14,14.299999,楼梯+32分+纵连
10260,Crush EXPERT,IN Lv.15,15.299999,纵连
10288,lost illusion,IN Lv.15,15.0,纵连
10297,愛にできることはまだあるかい,IN Lv.12,12.0,-
10311,阳光开朗大男孩,IN Lv.15,15.0,多押+32分+耐力+位移
10386,Controversial Awareness,AT  Lv.16,16.800003,底力+多押+楼梯+32分+变速+耐力+位移
10390,Harumachi Clover (Swing Arrangement),IN Lv.14,14.0,-
10396,粛圣‼︎ ロリ神レクイエム☆,ロリ15,15.400002,底力+耐力+纵连
10406,baby喵~,IN Lv.13,13.0,纵连
10409,ロータスイーター（feat.歌愛ユキ）,IN Lv.13,13.699998,楼梯+32分
10424,夢燈籠,AT Lv.14,14.200001,32分
10452,無意識レクイエム,無意識  Lv.514,15.4000025,楼梯+32分
10455,Controversial Awareness,IN Lv.15,15.900001,楼梯+变速+耐力+位移
10467,Sound Chimera,IN Lv.15,15.300001,楼梯+32分+变速
10475,Säkkijärven polkkaa,IN,15.200005,32分
10507,The Alone,IN Lv.13,13.200001,-
1051,666,AT Lv.16,16.800005,底力+多押+32分+爆发+变速+耐力+高BPM+位移
10511,Neon,AT LV.14,14.700003,32分+变速
10518,你呀你呀,IN Lv.12,12.500002,-
1053,The Spectre,IN Lv14,14.0,楼梯
10532,Materialize Anything,IN  Lv.15,15.700003,32分
10534,Astra walkthrough,FJC Lv.憋,16.0,底力+多押+楼梯+32分+变速+耐力+高BPM+纵连+叠键+位移+定轨
10536,迪斯科坦克,LN.14,14.0,32分+叠键+定轨
10561,Villain Virus,Crazier Ver.？,16.0,耐力+纵连+叠键
10571,天気,IN Lv.10,9.999999,-
10580,Azure Fantasies(Airally Remix),IN Lv.13,13.1,-
10611,colorful,IN Lv.14,14.300001,-
10616,Pierce,BMS,10.0,32分
10617,S.A.T.E.L.L.I.T.E.,AT Lv.16,16.700003,楼梯+32分+耐力+叠键+位移
10631,Chaos Emperor,IN Lv.15,15.400002,32分+耐力+定轨
10647,Unparalleled,IN Lv.15,15.700003,楼梯+位移
10664,Underworld,IN Lv.渊,15.400001,32分
10674,彁,IN Lv.15,10.0,底力+楼梯+变速+耐力+纵连
10677,スピカ（室女座）,AT Lv.15,15.300005,楼梯
10703,尘世闲游,IN Lv.13,13.499999,-
1072,WATER,AT Lv.14,14.900003,多押+32分+耐力+纵连
10726,phony,AT Lv.13,13.0,多押+32分+耐力+位移
10744,《Ж》,IN Lv.15,15.400002,底力+读谱+变速+高BPM+定轨
10750,Break Through Myself,AT LV.16+,16.800003,底力+多押+32分+变速+耐力+叠键+位移+定轨
10763,Cyka Blyat,不列 Lv.15,15.200001,多押+楼梯+32分+耐力+位移
10790,斜陽,IN lv.13,13.0,-
10797,粛聖!! ロリ神レクイエム☆,ロリ Lv.15,15.3,楼梯+耐力+纵连
10819,Chariot,HD Lv.12,12.600002,楼梯
10827,焦糖星,Caramel  Lv.14,14.1,多押+32分
10831,Dawnbreath (α),WM Lv.15,15.400002,楼梯
1084,Hello (BPM) 2023,EZ Lv.17,17.300005,底力+楼梯+高BPM+纵连+叠键+位移+定轨
10841,Warma Is Good,WA Lv.13,12.0,-
10849,The Calling,IN Lv.14,14.0,32分
10855,ASTRO+NYAUT,EEEEZ.-15,15.0,多押+32分+位移
10864,Level ! Remake,FanMade LV.15,15.300001,耐力+纵连
10872,Fade,IN Lv.14,14.500001,楼梯+32分+耐力
10895,QUEEN,IN  Lv.14,14.300001,32分
10981,Yestalgia for Futurity (from FRENZ 2023),脑裂,15.400002,-
10991,AM7:15,IN,10.0999975,读谱
11009,温软宇宙,IN Lv.13,13.200001,32分
11011,Avantgarde,AT LV.15,15.900003,底力+爆发+耐力+位移
11015,Battle Against A True Hero,IN Lv.13,13.0,楼梯+叠键+定轨
11019,Rainy Heart,AT Lv.13,13.500002,楼梯+32分
11036,spicy,7,7.0,多押+32分
11039,LOVE DIVE,5,5.0,32分
11040,Silver Bullet,IN  Lv.15,15.500002,底力+爆发+位移
11061,花人局,IN:13,13.6,楼梯+32分+耐力+叠键
11071,だんご大家族 ,IN Lv.13,13.0,纵连
11075,Particle Arts,IN Lv.14,14.400002,-
11076,MATORYOSHKA,IN Lv.14,14.5,-
11078,ラグトレイン (延误列车),IN Lv.14,14.700003,楼梯+32分
11084,Fantastical Hurricane,IN Lv.12,12.0,高BPM
11109,尊師 ~The Guru~,AT Lv.15,15.599997,楼梯+32分
11113,宛城，炎上！！,IN Lv.16,16.2,底力+多押+楼梯+变速+耐力+纵连+叠键+位移+定轨
11119,幻,IN  Lv.15,15.0,32分+位移
11133,Don't Fight The Music,IN Lv.15,15.200001,位移
11138,所念皆星河,Night Lv.12,12.300001,-
11141,Burgeon,IN Lv.13,13.500002,楼梯+纵连
11148,烏兎,IN Lv.15,15.700003,楼梯+变速
11154,Moments,IN Lv.13,13.7,32分
11155,Xéroa,AT Lv.16+,13.600002,底力+楼梯+变速+耐力+高BPM+纵连+叠键+位移
11174,The Next Arcady,IN Lv.13,13.0,纵连
11194,Wolves Standing Towards Enemies,AT Lv.16,16.500002,楼梯+32分+变速+耐力+位移
11199,春泥棒,IN 14,14.3,纵连+叠键
11205,Symphony Op.1 -CHAOS-,CHAOS Lv.?,15.9,楼梯+32分+耐力+纵连+位移
11213,がんばれ! 蜘蛛子さんのテーマ,AT Lv.16,16.400002,底力+多押+耐力+位移
11222,DEADMAN'S BALLAD,IN Lv.15,15.900003,多押+变速+耐力+纵连+位移
11243,The Nightfall will be Conceal Everything Before Long,IN Lv.15,15.700001,楼梯+纵连
1125,story（《异世界舅舅》op）,IN Lv.13,13.0,32分+高BPM
11268,樱花邮局,IN Lv.14,14.3,-
11286,なかよし!〇!なかよし!,IN Lv.12,12.700003,-
11287,Our New Story,AT Lv.16,16.0,底力+爆发+纵连+位移
11304,Imprinting,IN Lv.15,15.600002,底力+32分+位移
11320,ouroVoros,IN Lv.15,15.700003,底力+楼梯+爆发+叠键
11324,Forever,AT Lv.14,14.400002,多押+32分+位移
11334,Time Leaper,IN  Lv.15,15.0,楼梯
11354,万花筒,lN Lv.15,15.900003,耐力
11356,月夜見,Legacy Lv.14,14.599998,多押+楼梯+32分+定轨
11366,Le Porteur d'Ombre,AT Lv.16+,16.500002,底力+多押+楼梯+32分+变速+耐力+高BPM+位移
11375,PRINCE OF DARKNESS,IN Lv.13,13.1,32分
11387,让风告诉你,IN Lv.12,12.0,-
1139,Nyarlathotep's Dreamland,AT Lv.16,16.800003,底力+爆发+变速+耐力+位移
11416,生きる,IN Lv.14,14.799999,32分
11435,運命線上のアリア,IN Lv.15,15.3,-
11442,Reality Distortion,AT Lv.16,16.6,底力+耐力
11483,巴啦啦小魔仙,IN  Lv.13,13.0,-
11502,De Kieru,AT Lv.16,16.2,多押+32分+变速+耐力+位移
11515,IN,1N Lv.15,15.0,-
11517,Le Porteur d'Ombre,AT Lv.17,17.0,底力+多押+32分+变速+耐力+高BPM+位移
11526,'All-Devouring Narwahl' Boss Theme II,IN LV.15,15.200001,爆发+定轨
11543,Bookmaker（2D Version）,AT Lv.16,16.700003,底力+多押+楼梯+爆发+变速+耐力+位移
11548,とびだせ！TO THE COSMIC!!,IN Lv.14,14.900003,楼梯+32分
11557,超度 -Go Beyond-,AT Lv.16,16.0,多押+32分+变速+耐力+高BPM+位移
11562,Stellar:Dream,IN Lv.15,15.8,多押+纵连
11570,★Hello (BPM) 2021,IN Lv. 16,16.3,底力+多押+楼梯+变速+耐力+高BPM+位移
11577,enchanted love (and the witch's selfish heart),IN Lv.13,13.900003,-
11584,再会 (はるまきごはんVocal ver),IN,13.899999,32分
11585,国士無双,AT Lv.16,16.9,底力+多押+32分+变速+耐力+叠键+位移+定轨
11594,圣诞,IN Lv.13,13.799999,32分
1161,乙女解刨,IN Lv.13,13.399995,-
11611,Skyscape,IN Lv.13,13.5,-
11616,Connected Sky,IN Lv.13,13.0,多押+32分+位移
1162,Big Daddy,IN Lv.15,15.199999,多押+楼梯+纵连
11622,♿the EmpErroR♿,SP  Lv.♿,15.900003,底力+变速+高BPM
11630,夢浮橋 (ユメノウキハシ),IN lv.12,12.600002,-
11646,まっすぐ,IN  Lv.11,11.000001,-
11669,Soleil,IN Lv.14,14.0,楼梯+32分+耐力
11694,Valsqotch,AT Lv.16,16.300001,多押+32分+变速+耐力+位移
11716,End Time,IN Lv.15,15.900001,底力+多押+爆发+耐力+位移
11727,《Ж》(Convergence),IN Lv.15,15.400001,底力+高BPM+位移
11745,Latent Kingdom,IN  Lv.15,15.800003,底力+变速+位移
11749,No.7,IN Lv.15,15.300001,32分+位移
11756,Era Breath,IN  Lv.15,15.800003,底力+多押+楼梯+位移
11765,Silent Answer,IN Lv.14,14.299999,楼梯+32分
11766,0xff,IN Lv.try,14.999999,纵连
11789,Thinkin' About U,IN Lv.15,15.200001,-
11815,Like Naughty Young Pretty Princess....,IN Lv.14,14.700003,爆发
11832,轻涟 La vaguelette,IN Lv.12,12.700003,-
11848,てねてね,HD Lv.11,11.5,-
11855,雨女,IN Lv.14,14.500002,多押+楼梯+32分+耐力
11859,Glazed Color,IN Lv.13,13.7,-
11860,Illegal Deal,IN  Lv.15,15.900003,多押+32分+变速+耐力+高BPM+位移
11861,ロータスイーター,IN Lv.14,14.0,-
11862,Forever loved,IN Lv.14,14.900003,多押+32分+耐力+位移
11865,Fragments,IN Lv.14,14.8,楼梯+32分
11870,Polyommatus,AT Lv.14,14.5,纵连
11880,エゴロック (自我摇滚),IN Lv.14,14.0,高BPM
11888,一重加害,Persecution Lv.14,14.800003,32分
11905,You are the Miserable (Laur Remix),AT Lv.15,15.8,多押+楼梯+32分+耐力+位移
11918,Eltina,IN  Lv.12,12.700003,-
11944,僕が見た世界,IN Lv.13,13.0,-
11946,あさひ (朝阳),IN ：14,14.800003,耐力
11952,悪戯センセーション,IN Lv.15,15.200003,楼梯+32分
11957,The Daybreak Will Never Come Again.,AT Lv.16,16.400002,底力+多押+32分+爆发+变速+耐力+位移
11960,のだ,IN Lv.14,14.6,-
12003,Homestead,IN Lv.14,14.900002,32分
12015,クリスマスなんて興味ないけど,IN Lv.15,12.0,多押+32分+耐力
12032,STEP By STEP UP↑↑↑↑,IN Lv.14,14.1,楼梯+32分
12050,不需等天晴,UK,10.0,多押+楼梯+32分
12054,JACK PT BOSS,IN Lv.14,14.400001,32分
12058,少女A,IN Lv.14,14.599999,-
12060,It's me,IN Lv.14,14.600002,楼梯+32分
1207,Carnival,AT Lv.13,13.600002,-
12072,マシュマリー,IN Lv.14,14.1,多押+楼梯+32分+位移+定轨
12097,Nyan-Dead,FP Lv.14,14.700003,多押+32分+变速+耐力+位移
12118,★超度 -Go Beyond-,IN Lv.15,15.900002,多押+32分+变速+耐力+高BPM+纵连+位移
12121,ジャックポットサッドガール,IN Lv.14,14.0,-
12125,EVE,IN  Lv.14,14.400002,纵连
12126,Ghost Fight,IN  Lv.14,14.300001,-
12132,ouroboros -twin stroke of the end-,IN  Lv.16,16.2,底力+楼梯+爆发+耐力+纵连+位移
12148,幻影,IN lv.14,14.200001,-
12152,If Tomorrow Never Comes,AT Lv.15+,10.0,32分+耐力
12153,魔法少女チノ,IN Lv.13,13.900003,-
12160,★Inverted World,IN Lv. 15,15.5,爆发
12162,Granat,IN Lv.15,15.800002,-
12176,dB doll,EX Lv.14,14.8,-
1218,TruE,Elysia Lv.Story,10.0,多押+32分
12182,Tera I/O,AT Lv.16,16.1,底力+多押+32分+变速+耐力+位移
12187,Travel Begins,IN Lv.15,15.0,耐力
1219,Da Capo,Kiana Lv.K423,423.0,-
12209,モア！ジャンプ！モア！,AT Lv.15,15.600002,32分+耐力
12215,最後,IN Lv.15-,14.899999,-
12226,凄美地,IN Lv.13,13.499998,楼梯+32分
12230,More One Night(Assertive Hardcore Bootleg),IN Lv.14,14.0,多押+32分+变速+位移
12250,絶望性：ヒーロー治療薬,IN Lv.14,14.799999,32分+耐力+纵连
12271,驟雨の狹間,AT Lv.16,16.0,底力+楼梯+爆发+耐力+纵连
12272,Brain Power,IN Lv.14,14.0,底力+纵连
12273,Lunàtixxx Gear,AT lv.15,15.800003,多押+32分+耐力+位移
12275,Don't Die,IN Lv.15,15.1,多押+楼梯+32分+变速+位移+定轨
12277,Imprinting,IN Lv.15,15.400002,爆发
12278,Hey-day狂騒曲(カプリチオ),IN Lv.14,14.0,-
12295,琵琶行（short ver.）,IN Lv.14,14.9,32分
12300,星闪闪月弯弯,IN Lv.11,11.0,纵连
12324,Aishite Aishite Aishite,IN Lv.13,13.000002,-
12342,∀NOMALY ,AT,15.8,底力+耐力
12365,End Time,ET Lv.16,16.0,底力+爆发
12366,S.A.T.E.L.L.I.T.E.,AT Lv.16,16.400002,32分+叠键
12395,二重变革,Influence Lv.14,14.0,32分
12397,夢浮橋 (ユメノウキハシ),IN lv.12,12.599999,-
12399,秋姉妹のなく頃に In the Autumn Sky,IN Lv.13,13.900001,楼梯
12436,XN-X 海王星外天体,IN Lv.14,14.600002,32分
12479,玫瑰少年,IN 13.8,13.8,-
125,Flowers,IN,14.5,楼梯+纵连+定轨
12509,Daylight,Hope Lv.14,14.0,读谱+高BPM
12515,NightTheater,IN Lv.15,15.099999,爆发
12528,汚れっちまった、哀しみに…（笑）,IN  Lv.15,15.700003,32分+高BPM
12554,Dream Flower,IN Lv.14,14.0,楼梯+叠键
12560,Nightglow,IN Lv.K423,423.0,楼梯
12572,我和你,IN Lv.11,11.6,32分
12576,U Miss Me,IN Lv.13,13.6,-
12577,MEGALOVANIA (Camellia Remix),AT,16.0,底力+楼梯+耐力+高BPM+位移
1259,BZenith,IN Lv.15,15.400002,多押+耐力+纵连
126,Internet Overdose,CT,10.0,-
12619,Destiny,IN Lv.15,15.0,爆发
12626,Make Up Your World,AT Lv.15,15.400002,32分+耐力
12647,Desolate Domain [FE2CM Original],IN,13.400001,楼梯+纵连
12649,Forever Young,AT Lv.15,15.0,32分+定轨
12671,STYLEPOINTS,IN Lv.14,14.400001,32分
12681,微观戏剧,Legacy Lv.14,14.200001,-
12705,My Sunset,IN Lv.14,14.900003,耐力
12712,The Amazing Digital Circus Theme,IN Lv.14,14.1,32分
12725,绝望性：ヒーロー治疗薬,IN LV.15,15.300001,多押+32分+变速+耐力+高BPM+位移
12734,raputa,IN Lv.16,16.900003,底力+变速+耐力+高BPM+位移
1275,なにやってもうまくいかない,IN.15,15.0,-
12760,甩葱歌,IN Lv.14,14.0,32分
12765,Equality of Equites,IN Lv.14,14.0,多押
12777,人マニア,IN Lv.14,13.999999,楼梯+32分
12792,アポカリプスなう,IN  Lv.14,14.600002,读谱
128,Ēvocator,AT Lv.17,17.500006,底力+多押+楼梯+32分+变速+耐力+叠键+位移+定轨
12810,World's Smallest Violin,IN Lv.14,14.600002,-
12812,Burn (Haocore Mix),IN Lv.15,15.1,多押+32分+变速+位移+定轨
12817,風のたより,IN lv.14,14.0,32分
12843,天灵灵地灵灵,IN Lv.15,15.500002,多押+32分+变速+耐力+位移
12846,Σvreka,AT Lv.17,17.0,底力+多押+32分+爆发+变速+耐力+叠键+位移
12847,ネオン色のまち feat. Mai,IN Lv.14,14.7,-
12850,We Won't be alone,IN Lv.14,14.900003,-
12856,Dogbite,AT Lv.15,15.1,32分+变速+定轨
12865,始点前夕暮れ,IN Lv.15,15.200001,多押+32分+耐力
12870,I Really Want to Stay at Your House,IN,12.5,读谱
129,浮水净华-Lumo-(Original_Mix),IN,15.900003,-
12933,Night Dancer(Teddyloid Remix),IN Lv.15,15.100004,32分+耐力
12934,ふゆびより,NO.12.8,12.1,-
12956,勘冴えて悔しいわ,IN Lv.13,13.799999,耐力
12964,Acht Streiks,AT Lv.16,16.400002,底力+多押+楼梯+变速+耐力+纵连+位移
12973,Interstellar,IN Lv.15,15.400002,耐力
12989,Sky Blue,IN Lv.15,15.1,楼梯
12993,Moonlight Sonata,IN Lv.16,16.0,底力+32分+爆发+变速+耐力+叠键+位移+定轨
13,Nyarlathotep's Dreamland,AT,16.0,底力+多押+32分+爆发+变速+耐力+叠键+位移
13004,群青,SP  Lv.?,10.0,32分+耐力
13019,The piano,IN Lv.13,13.700003,楼梯+纵连
13024,Twinkle Shower,IN Lv.13,13.0,-
13036,星相运轨-The End of Time-,IN Lv.15,15.0,-
13050,Inverted World,IN Lv.15,15.0,底力+多押+爆发+位移
13065,8bit Voyager,AT Lv.16,16.0,楼梯+变速+纵连+叠键
13067,Avantgarde,AT Lv.16+,16.900003,底力+爆发+变速+耐力+叠键+位移
13072,Spin Eternally,IN Lv.16,16.2,底力+多押+32分+变速+耐力+高BPM+位移
13082,★Star Fall in Evernight City,AT  Lv.15,15.400002,多押+楼梯+32分
13085,心如止水,IN Lv.13,13.0,-
13087,超度 -Go Beyond-,AT Lv.16,16.2,底力+多押+32分+变速+耐力+高BPM+叠键+位移
13096,The Lost Aria,IN Lv.14,14.200003,-
13099,Rhythm Hell,IN Lv.Hell,20.0,32分+高BPM
131,Cryheart,IN Lv.14,14.400002,-
13103,See You Again,IN Lv.14,14.099999,楼梯+纵连
13109,Lavender Leaf (fate.Lexi),IN Lv.14,14.900001,-
13110,Aurora,FM Lv.15,15.300001,爆发+位移
13122,Niebelungen,AT  Lv.16,16.400002,底力+多押+32分+爆发+变速+耐力+位移
13128,Hurt Myself,IN Lv.15,15.200001,32分
13131,Ascension to Heaven,AT Lv.16+,16.800001,底力+多押+爆发+耐力+位移+定轨
13134,Rebirth of the MYTH,IN Lv.15,15.1,-
13140,Chrono,SP Lv.2024,2024.0,楼梯+爆发+变速+位移
13145,K,RE:IN Lv.14,14.400002,32分+定轨
13149,Timeline,IN Lv.15,15.0,底力+爆发
13160,我需要更多黑塔,IN Lv.7,17.7,-
13170,Cαηnec/ioη,IN,15.000001,楼梯+耐力
13178,狂虐の乐,　,10.0,底力+爆发+变速+耐力+纵连
13185,Shooting Stars,IN Lv.13,13.400002,-
13186,ずるいよMagnetic today (好狡猾哦Magnetic today),IN Lv.15,15.300005,-
1320,コネクト(Connect),IN Lv.12,12.1,-
13205,folern,IN Lv.15,15.700003,多押+耐力+位移
13207,If Only You,IN Lv.13,13.0,耐力
13210,Sacramentum Unaccompanied Hymn for Torino,HD Lv.9,8.999999,-
13223,Battle Against A True Hero,IN Lv.14,14.200001,-
13235,Euphoria(feat. Tsugumi Nagahara),IN Lv.15,15.400002,32分
13236,来闹放克（MMM）,HD Lv.11,11.200005,-
13237,Get 'em up to R.A.V.E.,IN Lv.14,14.900001,-
1325,グランドエスケープ,WEATHER Lv.12,12.0,-
13256,Daydream café,IN Lv.13,19.6,32分
13265,Doppelganger,AT Lv.16,16.800001,底力+变速
13297,Shizuku,IN Lv.14,14.6,32分
13303,By Your Side,IN Lv.14,14.3,-
13306,重音テトSV】萨卡萨卡班班甲鱼鱼,SP Lv.?,12.7,多押+32分+位移
13318,Super Universe (Knighthood Remix.),IN  Lv.15,15.8,底力+多押+变速+耐力+位移+定轨
1332,Super Fructose,FURRY Lv.14,14.9,多押+32分+读谱+高BPM+叠键
13332,Eligos,IN Lv.16,16.2,底力+变速+耐力+高BPM+定轨
1334,Mystery Circles Ultra,AT Lv.16,16.800001,底力+楼梯+32分+变速+耐力+叠键
13349,Love's Oracle,IN Lv.13,13.0,32分
13363,チルノのパーフェクトさんすう教室,IN Lv.14,14.800003,多押+位移
13364,PUPA (uma Remix),SP Lv.15,15.299999,底力+爆发+位移
13365,End Time,HD Lv.11,11.900001,爆发
13366,Astronomia(美國空軍 a.k.a Daily Mix),RE Lv.15,15.600002,多押+楼梯+32分
13368,爆炸性新闻！-Breaking News!-,IN Lv.12i,13.7,32分
13370,紅蓮華,IN Lv.14,14.800003,32分+纵连
13376,What's up? Pop!,AT Lv.龙,16.600002,底力+多押+楼梯+32分+变速+耐力+位移
13395,R.I.P.,IN Lv.15,15.400002,-
13397,Lights of Muse,IN ,14.900001,底力+爆发
13414,透明な惑星,EX 13,13.500001,-
13419,一梦千宵,AN Lv.15,15.0,-
13425,Roki (ロキ),ROKI Lv.14,14.299999,-
13431,硝华流焰,IN Lv.15,15.1,楼梯+32分
13444,色は匂へど 散りぬるを (花朵艳丽 终会散落),IN Lv.14,14.400005,32分
13445,Epicram,IN Lv.15,15.0,-
13446,月光,EZ Lv.6,6.4999967,-
13496,神のまにまに,IN Lv.14,14.100001,32分+纵连+位移
13503,窒碍难行,AT Lv.15,15.1,-
13507,Manifold Hypothesis,IN Lv.14,14.800003,楼梯
13550,Fragrance,AT,14.0,-
13551,NEW OLD SOV,14,14.500001,纵连
13589,踏山河,IN Lv.14,14.0,-
13599,Last Paradise,IN Lv.13,13.200019,楼梯+纵连
1360,Shizuku (feat. NEONA),IN Lv.14,14.0,楼梯
13608,Elpis,IN Lv.15,16.0,底力+楼梯+32分+耐力+叠键+位移
13617,啊呦啊呦,IN Lv.12,12.499998,楼梯+32分
13625,Sparkle New Life,AT Lv.15,15.7,32分
13722,再会,IN Lv.14,14.2,-
13751,Microburst,IN Lv.13,18.4,楼梯
13769,Diamond Eyes,FM Lv.13,13.599995,32分+叠键
13775,Unwelcome School,SP Lv.?,10.0,底力+多押+楼梯+变速+耐力+纵连+位移
13780,Nyarlathotep's Dreamland,dreamland Lv.16,16.0,底力+爆发+耐力+位移
13782,enchanted love,IN LV.14,14.2,-
13789,GALACTIC WARZONE,IN Lv.15,15.800003,楼梯+变速+纵连+位移+定轨
13792,渡月橋 ～君 想ふ～ (渡月桥~思君~),IN Lv.14,14.5,32分
13795,銀世廻 -Alternative-,IN Lv.15,15.1,楼梯+32分
13797,Lanterns,IN Lv.14,14.0,耐力
13799,GOODTEK,AT Lv.14,14.700001,-
13828,胡桃嗷（2.0）,IN.lv.15,15.400002,-
13839,WATER,IN ,14.199998,32分
13849,The Saltwater Room,Lv.13,13.400002,-
13867,TiamaT:F minor,IN Lv.16,16.2,底力+变速+耐力+高BPM+纵连+位移+定轨
13875,勇者,IN Lv.14,14.200001,-
13879,走吉歌,IN Lv.14,14.5,楼梯
13884,斷劍の獄,IN Lv.15,15.2,底力+爆发
13885,Meltdown,IN Lv.13,13.600002,-
13918,再次与你同行,Bear.10,13.6,纵连
13920,ぱつぱらっぱ·ぴよよ～～んTEA,IN Lv.15,15.500002,变速+定轨
1394,ただ声一つ,IN Lv.13,13.0,定轨
13961,Fading Sky,IN Lv.14,14.3,楼梯
13962,Waterfalls,EX Lv. 14,14.900001,-
13967,enchanted love,IN Lv.13,13.500002,-
13969,CENSORED!!,IN Lv.15,15.600005,多押+楼梯
13986,Save Me,IN Lv.13,13.0,楼梯
13989,ただ声一つ,IN  Lv.13,13.0,-
140,Keep Going,FM,13.200001,多押+楼梯+纵连
1402,R.I.P.,IN Lv.15,15.0,多押+定轨
14034,ふわり,AT Lv.14,15.099999,多押+32分
14050,月虹蝶,IN Lv.14,14.500002,32分
14105,Realise,IN Lv.14,14.900001,楼梯+纵连
14133,ナイト・オブ・ナイツ,IN Lv.15,15.3,-
14141,Avantgarde,AT Lv.16,16.000029,底力+爆发+变速+耐力+叠键+位移+定轨
14143,「僕は…」,IN lv.14,14.200001,32分
14172,SolarOrbit-Connected with the Espabrother-,IN  Lv.15,15.500001,底力+爆发+高BPM+位移
14191,BLACK SWAN,IN Lv.15,15.200001,-
14192,VorpΛlize,AT  Lv.17,17.0,底力+多押+32分+变速+耐力+高BPM+位移+定轨
14203,パリピフラン,IN Lv.14,14.900003,-
14273,Thriving dawn,IN,13.800001,-
14286,Change (feat. Zach Callison) (From: Steven Universe),IN Lv.11,11.000004,楼梯
14288,GALACTIC WARZONE,EZ Lv.7,6.9999976,纵连
14289,Unlimated image world,SP Lv.14,14.900006,位移+定轨
14291,三重爱恋,Erotomanic Lv.14,14.200001,32分
14311,Shinonome,IN Lv.15,15.0,32分+位移
1432,Alteregoism,AT Lv.16,16.800003,底力+多押+32分+变速+耐力+高BPM+叠键+位移+定轨
14322,Aoharu Band Arrange,IN Lv.13,13.6,爆发
14347,不眠之夜,IN Lv.12,12.800003,32分
14349,うまぴょい伝説/,IN Lv.14,14.600002,-
14357,The Nightfall will be Conceal Everything Before Long.,IN Lv.15,15.700003,爆发+位移+定轨
14380,Bunny Bunny Carrot Carrot,IN Lv.15,15.400002,-
14383,Only Lonely,IN Lv.13,13.600002,-
14400,不眠之夜 WHITE NIGHT,IN Lv.13,13.900003,-
14409,ぱっぱらっぱ·ぴよよ～～んTEA,IN lv.15,15.300001,多押+32分+变速+位移
14410,夏野与暗恋,IN Lv.13,13.200001,-
14429,Villain Virus,IN Lv.15,15.900003,32分+变速+耐力+高BPM+位移
14433,Eternal Twilight,♡ Lv.12,12.2,-
14438,Realms,IN Lv.14,14.0,爆发+纵连
14449,不眠之夜,IN Lv.13,13.400002,-
14451,B.B.K.K.B.K.K.,IN Lv.14,14.0,-
14454,INTERNET YAMERO,AT Lv.16,16.2,32分+变速+耐力+纵连+叠键+位移+定轨
14458,新•轮回尘世,AT Lv.14,14.400002,-
14480,≠ (Over Limit),AT Lv.16,16.800003,底力+多押+楼梯+32分+变速+耐力+高BPM+纵连+叠键+位移+定轨
14483,オーバーライド (Override),IN,15.7,-
14485,不眠之夜,IN Lv.14,14.0,-
14488,Are You Lost,The Lost Self `12,12.300001,-
1449,Sterelogue,IN Lv.14,14.200001,-
14504,Trojan,SP Lv.?,10.0,叠键
14505,WHITE NIGHT,IN Lv.13,13.500002,32分
1454,Masquerade,IN Lv.13,13.800003,-
14550,恋のうた,IN 14,14.099998,-
14553,Color your night,Night Lv.5,5.1,-
14569,新幹線でひたすら後ろの子供に席蹴られるリ,IN Lv.14,14.400002,定轨
14572,Kick Back (Tv Size),IN Lv.13,13.499998,纵连
14573,Inverted World,AT Lv.15,15.7,底力+爆发+耐力+纵连+位移
14600,How To Make 音ゲ～曲！,IN Lv.15,15.300001,底力+爆发+耐力+纵连
14602,星降る夜と一輪の花,IN Lv.14,14.2,-
14607,Re: End of a Dream,IN Lv.16,16.400002,底力+多押+变速+耐力+高BPM+位移
14618,GOD STRIKE,IN Lv.15,15.200001,爆发+耐力+纵连
14621,芒种,IN Lv.14,14.800003,楼梯
14622,多分、風,IN Lv.14,14.900002,32分+耐力
14624,ふわり,IN Lv.14,13.999992,多押+楼梯+32分
14649,ニニ,IN Lv.14,14.300001,32分
14688,Fly Again,IN Lv.15,15.200001,-
14690,春节序曲remix,IN.14,14.0,多押+楼梯+32分+变速+位移
14694,Something Comforting,IN Lv.14,14.1,32分
14698,近尘烟,IN  Lv.13,13.800003,-
14707,Re:End of a Dream,AT Lv.16,16.2,底力+多押+变速+耐力+高BPM+位移
14722,Oshama Scarmble!,IN Lv.15,15.200001,楼梯
14725,独りんぼエンヴィー,IN Lv.14,14.199998,-
14748,霜烈竞逐 Nippy Bout,IN Lv.14,14.0,楼梯+纵连
14751,Aじゃないか feat. 初音ミク・鏡音リン,IN  Lv.15,15.300001,-
14765,the Emperror (Full ver.),AT Lv.16.5,16.500002,底力+多押+耐力+高BPM+位移
14769,Selfmade Disaster,HD Lv.13,12.3,楼梯+高BPM
14773,ハ ー ド コ ア ・ シン ド ロ ー ム,HC Lv.15,15.900003,-
14776,Felys(final remix),IN Lv.15,15.0,耐力
14782,你真的好弔,IN Lv.13,13.700003,-
14791,"zeke didn't ""invent dariacore"", i did",IN Lv.15,15.200001,-
14831,KING,IN Lv.14,14.1,多押+楼梯+32分+变速
14867,フォーリーバンジー,IN  Lv.14,14.800003,-
1487,Pure Ruby,IN Lv. 14,14.0,爆发
14872,From Star To Stardust,IN Lv.15,15.600001,32分
14873,QQ,AT Lv.16,15.9,底力+楼梯+32分+变速+位移
14876,世界樹の約束,IN Lv.14+,15.000004,高BPM
14877,Flower Dance,FM Lv.14,14.3,-
14884,Last Dance,IN Lv.15,15.6,32分+耐力
14912,Travel Begins,IN Lv.15,15.600002,多押+32分+变速
14919,Sweet Requiem,IN Lv.15,15.799999,底力+多押+耐力+位移
14940,可爱补习法,IN Lv.14,14.400002,-
14950,PUPA,IN Lv.15,15.600002,底力+位移
14954,Hi,Where AT Lv.Where,10.0,-
14958,Alibi(Far Out Remix),HD Lv.12,12.9,-
14965,"G.V.N.(Glitter,Vomitus and Neon)",FM Lv.15,15.600002,底力+楼梯+爆发
14970,Ouvertüre,IN Lv.16,16.300003,楼梯+32分+变速+位移
14978,ヘルシーエンド,IN  Lv.12,12.800003,32分
15005,超级无敌QQ拳,IN Lv.14,14.300001,楼梯
15019,Astaroth,AT Lv.16,16.600002,底力+多押+读谱+变速+耐力+位移
1502,斷劍の獄,IN Lv.15,15.0,底力+楼梯+爆发+位移
15034,DREAM,EZ Lv.2,2.4999995,-
15035,Toy War,IN Lv.14,14.200001,底力+爆发+位移+定轨
15036,鼠鼠生风,IN Lv.13,13.500002,纵连+位移
15037,cry cry,IN Lv.13,13.600002,32分
15038,5ANK41!,IN LV.14,14.0,楼梯
15062,十拳剣,IN  Lv.15,15.900003,底力+楼梯+高BPM+叠键
15063,Tukuyomi,IN Lv.14,14.399998,楼梯+纵连+位移+定轨
15071,Re:me<<Vide Finis>>,IN Lv.14,14.400002,多押+耐力+位移
15072,Revenant,IN  Lv.15,15.800003,楼梯+变速
15075,Bl∞dmoon,AT Lv.16,16.2,底力+多押+楼梯+32分+变速+耐力+位移+定轨
15076,Exitium,AT Lv.17,17.800007,底力+多押+变速+耐力+高BPM+位移
15077,Skydive,IN Lv.14,14.600002,32分
15078,Ars Cantate,AT  Lv.16,16.800001,底力+32分+耐力
15089,使一颗心免于哀伤,IN Lv.12,12.0,-
15103,China-X,SP. Lv.Festival,14.300001,32分
15110,Eviternity,IN Lv.16,16.2,底力+多押+耐力+高BPM+位移
15128,BLVST BEVT,IN Lv.14,14.200001,爆发+位移+定轨
15130,Raven Emperor,IN Lv.15,15.500002,32分+变速
15141,Rakiraki Rebuilders！,New Year,16.0,变速+位移
15144,Duplicity Shade,IN 17.27*,17.2,底力+多押+32分+变速+耐力+叠键+位移
15148,不毛！,IN  Lv.14,14.400002,32分
15158,Avys,IN Lv.15,15.400002,底力+楼梯
15163,Glow,NY Lv.2024,14.399999,-
15170,Firmament Star,IN  Lv.15,15.400002,底力+爆发+位移
15188,时光盲盒,Reunion Lv.?,12.8,32分
15195,ALL MY FELLAS (FRIZKY),IN Lv.15 ,15.800003,-
15201,花月夜,IN LV.14,14.0,-
15205,Wolves Standing Towards Enemies,IN Lv.15,15.0,楼梯+爆发+耐力
15213,Ark in the Blood Sky,AT Lv.15,15.800003,多押+32分+位移
1522,Miku Pipebomb Reharm,IN Lv.12,12.500002,32分
15222,Sky(Radio Edit),IN Lv.14,14.0,-
15232,熱帯夜の祭り,FL Lv.14,14.200001,-
15240,打上花火,Firework Lv.13,13.900003,楼梯
15253,Abgrund,FM Lv.14,14.300001,楼梯+纵连
15272,Classical Suite,AT Lv.14,14.700003,叠键
15281,CYBER NEW YEAR(春节序曲 bobawhale remix),NEW Lv.2024,16.1,-
15304,不眠之夜,IN LV.13,13.0,32分
15310,Singulattack,IN Lv.14,14.600002,32分
15315,Beijing,BJ LV.12,12.0,32分
15318,Fantastic Conflict,at14,14.5,-
15322,DJ序曲,IN.14,20.0,底力+多押+楼梯+32分+变速
15330,神のまにまに,IN Lv.14,14.3,耐力
15336,folern,IN Lv.15,15.7,底力+多押+变速+耐力+位移
15354,fantasy world,13,13.0,楼梯
15386,self-dissociation,IN Lv.15,15.300001,楼梯+叠键
15390,Beyond the Sky,IN Lv. 13,13.0,-
15416,I,AT  Lv.16,16.500002,底力+楼梯+爆发+变速+高BPM+位移
15418,人マニア,IN Lv.14,14.3,-
15453,inhuman,IN Lv.13,13.200001,-
15473,Aoharu,IN Lv.14,14.100012,纵连
15489,Vertigo,IN Lv.15,15.200001,楼梯+32分+变速+位移+定轨
15496,Hello (BPM) 2024,AT Lv.16,16.2,底力+楼梯+变速+耐力+高BPM+叠键+位移
15518,By Your Side,AT Lv.14,14.9,-
15540,8番出口,EXIT Lv.13,13.400002,32分
15545,LOSER,IN Lv.13,13.200001,-
15547,Between Boundaries,AT Lv.16,16.0,多押+32分+位移+定轨
15569,Never Give Up,AT Lv.15,15.500002,多押+32分+耐力+叠键
15581,桃花庵,IN Lv.12,12.500002,-
15590,Is This REAL？,IN  Lv.12,12.900001,-
15601,刹那の誓い(feat.由崎司) ,FM,15.3,楼梯+耐力
15609,《Ж》,AT Lv.17,17.1,底力+多押+32分+变速+耐力+高BPM
15613,青く駆けろ！(feat.初音ミク),IN  Lv.15,15.0,多押+耐力
15643,Miracle Romance,IN Lv.14,14.400002,多押+楼梯+32分
15654,MAYDAY,IN Lv.13,13.300001,-
15657,Era Breath,IN Lv.15,15.0,底力+多押+位移
15667,Brave Shine,0,15.1,楼梯+32分+耐力
15685,Sunshine,AT Lv.16,16.500002,底力+多押+32分+爆发+变速+耐力+位移
157,钢琴-アイデン貞貞メルトダウン,hd,8.0,楼梯+纵连
15712,Ark in the Blood Sky,IN Lv.15,15.400002,底力+楼梯+爆发+位移
15713,下一个远方,IN Lv.13,13.400002,-
15720,From The Light To The Darkness,IN Lv.15,15.0,32分
15722,Glitch Street (ARForest Remix),IN Lv.15,15.600002,底力+爆发
15726,Skyfall,IN  Lv.13,13.900003,楼梯
15728,Destr0yer,IN  Lv.15,15.1,楼梯+叠键
15729,Re：End of a Dream,FM Lv.15,15.600002,高BPM
15735,Doki Doki PE Group! (Part.1),SKY Part.1,1.0,-
15736,Doki Doki PE Group!(Part.2),SKY Part.2,2.0,底力+爆发+纵连+定轨
15737,色違いの翼,IN14,14.200001,-
15751,Fractured Angel,IN Lv.15,15.2,底力+楼梯+高BPM+定轨
15753,Butterfly Twist,IN  Lv.14,14.500002,-
15756,Brand New Day,IN Lv.14,14.599999,-
15759,云宫迅音,IN Lv.13,13.600002,楼梯
15777,曖昧トリップ,IN Lv.14,14.300001,32分
15778,Doki Otome,AT  Lv.15,15.700003,多押+楼梯+爆发+耐力+位移
15781,宵々古今,IN15,15.0,楼梯+耐力+纵连
1579,Raw Unfilltered Calamity,IN Lv.14,14.400002,-
15828,伪音物语,IN Lv.13,6.9999995,-
15840,ニュートンダンス,IN Lv.14,14.800003,32分
15851,ZhiΓeLia,IN Lv.15,15.600002,32分+高BPM+定轨
15863,如果只转身后退就能回到那个夏天？,SP Lv. ?,14.000002,-
15885,絶対敵対メチャキライヤー,IN Lv.14,14.5,32分
15901,夜に駆ける,IN Lv.13,13.0,叠键
15906,Vanitas ac Redemptionis,IN  Lv.14,14.300001,纵连
15927,一番の宝物,AB Lv.小奏,10.0,楼梯
15949,刹那の誓い,AT14,14.500001,32分+纵连
15959,リテラチュア（翻自 上田麗奈）,IN Lv.12,12.400002,楼梯
15973,ΣmbryØ,AT Lv.16,16.4,底力+多押+32分+变速+耐力+高BPM+位移+定轨
15975,Sister's Noise,IN Lv.13,13.3,-
15988,-1,IN Lv.15,15.6,底力+爆发+位移
15991,空間創造理論,IN Lv.14,14.9000025,-
160,春娇与志明,IN,14.0,-
16001,Pursue,IN Lv.14,14.0,-
16002,Latent Kingdom,AT Lv.16,16.7,底力+32分+变速+耐力+位移
16012,Party People,IN Lv.14,14.800003,楼梯
16026,絶対零度 feat.Cereus,IN Lv.14,14.0,32分+耐力
16056,DUAL BREAKER XX,IN Lv.15,10.0,楼梯+变速+纵连
16063,Diamond Eyes,EX Lv. 13,13.8,楼梯+32分
1608,宿星審判,AT Lv.16,16.500002,底力+楼梯
16090,アイドル,IN Lv.15,15.600002,32分
16108,寒光裂涛,IN,14.999997,-
16112,花に亡霊,IN Lv.14,14.0,-
16117,Brake System,AT Lv.15,15.600002,楼梯+变速+纵连+位移
16119,666,AT Lv.16,16.500002,底力+多押+32分+爆发+变速+耐力+位移
16147,あんたにあっかんべ,IN Lv.14,14.0,-
16148,Seraphim,AT Lv.16,16.400002,底力+多押+楼梯+32分+变速+耐力+位移
16150,Straight into the lights,IN Lv.16,16.3,多押+楼梯
16166,World.execute (me),IN Lv.13,13.200005,楼梯+纵连
16170,morning dew(game.ver),MD-EX-14,14.599999,32分+纵连
162,Crossing Delta,AT,16.2,多押+楼梯+变速+耐力+位移
16221,Drown(Alle Farben Remix),HD Lv.12,12.800007,-
16224,Heart Forecast,IN Lv.14,14.6,-
16225,Unlimited Hyperlink ,AT Lv.17,17.2,底力+多押+32分+变速+耐力+高BPM+叠键+位移
16237,Searching for Your Love,IN 13,13.0,楼梯
16253,离别开出花,IN Lv.12,12.0,-
16280,Fly Again,IN Lv.14,14.0,-
16289,Aphasia,FM Lv.13,13.500002,32分
16291,Shinonome,AT Lv.16,16.1,楼梯+32分+变速+位移+定轨
16298,ぐだふわエブリデ,IN Lv.13,13.0,-
16304,Meta-Mysteria,AT Lv.17,17.000004,底力+32分+变速+位移
16305,Re: End of a Dream,AT  Lv.16,16.700003,底力+多押+32分+变速+耐力+高BPM+位移
16332,OTTAMA GAZER,IN  Lv.14,14.500002,-
16344,[X],IN Lv.16,16.200005,多押+楼梯+32分+变速+叠键+定轨
16345,Fly Again,IN Lv.13,13.200001,-
16367,Universal Collapse,Infernum Lv.15,15.0,变速+耐力
16368,うたかたのせかいで,AT Lv.15,15.9,底力+32分+耐力+高BPM
16369,提灯游-雪狐桑&黎歌Neeko的翻唱,IN lv.14,14.1,32分
16378,Goal Wo Nerae!,IN  Lv.14,14.400002,32分
16392,跳动之城,IN lv.14,14.8,楼梯+纵连+叠键
16393,Grace,IN Lv.?,15.8,楼梯
16403,envy baby(エンヴィーベイビー),AT Lv.14,14.300001,-
16405,匿名M,IN Lv.14,14.5,32分
16410,Skystrike,IN Lv.15,15.0,纵连
16417,Super Nova Project,AT Lv.15,15.0,32分+耐力
16418,恋ひ恋う縁,HD Lv.10,10.0,-
16420,ロキ,IN Lv.14,14.0,-
16437,Whispers from a Distant Star,IN Lv.15,15.1,爆发
16486,Unity,AT Lv.15,15.200001,耐力+纵连
16488,せかいのすべて,♡ LV. 13,13.1,-
16490,Liberation from oppression,AT Lv.15,15.8,底力+多押+32分+变速+耐力+位移
16495,阳光开朗大男孩,IN Lv.13,13.300001,多押+32分
1652,バグ,IN Lv.14,14.8,多押+32分+变速+耐力+位移
16521,幽雅に咲かせ、墨染の桜 ~ Border of Life,IN Lv.14,14.8,多押+楼梯+32分+变速+位移
16533,ラビットホール(兔子洞),IN Lv.15,15.900001,多押+32分+耐力+纵连+位移
16540,うみなおし,AT Lv.15,15.0,耐力
16547,Panopticon,SP Lv.?,10.0,纵连
16560,ur name,IN.14？,14.500002,-
16561,又三郎,IN  Lv.15,15.7,多押+32分+变速+耐力
16562,Vortex,IN Lv.15,15.5,32分
16572,アゲイン,IN,14.5,-
16581,Lost in the nowhere,IN,15.2,爆发+位移
16589,BREaK! BREaK! BREaK!,IN Lv.15,15.600002,爆发
16590,★Shizuku,IN Lv. 14,14.9,楼梯
16592,宙でおやすみ,IN Lv.15,15.100004,-
1660,可愛くてごめん,ごめん Lv.15,15.0,多押+楼梯+32分+耐力
16604,Thriving dawn,HD Lv.9,9.0,-
16605,2021.Start,IN.Lv13,13.0,楼梯+读谱+纵连
16632,Ars Cantate,AT Lv.16,16.400002,多押+32分+变速+耐力+叠键+位移
16634,Oshama Scramble! (Cranky Remix),SP Lv.15,15.700003,楼梯+32分+纵连+叠键+位移
16640,風のたより,IN Lv.11,11.800003,-
16663,感傷幽霊,IN Lv.13,13.700003,楼梯
16671,My Sky,AT,15.200001,32分
16681,ΤεμπεΣΤ,IN Lv.15,15.800003,底力+多押+楼梯+纵连+位移
16686,星河一天,IN  Lv.15,15.500004,底力+爆发+高BPM
16690,astral.exe,¿ Lv.15,15.6,爆发+叠键
16691,Finger Breaker,IN Lv.14,14.700001,底力+爆发+位移
16697,Skyfall,IN  Lv.13,13.900003,楼梯
16705,Unlimited Hyperlink,AT Lv.16,16.300001,底力+多押+楼梯+变速+耐力+高BPM+位移
16707,独角戏,AT Lv.15,15.0,楼梯+32分+纵连
16709,眼泪,VC Lv.15,15.300001,耐力
16711,Inverted Forest,PhiTaeno Lv.13,13.000001,底力+高BPM
16717,Forever,IN Lv.13,13.300001,-
16725,三澤紗千香 - リンクス 某科学的超电磁炮S ED2,11,11.0,楼梯
16726,HIGH,IN Lv.14,14.500002,32分
16735,悔やむと書いてミライ,IN Lv.13,13.0,-
16739,Aurora,IN Lv.15,15.5,变速+位移
1674,光与影,IN Lv.14,14.500002,多押+32分
16751,系ぎて,AT,16.000006,底力+爆发+耐力+位移
16754,ほしのおとしもの,IN   Lv.14,14.0,位移
16758,How To Make 音ゲ～曲!,IN Lv.15,15.5,楼梯+32分+变速+位移
16759,勇者,AT Lv.15,15.400002,-
16763,IMPACT,AT Lv.16,16.1,多押+32分+变速+耐力+叠键+位移
16766,Access Denied,HD Lv.11,11.800003,32分
16774,Distorted Heavens,IN Lv.15,15.600002,位移
16789,うっせぇわ,IN Lv.14,14.600002,楼梯+32分
16796,Unlock the Blacksky (feat. blaxervant),IN Lv.15,15.800003,多押+32分+变速+耐力+位移
16805,outcry,IN Lv.14,14.200001,纵连
16816,天空の城ヴェリエル,AT Lv.18,18.000004,底力+多押+爆发+变速+耐力+高BPM+位移+定轨
16820,Termination of Desires,HD Lv.14,14.8,楼梯
16861,Forget,Pogo. 13,13.599998,楼梯
16864,Go Escape,AT  Lv.15,15.600002,底力+楼梯+耐力+纵连+位移
16865,intersect thunderbolt,IN Lv.16,16.300001,底力+多押+变速+耐力+高BPM+位移
16880,超度 -Go Beyond-,AT LV.16,16.9,底力+多押+32分+变速+耐力+位移
16890,Ascension to Heaven,IN Lv.15,15.500002,底力+爆发+位移
16894,Windfall,IN Lv.15,15.0,楼梯
16899,马云你听teto说,MY Lv.?,14.9,32分+变速+位移
16942,『GOD’S SIGH』,IN Lv.13,13.400002,32分
16946,きゅうくらりん,IN Lv.15,15.400002,耐力
16954,蒲公英的约定 节选,IN Lv.12,12.900003,32分
16999,PЦPΛ,R L^.18,18.0,底力+32分+变速+耐力+纵连+位移+定轨
17024,Flash Back 90's,Fm Lv.15,15.600002,-
17027,GOODRAGE(Extended Cut Mix),IN Lv.15,15.100004,高BPM+纵连
17037,★驟雨の狭間,IN Lv.15,15.800003,底力+爆发+耐力
17039,ラビットホール(兔子洞),IN Lv.14,14.699999,多押+32分
17048,Eventide,IN Lv.14,14.6,-
17060,Absolute Perfection,IN Lv.14,14.200001,楼梯+变速
17068,卡农/优化,IN Lv 13,13.0999975,楼梯+爆发+变速+纵连
17072,tape/stop/night,IN Lv.13,13.800003,32分
17075,Particle Arts,PT 1 year,15.0,-
17076,Scorpion Girl,IN Lv.14,14.8,爆发
17078,Dragonflame,IN Lv.14,14.0,32分
17079,Dragonflame,HD Lv.12,12.0,-
17080,Dragonflame,EZ Lv.6,6.0,-
17086,龙武同舟~Theme,IN Lv.14,14.700001,-
17088,Lonelytopaz,IN Lv.15,15.800026,32分+变速
17092,トキラキメキ,IN Lv.14,14.7,-
17098,星茶会,IN Lv.15,15.1,32分
17126,moonlight,IN Lv.14,14.1,底力+爆发+位移
17139,HALO（Legacy谱面）,Legacy Lv.16,16.100002,底力+多押+爆发+变速+耐力+叠键+位移
17156,Bad Apple!! feat.nomico (REDALiCE Remix),IN Lv.14,14.900001,底力+爆发+位移
17158,Fairy Stage,IN Lv.13,13.700003,多押+32分+高BPM+定轨
17159,We Could Get More Machinegun Psystyle! -And More Genre Switches-,IN Lv.15,15.700003,底力+爆发+耐力+高BPM+位移
17163,Falsum Atlantis.,IN Lv.15,15.800003,底力+爆发
17167,Flarebirds of Scarlet Prism,IN Lv.15,15.700003,底力+32分+变速+位移
17188,Altale,IN Lv.13,13.499999,楼梯+32分
17197,Poison (Hazbin Hotel Original Soundtrack),SP Lv.14,14.400001,楼梯
17233,Don't Fight The Music,AT Lv.16,16.0,底力+位移
17240,やっぱり天使なんていなかったね (feat. Aiobahn),IN Lv.11,11.0,32分
17243,Birdsong,IN Lv.14,14.600002,楼梯+32分
17250,Water,IN Lv.13,13.0,32分
17267,RENDA JOCEKY,AT Lv.16,16.2,底力+爆发+变速+耐力+纵连+叠键
17278,鹿be free,IN Lv.13,12.900004,-
17287,THE EARTH,SP Lv.15,15.700024,-
173,隔岸 (DJ完整版),FM,13.299996,32分
17303,Le Porteur d'Ombre,AT Lv.16+,16.700003,底力+多押+32分+读谱+变速+耐力+高BPM+位移+定轨
17304,Frey's Philosophy,IN Lv.15,15.200001,纵连
17308,混沌を越えし我らが神聖なる調律主を讃えよ,AT Lv.16,16.6,底力+多押+32分+变速+耐力+高BPM+位移
17330,Eternal reality 某科学的超电磁炮S  OP2,13,13.000004,-
17338,NEUTRON SANDBOX,AT Lv.16,16.300001,底力+多押+32分+变速+耐力+高BPM+位移+定轨
17346,QUON,IN Lv.15,15.0,楼梯
17347,Danger,AT Lv.15,15.0,楼梯+纵连
17357,Shelter,ST Lv.14,14.700003,-
17358,Команда,HD Lv.11,11.899996,-
1738,イルミナティ,IN Lv.15+,15.8,底力+变速+高BPM+位移
17382,PUPA,AT Lv.16,16.500002,底力+32分+变速+位移
174,ガヴリールドロップキック,Gabriel,13.0,32分
17409,Quo Vadis,IN Lv.14,14.0,-
17422,Revenant,FIXED Lv.16,16.700003,底力+多押+楼梯+32分+变速+耐力+纵连+位移
17432,流星のパルス,Hoshi Lv.⭐,15.000001,多押+32分+变速
17439,A Clock,In Lv.14,14.400001,32分
17447,夢難尋Ⅱ,AT Lv.15,15.800003,楼梯+32分
17458,Shinonome,IN Lv.15,15.400002,楼梯+纵连
17468,葬花,FORGET Lv.13,13.400002,-
17470,狂飙,IN Lv.14,14.700003,-
17479,Emergency2,WAW Lv.15,15.6,爆发+位移+定轨
17481,Breakcore革命前夜,IN Lv.16,16.0,底力+多押+变速+耐力+高BPM+位移
17502,微茫,IN Lv.13,13.5,-
17522,Tired,IN Lv.12,12.0,-
17537,"""All-Devouring Narwahl"" Battle Theme Ⅱ",IN Lv.15,15.300001,底力+楼梯+爆发+变速
1754,阳光彩虹小白马,IN,14.200002,楼梯
17554,Be The One,IN Lv.13,13.0,楼梯+32分
17562,Find_Me,AT Lv.14,14.600002,多押+32分
17563,欺凌游戏 live,"IN Lv.""13""",10.0,楼梯
17565,散り散り,IN Lv.15,15.800024,-
17568,Speculation,AT Lv.16,16.500002,32分+变速+耐力+叠键+位移
17569,再次与你同行,IN,12.7,-
1757,Originally,IN Lv.15,15.200001,-
17570,四重罪孽,Guiltiness Lv.14,14.800003,32分+耐力
17574,Chronostasis,EX Lv.15,15.9,底力+楼梯+爆发+位移
17580,生人勿近,IN 15,15.3,-
17588,ほしのおとしもの,AT Lv.16,16.400002,多押+32分+变速+耐力+位移
17668,GAME：CHANGER,AT Lv.17,17.100004,底力+楼梯+变速+高BPM+位移
17669,ジェヘナ,AT Lv.16,16.300001,32分+变速+耐力+位移
17671,Aurora,IN Lv.15,15.0,爆发+纵连
17675,Credits,MASTER Lv.14,14.0,楼梯
17676,桜爛ロマンシア,IN Lv.13,13.3,-
17687,Oriental Bounce,IN Lv.14,14.900002,32分
17688,G e n g a o z o,AT Lv.17,17.0,底力+爆发+耐力+位移
1769,life-line生命线,IN LV.15,15.0,32分+耐力
17696,Realms,AT Lv. 16.1,1.0,-
17700,Fly of Beelzebub,Infernum Lv.15,15.400002,耐力+位移
17719,Unit:Squash!,IN Lv.14,14.800002,-
17731,ブルーバード（青鸟）,IN  Lv.14,14.400002,32分
17734,Fading Sky,HD  Lv.11,11.400002,-
17769,記憶の海,IN Lv.13,13.500002,-
17807,苦茶子,IN Lv.14,14.7,-
17808,Aurora,IN Lv.15,15.300001,爆发
17821,It’s alright,IN Lv.15,15.1,32分
17840,ダーリン,IN Lv.15,15.1,32分+耐力
17847,Duplicity Shade,IN Lv.17,17.0,底力+32分+爆发+变速+耐力+位移+定轨
17863,Calamity Fortune,IN Lv.15,15.700003,底力+耐力+位移
17878,4小節ごとにジャンルが変わるUsagi Flap.Remix,BA Lv.?,15.5,楼梯+变速+位移
17879,4小節ごとにジャンルが変わるUnwelcome School.Remix,BA Lv.?,16.0,底力+变速
17891,Aurora,IN Lv.14,14.0,变速+纵连
17893,4小節ごとにジャンルが変わるHifumi Daisuki.Remix,BA Lv.?,15.0,-
17895,甩葱歌,SP Lv.YYYY,10.0,32分
17921,Kokytos,IN Lv.15,15.0,底力+位移
17930,Crush Expert,IN Lv.15,15.800003,底力+多押+32分+变速+耐力+纵连+位移
17936,Emptiness,AT  Lv.16,16.400002,底力+多押+楼梯+32分+变速+位移
17950,Unreal Creation!,IN Lv.15,15.0,楼梯+耐力
17969,群青,Air,14.800006,32分+耐力
17992,人间万朵红,AT Lv.15,15.2,多押+32分
17996,Usagi Flap,IN Lv.14,14.5,楼梯+32分
1800,Wolves Standing Towards Enemies,AT Lv.18,18.000004,底力+多押+楼梯+32分+变速+耐力+位移
18007,2021.START,START Lv.2021,2021.0,多押+32分
18011,〇、（一轮）,HD Lv.12,12.0,-
18029,核心共振,IN Lv.15,15.8,底力+高BPM+纵连
18032,今天不是明天 (feat.兰音Reine),IN Lv.14,13.900001,32分
18037,いざ、参ります,AT Lv.16,16.100004,多押+32分+变速+耐力+位移
18041,雨女,IN.Lv.14,14.300001,多押+32分
18050,告白·告別,FM,13.0,楼梯+32分
18053,觀測衞曐,IN Lv.15,15.300001,多押+楼梯+32分+变速+耐力+位移
18058,Warmlovania,Legacy Lv.15,15.800003,读谱+耐力+位移
18073,secret of my heart,In--13,13.5,32分
18083,Trojan,AT Lv.15,15.200001,变速+叠键
18087,不眠之夜,LY.13,13.0,32分
181,夜航星,IN,13.500002,楼梯+32分
18100,Waterfall,WF Lv.14,14.0,楼梯+32分+爆发
18119,Seculo Seculorum,AT Lv.17,17.1,底力+多押+32分+变速+耐力+位移
18122,进捗どうですか？（进展如何？）,IN Lv.15,15.4,楼梯+位移
18145,僕の和风本当上手,IN  Lv.15,15.1,多押+32分+变速+耐力+纵连+位移
18170,Hopes and Dreams,"AT LV.14
",14.9,楼梯+纵连
18198,Unkraut Mädchen,IN Lv.15,15.800003,底力+纵连
18204,"Good bye, Merry-Go-Round.",IN Lv.15,15.600002,楼梯+纵连+叠键
18218,Stronger,IN Lv.15,15.0,楼梯+32分+变速+位移
18226,花と、雪と、ドラムンベース,IN,14.7,-
18247,theme of SSS,IN Lv.12,12.0,-
18249,風たちの声,"IN Lv.13
",13.2,-
18251,Take me to your paradise,Lv.13,13.0,楼梯+纵连
18266,Particle Arts (What A Shino Frenchcore Edit),AT Lv.16,16.0,楼梯+32分+变速+耐力
18289,夏霞,IN Lv.14,14.0,32分
1829,Shooting Athletes,IN,13.0,-
18299,Flower Dance,FM Lv.14,14.200001,-
18303,Dashstar*,StatTrak™ Lv.15,15.099999,楼梯+纵连
18305,イガク,ユ! Lv.?,15.500007,多押+32分+定轨
18314,Tunnel Vision,IN Lv.13,13.600001,32分
18322,Guilty Hostage,DY Lv.15,15.0,底力+爆发+位移
18324,Over The Sky,IN Lv. 12,12.900008,楼梯+爆发+纵连+定轨
18327,天使92,IN Lv.15,15.600002,多押+楼梯+32分+变速+耐力+位移
1834,TremENDouS,AT,17.500002,底力+楼梯+32分+变速+耐力+叠键+位移+定轨
18347,Life is PIANO,IN Lv.14,14.500002,-
18404,VECTOЯ,IN Lv.15,15.5,多押+楼梯
18422,ギャンブル,Lv 15,15.200001,楼梯+耐力+定轨
18446,Prestige and Vestige,IN Lv.15,15.700003,底力+变速+高BPM+位移
18459,Begin(feat. Whales),Lv.14.8,8.0,-
18460,Usagi Flap (EmoCosine Remix),IN Lv.14,14.700003,楼梯
18476,5:20AM,FM Lv.14,14.800003,32分
18485,告白•告别,IN Lv.13,13.1,32分
18489,Loli Bomb(Speed up&Cut ver.),AT  Lv.16,16.900003,多押+32分+变速+耐力+高BPM+位移+定轨
1849,Setsuna,IN Lv.14,14.0,楼梯
18495,ジャックポットサッドガール,MASTER.15,15.200001,楼梯+纵连
185,★Transcendence,IN,15.900001,楼梯+变速+耐力+叠键
18519,パリジョナ大作戦,IN  Lv.15,15.199999,楼梯+32分
18542,七重痼病,IN Lv.15,15.0,多押+耐力
18544,Climax,EZ Lv.7,7.6999993,纵连
18551,嬢王,IN Lv.15,15.400002,底力
18552,Sendan Life (Katagiri Bootleg),Fragmented Lv.16?,17.000008,多押+楼梯+32分+变速+耐力+高BPM+叠键+位移+定轨
18576,嬢王,AT Lv.16,16.2,底力+32分+定轨
18582,限りなく灰色へ,IN Lv.14,14.5,-
18596,再生,IN Lv.13,13.2,32分
18600,オトナのピーターパン,IN Lv.13,13.0,楼梯
18609,ロミオとシンデレラ,IN Lv.14,13.9,-
18632,Overjoy ★ OVERDOSE!!,IN lv.14,14.200004,-
18640,ホントノ,SP Lv.?,14.600001,楼梯+32分
18650,INTERNET YAMERO,sin(α) LV.34.4*½,17.200006,多押+32分+变速+耐力+纵连+位移
18662,DUAL BREAKER XX,IN  Lv.15,15.300001,多押+32分+变速
1868,Le Porteur d'Ombre,AT  Lv.17,17.0,底力+多押+32分+变速+耐力+高BPM+位移+定轨
18681,Highscore,SP Lv.?,15.5,耐力+纵连
18696,快眠!安眠!スヤリスト生活,IN Lv.13,13.1,32分
18705,BackOut,IN Lv14,14.7,多押+32分+变速+叠键
18713,Yorixiro,IN Lv.14,14.800001,位移
18726,《ж》,AT Lv.16,16.5,底力+楼梯+32分+读谱+变速+耐力+高BPM+位移
18747,Nostalgia!,IN Lv.12,12.900011,楼梯
18757,Glimmer,IN Lv.14,14.0,-
18776,Shinonome,IN Lv.15,15.3,楼梯+纵连
18784,Final Hope,IN  Lv.15,15.900003,底力+爆发+高BPM+位移+定轨
18790,茉子の日常(Fanchy edit),AT Lv.16,16.0,耐力
18814,星晴,IN Lv.12,12.0,-
18816,Hikari,IN Lv.15,15.500001,-
18817,千本樱,IN Lv.14,14.6,耐力
18828,Oshama Scramble!,IN Lv.14,14.9,楼梯+32分
18833,Let me Hear,IN Lv.13,13.0,楼梯+32分+变速+位移
18847,妄想感傷代償連盟,IN Lv.14,14.400002,多押+32分
18856,Celestial,IN Lv.13,13.0,-
18857,ฅ'ω'ฅ♪,IN Lv.13,13.8,耐力
18858,Playing with Firepower,IN Lv.14,14.900003,多押+位移
18881,GOODDRILL,HD Lv.11,11.600002,-
1889,天翔ける蒼穹のセレナーデ,IN Lv.14,14.0,-
18898,2024.,IN Lv.14,14.5,-
1890,R.I.P.,IN,15.0,耐力+位移+定轨
18907,GALACTIC WARZONE,AT Lv.17,17.0,底力+多押+楼梯+32分+变速+耐力+位移+定轨
18917,Good Time,IN Lv.13.5,5.0,32分
18930,GRÄNDIR,AT,15.6,-
18931,pixel cat,IN,14.400001,32分
18932,Usagi Flap,IN Lv.14,14.500002,楼梯
18944,混沌ブギ,IN Lv.15,15.500003,多押+楼梯+32分+变速+耐力+位移
18948,Dossoles Holiday,IN Lv.14,14.700003,-
18996,Cross†Soul,AT Lv.16,16.100004,底力+多押+楼梯+位移
190,Transcendence,IN,15.900001,楼梯+变速+耐力+叠键
19002,五重空洞,Reveal Lv.15,15.400002,32分
19024,春めく,IN13,13.1,-
19038,六边形雪花,IN Lv.13,13.700003,-
19048,∀,IN Lv.15,15.700003,楼梯
19062,浮光（The History）,12,12.3,高BPM
19073,Mandragora,IN Lv.16,16.1,32分
19074,3 Strikes,IN Lv.13,12.999998,-
19075,ヤミナベ!!!!,AT Lv.16,16.400002,底力+爆发+耐力+高BPM+位移
19078,稻香,IN Lv.12,12.599999,-
1908,Chartreuse Green,IN Lv.15,15.300001,纵连
19089,ヤミナベ!!!!,AT  Lv.17,17.1,底力+多押+32分+爆发+变速+耐力+高BPM+位移+定轨
19097,Electric Angle（电子天使）,IN Lv.14,14.600002,-
1910,お願い！コンコンお稲荷さま,IN  Lv.13,13.800003,-
19103,The change,IN Lv.13,13.3,-
19106,Journey To The Rainbows (Rizline Edit),IN 15.3,3.0,楼梯+纵连
19108,Sendan Life(Katagiri Bootleg),IN Lv.16,16.800003,多押+32分+变速+耐力+高BPM+位移
19111,Sleep Well,IN Lv.14,14.799998,32分
19112,Cross†Soul,FM  Lv.15,15.7,底力+楼梯+变速
19154,Undone,AT Lv.15.3,15.299999,楼梯
19179,AμreoLe~for Triumph~,AT Lv.16,16.2,底力+楼梯+变速+高BPM+定轨
19186,Terrasphere,IN  Lv.13,13.500003,32分
19189,Anger of Storm,AT Lv.17,17.000004,多押+32分+变速+耐力+位移+定轨
19191,The Shadow Warrior,IN Lv.15,15.0,32分
19192,しゃぼんだますとーりー (Yunomi Remix),froth,14.0,耐力
19195,Rhuzerv,IN Lv.15,15.0,-
19199,星になる (化作繁星)(feat. 倚水),in,13.599976,32分
19201,Storm,IN Lv.14,14.0,楼梯
19215,Fine Logic,IN Lv.15,15.500001,楼梯+32分
19216,九皋,AT Lv.16,16.900003,底力+多押+32分+变速+耐力+高BPM+位移
19228,すべてが幻になった後で,AT Lv.18,18.500006,底力+爆发+耐力+高BPM+位移+定轨
19231,Polygons,IN Lv.12,12.899999,-
19233,The Enlightenment,IN Lv.14,14.600002,楼梯+纵连
19241,ずんどこ☆どんどんどーん！,Nanoda Lv.15,15.799999,多押+32分+变速+耐力+位移+定轨
19256,演出开始前,IN Lv.13,13.300005,-
19272,Queen of the East,IN,15.500002,爆发+纵连
19277,Life is PIANO,IN Lv.14,14.600002,-
19283,形神合一,IN Lv.15,15.0,32分
19287,We Leave The World Together,IN Lv.14,14.900003,32分
19288,raputa,IN Lv.15,15.0,底力+读谱+耐力+高BPM+定轨
193,Terrasphere,AT,13.0,32分
19301,Let me Hear,IN Lv.14,14.0,楼梯+32分+变速+位移
19317,Invisible Frenzy,AT Lv.16,16.600002,多押+32分+变速+耐力+位移+定轨
19351,So Far Away,IN Lv.14,14.400002,32分
19378,音乐剧场,IN Lv.15,15.1,楼梯+32分
19389,Síoraí,IN Lv.13,13.0,-
19390,Climax,HD Lv.13,13.7000065,楼梯+纵连
19395,メズマライザー,IN Lv.15,15.0,-
1940,センチメンタルクライシス,IN Lv.13,10.0,-
19408,SUPER EMULATOR[feat. HiTNEX-X],IN Lv.15,15.8,多押+32分+变速+耐力+纵连+位移
19414,SW--昼夜,IN.13,13.1,-
19415,一花依世界,IN Lv.14,14.500002,耐力
19422,Armageddon,IN Lv.16,16.300001,底力+楼梯+变速+耐力+位移+定轨
19471,Blue Archive OST207,IN Lv.14,14.0,32分
19493,Maholova,IN Lv.15,15.5,-
19498,How To Make 音ゲ～曲!,AT Lv.16,16.300001,多押+楼梯+32分+变速+耐力+位移+定轨
19505,mopemope,AT Lv.16,16.2,底力+多押+楼梯+变速+纵连
19508,Ours,IN Lv.14,14.500002,-
19517,Inverted World,IN Lv.15,15.400001,-
19518,往生歌,AT Lv.15,15.300001,多押+32分
19536,The Filthy Mind,IN LV.15,15.200001,楼梯+变速+纵连+位移+定轨
19540,Paradise Chime,IN Lv.14,14.1,-
19552,Xeno Gravity,AT Lv.17,17.0,底力+多押+32分+爆发+变速+耐力+高BPM+叠键+位移
19573,iLLness LiLin,AT Lv.16+,16.9,底力+多押+变速+耐力+高BPM+位移
19577,蜘蛛糸モノポリー,IN Lv.16,16.2,底力+耐力+位移
19586,Another Me,AT Lv.16,16.500002,底力+多押+32分+变速+耐力
19591,NOVA,AT Lv.14,14.900003,-
19598,Alternation,IN  Lv.14,14.200001,32分
19626,赤沙的玉馈 Nephrite of Deshret,IN15,15.0,多押+楼梯+32分
19630,几何迷阵,EX Lv. 13,13.7,楼梯
19632,Serene Scenario (Theme 201),IN Lv.11,11.0,-
19636,星読みの調べ(inst),IN Lv.15,15.400002,多押+楼梯+耐力
19654,命に嫌われている,Lv.16,16.0,耐力
19655,嘀嗒,EZ Lv.3,3.0,-
1966,创造未来,IN Lv.13,13.5,-
19666,逐梦（五四特别版）,IN Lv.13,13.300001,-
19683,MEGALOVANIA,IN Lv.16,16.700003,底力+多押+变速+耐力+高BPM+位移
19711,★Hello (BPM) 2023,EZ Lv.17,17.300005,底力+楼梯+高BPM+纵连+叠键+位移+定轨
19724,おちゃめ機能,IN Lv.15,15.200001,耐力
19747,B612,IN Lv.14,14.500002,32分
19758,SignaL·Dis+ør+ION,AT,16.600002,底力+变速+耐力+高BPM+位移
19759,Dogbite,IN Lv.15,15.0,多押+楼梯+32分+变速+位移+定轨
19764,快眠!安眠!スヤリスト生活 ,HD Lv.8,8.0,-
19774,蜘蛛糸モノポリー,IN.14,14.799998,32分+耐力
19779,Golden Hour (Chime Remix),Golden Lv.15,15.1,32分+高BPM
19788,NightTheater,IN Lv.15,15.700003,多押+爆发+位移
19792,カワキヲアメク「声嘶力竭」,IN,13.200001,32分+耐力
19803,BRAVE: ROAD,IN Lv.16,16.2,底力+多押+变速+耐力+高BPM+纵连+定轨
19809,蝶变 (Butterfly),IN Lv.13,13.200001,-
19815,Ennor,IN Lv.15,15.500002,底力+爆发+位移
19816,Bluelily,AT  Lv.16,16.500002,底力+耐力+位移
19818,ウニクラゲ/海胆水母,IN Lv.12,12.500001,-
19834,Boss Rush,SP Lv.15,15.700003,楼梯
19840,Jägermeister,Fm Lv.15,15.8,楼梯+32分
19842,Desolated,IN Lv.13,13.0,-
19853,神のまにまに,IN 14,14.0,楼梯+32分+变速+耐力+位移
1989,蝎虎天体 -Lacertid-,AT Lv.15,15.900003,多押+32分+变速+耐力+高BPM+位移
19892,Picasso,AT  Lv.18,17.999998,底力+楼梯+32分+变速+耐力+叠键+位移
19900,LOSER,IN Lv.13,13.700003,-
1992,彼女は旅に出る,IN Lv.14,14.200003,-
19921,Blessing（世界版）,IN Lv.15,15.1,-
19929,やっぱりみゃー姉なんばーわん,EZ Lv.5,5.0,-
19933,玫瑰少年,13,13.5,-
19940,Snow White,⬡,13.0,变速+叠键
19941,ネオネオン,IN Lv.14,14.0,-
19946,Liar Dancer,IN Lv.14,14.1,多押+32分+耐力
19955,群光归寂,IN  Lv.13,13.600002,-
19956,Rain,IN  Lv.14,14.400001,-
19959,鸳鸯债,EZ Lv.6,6.0,-
1996,Titania,IN Lv.16,16.400002,底力+爆发+高BPM+定轨
19994,DUNGHILL (feat. 初音ミク),IN Lv.14,14.400002,楼梯+32分+纵连
20021,Sail Away,IN Lv.14,14.6,-
20038,Liberty,Freedom Lv.12,12.499999,-
20057,大喜,囍 Lv.13,13.800003,-
20063,Pearlescent,诶煾 Lv.事史,15.300003,32分
20075,罪罚未偿,UT  Lv.15,15.600001,32分+耐力
20129,再次与你同行,IN  Lv.13,13.700003,32分+耐力
20148,CHASING THE STAR,IN Lv.14,14.700003,-
20158,ニャンデット,IN Lv.13,13.0,-
20175,"Kiss Me, Kill Me",IN Lv.13,13.300001,32分
20176,Forever Young,AT Lv.15,15.500002,32分+纵连+叠键
20198,Maze,IN Lv.14,14.900003,耐力+叠键
20206,Memory of Beach,IN Lv.14,14.2,-
20217,Blackmagik Blazing,EX Lv.18,18.500006,底力+楼梯+爆发+耐力+纵连+位移
20218,Frigid Airport Lounge,SP Lv. ?,13.1,-
20223,你的颜色（Your Color）,IN 15,15.2,楼梯+定轨
20227,Shalalan,IN Lv.13,13.3,-
20230,ghost,IN Lv.14,14.700003,多押+32分
20231,Southern Cross,IN Lv.13,13.0,32分
2025,enchanted love,IN Lv.13,13.0,-
20256,RENDA JOCEKY,IN Lv.15,15.600002,爆发+耐力+位移
20275,「特殊作戦『デカグラマトン』編」Theme 2,AT  Lv.15,15.799999,32分
20278,raputa,AT Lv.17,17.400005,底力+变速+耐力+高BPM+位移
2032,TWINKLE★MAGIC,IN,15.1,楼梯+32分
20356,Delusion Sensation Compensation Federation,IN Lv.15,15.000017,-
20385,七重痼病,SP Lv.?,15.099998,32分+叠键
20388,Le porteur d'Ombre,EZ Lv.9,9.500001,楼梯+高BPM+纵连
20400,Забывай,IN  Lv.13,16.5,-
20404,Orphe,IN Lv.15,15.0,楼梯+纵连
20430,The Spectre,IN Lv.14,14.399998,32分
20445,希望有羽毛和翅膀,IN Lv.13,13.5,-
20450,Forever,IN Lv.14,13.699997,32分
20459,银河鉄道のペンギン,IN Lv.13,13.8,-
20465,NightTheater,IN Lv.15,15.500002,多押+爆发+位移
20490,远枫,IN Lv.13,13.1,32分
205,灰色鹦鹉,Gray Lv.14,14.7,-
20503,Luminous memory,IN Lv.13,13.0,-
20509,"!nterroban(?,",AT Lv.16,16.400002,底力+楼梯+32分+变速+耐力+高BPM+叠键+位移+定轨
20522,QZKago Requiem,Master Lv.16,16.2,底力+高BPM+位移+定轨
20523,花雨纪,IN Lv.12,12.300001,-
20567,Liturn to the Days,AT Lv.15,15.7,楼梯
20570,Unwelcome School (t+pazolite Remix),IN Lv.15,15.600002,底力+位移
20578,The Silence(Of My Sins),IN Lv.15,15.700001,楼梯+耐力
20580,Agni7EEE,AT Lv.16,16.400002,底力+多押+32分+变速+耐力+高BPM+位移+定轨
20611,PAINTER,IN,14.8,-
20626,Latent Kingdom,IN Lv.16,16.500006,纵连
20628,Fracture Tempolle,RE:End Lv.16,16.400002,底力+多押+32分+变速+耐力+高BPM+位移
20650,"Don't say ""lazy""",IN Lv.13,13.0,32分
20653,Cave,IN Lv.15,15.700003,多押+楼梯+32分+变速+位移
20665,ネジ巻き師と太虚鳥,IN Lv.15,15.700003,底力+耐力+高BPM
20676,Dead Inside,IN Lv13,13.799997,32分+叠键
20686,Morning Dawn,AT Lv.16,16.200005,位移
20692,Tempest,IN,15.800002,底力+楼梯+爆发+位移+定轨
20693,PANDORA PARADOXXX,IN LV.15,15.0,-
20712,系ぎて,IN Lv.14+,14.900001,楼梯+定轨
20752,空,IN,12.5,纵连
20753,Rhythm Party,AT Lv.15,15.500002,32分
20756,★Hope Is the Thing With Feathers,IN Lv.14,14.400002,楼梯
20765,混沌ブギ (Konton Boogie),IN Lv.14+,15.1,多押+楼梯+32分+变速
20782,Power Attack,IN Lv.15,15.1,多押+变速
20783,FULi AUTO SHOOTER,IN Lv.15,15.1,楼梯+纵连
20796,青いピラミッド,IN Lv.10,10.499991,楼梯
208,POLKAMAИIA,IN,15.0,多押+楼梯+变速+纵连+位移
20813,Dat phonk,IN Lv.14.8,14.8,纵连
20814,未行之路_空&荧cv版,Lv.空&荧,6.0,楼梯
20829,疯人院（电音版）,IN Lv.15,15.0,32分+叠键
20833,熱異常,AT Lv.15,15.900003,-
20867,Payphone(Explicit),AT,15.900001,-
20887,Unwelcome School（LuzeriA Remix）,AT Lv.16,16.1,底力+多押+32分+变速+耐力+纵连+位移+定轨
2092,Rush-Hour,AT Lv.15,15.900003,底力+耐力+位移
20929,lost dream,AT Lv.14,14.900001,多押+楼梯+32分+耐力
20951,劣等上等(SEKAI Ver.),IN  Lv.15,15.300001,多押+楼梯+32分+变速+纵连+位移+定轨
20975,NIGHT DANCER ,IN Lv.14,14.0,32分+高BPM
20976,Sokka,IN Lv.14,14.500002,纵连
21002,ヒュブリスの頂に聳えるのは,IN Lv.14,14.800001,32分+爆发
21004,パンこげこげになっちゃった,IN Lv.13,13.0,多押+32分+变速+位移
21007,アマツキツネ,IN Lv.14,14.700003,32分
21028,One Way Street,IN Lv.15,15.200001,-
21029,Tales of the Dungeon,SP,16.400002,-
2103,生,SP LV.?,10.0,-
21033,Speculation,AT  Lv.16,16.1,楼梯+变速+叠键
21042,がんばれ! 蜘蛛子さんのテーマ,IN Lv.14,14.600002,底力+楼梯+变速+位移+定轨
21045,Focalors Sacrifice Theme,IN  Lv.11,11.300001,32分
21052,青花瓷(Piano Ver.),IN Lv.13,13.4000025,高BPM
21072,ビターチョコデコレーション,IN Lv.15,15.700003,耐力+纵连
21085,Abgrund,IN Lv.14,14.300001,楼梯
21096,sølips,AT,16.000008,底力+多押+楼梯+变速+耐力+位移+定轨
21097,Rabbit in a Black Room,IN Lv.15,16.200005,多押+32分+耐力+位移
21100,Angles and Demons,IN Lv.13,13.6,32分
21123,MEGAMIX 2,AT Lv.16,16.2,底力+爆发+耐力+纵连
21161,Sky,IN Lv.13,13.3,-
2117,ひめごと＊クライシスターズ,ONIMAI Lv.12,12.600002,-
21181,Altale,EZ Lv.5,5.4999995,-
21204,姑苏春意,IN Lv.12,12.700003,-
21213,ナイト・オブ・ナイツ,Legacy Lv.15,15.799997,多押+变速+耐力+位移
21215,大丈夫,IN Lv.12,12.300001,-
21229,Change the Game(feat.松永依織),IN Lv.15,15.1,32分+纵连
21254,Broken Altair,IN Lv.16,16.300001,多押+楼梯+32分+变速+耐力+位移+定轨
21261,我用什么把你留住,EZ,2.8999996,-
21278,「死別」,IN Lv.12,12.500001,楼梯
21311,Horizon,IN Lv.13,13.500002,32分
21356,PUPA,EX  Lv.16,16.500002,底力+多押+32分+变速+耐力+位移
21361,Darling Dance,IN Lv.15,15.500002,-
21411,circles!,IN Lv.14,14.1,-
21416,Sea of Tranquility,IN Lv.11,11.300001,32分
2142,Crush Alcohol,IN  Lv.15,15.500002,底力+多押+耐力
21435,TWINKLE★MAGIC,AT Lv.16,16.500002,楼梯+32分+变速+叠键+位移
21436,酔いどれ知らず(Game.ver),IN Lv.13,13.0,多押+32分+变速+位移
21448,PANDORA PARADOXXX,IN Lv.15,15.800001,底力+楼梯+位移
21459,DASH,SP ?,15.700002,变速+纵连+叠键
21465,ガラテアの螺旋,AT Lv.16,16.2,多押+32分+位移
21485,WiPE OUT MEMORIES,IN Lv.15,15.700003,底力+纵连
21492,doll judgment,15.？,15.500002,底力+32分+爆发+变速+耐力+位移
21494,月詠に鳴る,IN Lv.14,14.200001,楼梯+32分
215,失態生態実験体,IN,15.0,多押+32分+耐力+位移
21500,S.A.T.E.L.L.I.T.E.,AT Lv.16,16.1,多押+楼梯+32分+叠键+位移
21508,ラグトレイン,SP Lv.延,15.300009,32分
21509,smiling,FM Lv.14,14.400002,-
21517,QQ,AT  Lv.16,16.300003,底力+楼梯+32分+变速+位移+定轨
21520,Final Phase,IN Lv.14,14.899999,多押+楼梯+32分+读谱+变速+位移
2154,Abiogenesis,IN Lv.14,14.149999,-
21542,ザムザ,IN  Lv.15,15.0,多押+32分+变速+定轨
21550,Fool For You,IN  Lv.14,14.700003,-
21556,17,IN Lv.14,14.300001,32分
21562,Reanimate,IN Lv.15,15.700003,楼梯
21596,黑暗森林,IN Lv.14,14.199984,高BPM
21606,GAME life,IN Lv.14,14.900003,-
21613,ホシシズク,IN Lv.14,14.500002,-
2165,アイデン貞貞メルトダウン,IN Lv.13,13.800003,-
21680,Old Memory,Legacy Lv.5,5.4999995,32分
21698,Another Me,AT Lv.16,16.0,楼梯+耐力+位移
217,T+ VS SHARK,SP,15.500002,楼梯+变速+耐力+位移
21700,野花香 (Haocore Mix),AT,16.800001,底力+多押+32分+变速+耐力+高BPM+位移+定轨
21705,Payphone(Explicit),AT LV.15,15.8,-
21708,核心共振,AT Lv.17,17.2,底力+多押+32分+变速+耐力+高BPM+叠键+位移
21710,殉道之人,AT Lv.15,15.800003,多押+楼梯+32分+耐力
21725,ゴーストルール,Ghost Lv.15,15.300001,多押+32分+变速+耐力+纵连+位移
21743,言って,suis Lv.14,14.9000025,楼梯+32分+耐力
21744,Fragrance,IN Lv.15,15.0,多押+32分+位移
21813,Mechanical Power,IN Lv.14,14.900003,-
21845,Hello (BPM) 2024,AT  Lv.17,17.700003,底力+楼梯+变速+耐力+高BPM+纵连+位移
21851,The Formula,AT Lv.13,13.800003,-
21854,Arsonist,IN Lv.14,14.599999,楼梯+纵连
21858,5:20 AM,IN,15.0,32分
21860,好（ハオ）（无故事板）,IN Lv.14,14.0,多押+楼梯+32分+变速+位移+定轨
21869,野花香 (Haocore Mix),IN Lv.14,14.0,高BPM
21922,c.s.q.n.,FM Lv.15,15.600002,底力+爆发+位移
21935,Per Astra Ad Aspera,AT Lv.16,16.300001,底力+爆发+耐力+位移
21948,空中分解,IN Lv.14,14.0,-
21981,メズマライザー,Legacy Lv.13,13.600013,楼梯
21982,Sea Monster,IN Lv.15,15.799999,楼梯+32分+耐力+叠键+定轨
2201,Little Boy,AD Lv.15,15.700003,-
22017,Nyandemic!,IN Lv.13,13.400002,32分
22018,しかのこのこのここしたんたん,SP Lv.?,20.0,32分
22020,Snow Magic,IN Lv.14,14.499999,多押+楼梯+32分
22047,Future,AT Lv.13,13.1,-
22129,Terrasphere,IN Lv.14?,10.0,底力+位移
22137,蜃楼,IN Lv.13,13.0,-
2215,Always Running,IN,14.3,-
22171,cyanine,AT Lv.16,16.600002,底力+多押+变速+耐力+位移
22179,Excalibur ~Revived resolution~,AT Lv.17,17.300005,底力+多押+楼梯+32分+变速+耐力+位移
22196,KING,14,14.0,多押+楼梯+32分+变速+位移
22201,紫荆花盛开,IN HK,11.300005,-
22206,Fallen Symphony,無盡堕落,18.4,底力+多押+楼梯+32分+变速+耐力+高BPM+叠键+位移+定轨
2221,Oshama Scramble!,IN Lv.15,15.300001,多押+楼梯+32分+变速+位移
22217,雑踏、僕らの街,AT Lv.16,16.600002,底力+多押+楼梯+32分+变速+耐力+位移+定轨
22234,Angel rests (feat.Aiobahn),8,7.999999,32分
22239,回レ!雪月花,IN Lv.14,14.0,-
22254,STARGAZER,IN,14.200001,楼梯
22324,QUATTUORUX,AT Lv.16,16.700003,底力+多押+32分+变速+耐力+高BPM+位移
22329,Nostalgia,NI Lv.12,12.0,-
22339,Tetris,SP Lv.凸,14.8,楼梯+32分+纵连+叠键
22342,Here We Are（民乐版）,IN Lv.14,14.0,-
22354,Escape,IN,15.3,多押+32分
22362,Anything,AT Lv.16,16.300001,底力+多押+爆发+变速+耐力+纵连+位移+定轨
22371,Visage,HD,9.0,楼梯
22381,Altair（feat.*spiLa*）,IN Lv.14,14.300001,32分+耐力
22416,夜の向日葵,IN Lv.13,13.1,楼梯
2243,九重现实,IN,14.0,-
22436,愛して愛して愛して,AT Lv.16,16.0,爆发+高BPM
22448,帝国少女,RSD Lv.15,15.600002,32分+耐力
22458,Tokyo,IN  Lv.13,13.0,-
22464,Death by glamour,Ex Lv.14,14.0,-
225,Aurora,AT,16.0,底力+多押+32分+变速+耐力+叠键+位移
22509,床,IN.14,14.599999,楼梯+32分+耐力
22515,illuminate,IN Lv.15,15.1,耐力
2252,T+ VS SHARK,IN Lv.15,15.600002,楼梯+32分+耐力+位移
22560,Empty Wings,HD Lv.10,9.999996,-
2257,Enter The Universe,IN Lv.14,14.500002,爆发+位移
22573,「Ice Ginte-冰巨星」,AT Lv.15,15.300001,-
22587,Polacro,IN Lv.15,14.999996,楼梯+变速+位移
226,目が覚めた時,IN,15.0,多押+32分+变速+耐力
22609,若我不曾见过太阳,IN Lv.11,11.1,楼梯
22750,Alone,EX Lv.14,14.700009,-
22765,China-新春,IN Lv.13,13.200001,-
22776,Baby,IN Lv.15,15.200001,-
22781,Tempest,IN Lv.15,15.8,底力+楼梯+爆发+位移+定轨
22790,Euphoria (feat. Tsugumi Nagahara),IN Lv.14,14.0,楼梯+32分
22794,群青シグナル,EX Lv.15,15.1,-
228,核心共振,IN,16.0,多押+32分+读谱+变速+高BPM
22804,VR in the Virtual World（Extended Mix）,IN Lv.15,15.0,-
22824,転生林檎,IN Lv.15,15.0,耐力
22855,明镜烈火,AT LV.16,16.500002,多押+32分+变速+耐力+位移
22885,Faded,IN Lv.14,14.300001,32分
22892,双星轨迹,Lv IN.14,14.0,-
22897,Artificial Intelligence,IN Lv.15,15.200001,楼梯
22905,different sides,EZ   Lv.6,6.3,楼梯
22913,M1LLI0N PP,MILLION Lv.16,16.500002,底力+楼梯+变速+耐力+高BPM+叠键+位移+定轨
22930,Savant,IN Lv.15,15.300001,32分+纵连
22951,明鏡烈火,AT Lv.16,16.700003,底力+多押+32分+变速+耐力+位移
22954,転生林檎,IN Lv.15/SP Lv.I5,14.999999,耐力
22968,「戏剧性反讽」,希 Lv.XV,20.0,底力+多押+位移
22990,硝华流焰 Blossoms of Summer Night,IN Lv.14.0,13.799996,32分+变速+位移
22995,シカ色デイズ(鹿色Days),IN Lv.12,12.0,楼梯
23011,God only knows (O.A.version),KAMI Lv.14,14.300002,32分
23013,Aite,IN Lv.15,15.400002,32分+变速+位移
23014,Insane Gamemode,IN Lv.15,15.400002,-
23053,rvp7vre,IN Lv.15,15.0,多押+楼梯+32分+变速
23058,はいよろこんで,..-. Lv. .----.....,15.0999975,多押+32分
23077,はいよろこんで,IN Lv.15,15.099998,-
23117,t / a/n / a/s / i/n / n,AT Lv.17,17.799995,底力+多押+楼梯+32分+变速+耐力+高BPM+叠键+位移
23165,アブノーマリティ・ダンシンガール,AT  Lv.16,16.900003,多押+32分+变速+耐力+高BPM+位移
23202,像你这样的朋友,IN Class 9,9.0,楼梯
23204,doodle,IN Lv.14,14.300001,32分
23206,我会自己上厕所 Remix,IN Lv.15,15.799992,多押+32分+变速+耐力
23209,时落叶影,IN Lv.14,14.0,-
23210,eden,AT Lv.16,16.400002,底力+变速+高BPM+定轨
23213,「独角戏」,希 Lv.XV,15.000004,爆发
23219,机械动力,HD Lv.13,13.800001,楼梯
23225,Eviternity,AT Lv.16,16.500002,底力+多押+变速+耐力+高BPM+纵连+位移
23232,きゅびびびびずむ,AT Lv.16,16.400002,楼梯+32分+变速+耐力+叠键
23239,After Rain,IN Lv.15,15.1,底力+爆发+位移+定轨
2326,GREAT GREAT,IN Lv.14,14.900001,楼梯+纵连
23267,Brand New Day,IN Lv.13,13.399999,纵连
23281,GALACTIC WARZONE,IV  Lv.16,16.800003,底力+楼梯+变速+纵连+位移
2330,Road With You,IN Lv.15,15.400002,32分+位移
2331,开启新征程,IN Lv.14,14.0,楼梯
23316,終わらない道,IN,15.799999,底力+多押+爆发+变速+耐力+位移
23317,ライアーダンサー,IN Lv.15,15.3,多押+32分+变速+耐力
23335,Andragoon,IN Lv.15,15.5,纵连+定轨
23338,她的梦,EZ  LV.7,6.9999995,-
23346,NightTheater,IN Lv.14,14.900001,爆发
23347,絶壁人生論,KX Lv.14,14.0,多押+位移
23375,Megamix 2,AT.16,16.7,底力+变速+耐力+纵连+叠键+位移+定轨
23382,FireFly,IN Lv.14,16.5,-
23390,He He He,IN² Lv.16+,16.700003,底力+楼梯+变速+耐力+高BPM+纵连+位移+定轨
23401,BITE! 咬合力,IN Lv.13,13.200001,-
23403,Arabian Adventure,SSS,17.999992,-
23406,cryout,IN Lv.14,14.1,-
23417,Setsuna(Kirara Magic Remix),AT Lv.16,16.600002,多押+32分+变速+耐力
23418,GAME：CHANGER,AT Lv.17,17.0,底力+多押+32分+变速+耐力+高BPM+位移
2343,悪魔の子 ,IN.13,13.0,读谱
23430,剑与雪（三无×小缘翻唱）,Lv.15 尾杀4K,10.0,楼梯+32分+耐力
23444,Selenotaxis,IN Lv.13,13.699999,-
23447,Sparkle New Life,15,15.2000065,32分
23467,ちっちゃな私,AT Lv.15,15.600002,楼梯+32分+叠键
23470,Calamity Fortune,IN Lv.15,15.800002,底力+多押+耐力+位移
23483,Collapsar,IN Lv.15,15.7,底力+楼梯+爆发+耐力+位移
23516,獅子舞,IN Lv.14,14.600002,-
23518,きゅびずむ,IN Lv.13,13.500002,楼梯
23520,ロボティックガール (feat. nicamoq),(/≧▽≦),14.0,32分+耐力
23523,うたかたのせかいで,AT Lv.17,17.500006,底力+多押+32分+变速+耐力+高BPM+位移
23528,深海少女,AT  Lv.15,15.900003,32分+变速+耐力
23530,月茶会,IN Lv.15,15.2,-
23545,僕は依存症,12,12.0,楼梯+高BPM
23560,one of none,IN Lv.15,15.300001,耐力
23562,ベースラインやってる？笑,IN Lv.14,14.300001,-
23569,Twinkle Shower,EZ Lv.4,4.299999,-
2357,恋愛脳,IN Lv.13,13.399998,32分
23601,SUPERNOVA,AT Lv.16+,16.9,底力+多押+32分+变速+耐力+高BPM+叠键+位移
23605,Tokyo Rain,IN  Lv.14,14.0,-
23610,Symbol,IN Lv.14,14.500002,多押+32分
23620,加油鸭！,IN Lv.14,13.900002,楼梯+32分+纵连
23621,Water Realms（水下领域）,AT Lv.14,14.900001,楼梯+32分+耐力
23622,DUAL BREAKER XX,IN Lv.15,15.599997,多押+楼梯+32分
23623,Lemon,IN Lv.25,0.90000004,-
23628,深海少女,AT  Lv.15,15.900003,32分+耐力
23635,TIRED OF PROBLEMS,IN Lv.13,3.0,多押+32分
23641,WE GO,IN Lv.14.4,14.0,32分
23661,再飞行,IN,12.600007,楼梯+纵连
23664,wrong rain,IN Lv.13,13.0,-
23670,钢铁奇美拉,IN Lv.14,14.5,楼梯+纵连
23691,Sigma (HaocoreMix) ~ Regrets of The Yellow Tulip ~,RE  Lv.16,16.300001,底力+多押+楼梯+变速+耐力+位移
23728,All my fellas,IN Lv.15,15.400002,-
23729,ころしちゃった!,IN Lv.15,15.0,耐力
23732,ラビットホール,IN Lv.15,15.0,-
23735,Rite of Ascendancy,AT Lv.18,18.100004,底力+楼梯+32分+耐力+叠键+定轨
23737,It‘s alright,IN Lv.15,15.0,32分
23738,little bunny(feat. GUMI),IN Lv.12,12.500002,-
23742,Absolute end.,AT Lv.16,16.600002,底力+变速+耐力+高BPM
23779,ぼなぺてぃーと♡S,IN Lv.14,14.400002,-
23780,心雨,IN  Lv.11,11.3,32分
23781,Imprinting,HD Lv.12,12.500003,-
23789,B.O.S.S,FM Lv.13,13.800003,32分
23790,Jump in,SP Lv.?,10.0,楼梯+32分+高BPM
23791,Ouvertüre,AT Lv.15,15.0,多押+楼梯+32分+变速
23799,"In Hell We Live, Lament",IN Lv.14,14.0,-
238,ω4,IN Lv.15,15.0,底力+爆发+耐力
23812,Miko Skip,IN Lv.13,13.0,纵连
23826,nameless story,IN Lv.15,15.299998,多押+楼梯+32分+变速
23864,月まで届け、不死の煙,IN Lv.15,15.600002,底力+爆发+耐力
23881,悬溺,HD Lv.11,11.900003,32分
23883,少女PastQ,IN Lv.13,13.200001,-
239,Materialize Anything,IN,15.0,32分
23932,ラビットホール,IN Lv.15,15.0,-
23945,在银河中孤独摇摆,IN Lv.14,14.200001,楼梯+纵连
23952,超最終鬼畜妹フランドール・S,AT  Lv.16,16.400002,多押+32分+变速+耐力+叠键+位移
23962,星界ちゃんと可不ちゃんのおつかい合騒曲,AT Lv.15,15.800003,多押+32分+耐力+高BPM+位移
23963,Namid[A]me,IN Lv.14,13.9,32分
23968,Bunny Bunny Carrot Carrot,IN Lv.14,14.400002,-
23969,End Time,懒得写 Lv.16,16.400002,底力+多押+爆发+耐力+位移
23973,Super Fructose,Furry  Lv.12,12.900003,叠键+定轨
23976,野花香(Haocore Mix),AT Lv.16,16.400002,多押+32分+变速+耐力+高BPM+叠键+位移
23980,Inverted World,FM Lv.15,15.300001,爆发+位移
24008,The Bass & The Melody,14.5,14.5,-
24010,ヒカリノワ,NI Lv13,13.900001,-
24032,Sunburst,IN Lv.12,12.800001,多押+32分
24041,オートフォーカス,AF Lv.15,15.2,-
24046,You're Mine,IN Lv.14,14.700003,32分
24048,★野花香 (Haocore Mix)【Feat.Jiafei】,EX Lv.15,15.800003,多押+变速+耐力+高BPM+纵连+叠键+位移
24063,不眠之夜,IN Lv.13,13.700001,楼梯+32分
24080,8番出口,IN Lv.13,13.500002,-
24116,GLAZ,IN  Lv.15,15.300001,楼梯+纵连
24127,Straight into the lights,IN Lv.15,15.800001,底力+楼梯+纵连+位移
24135,Lay Down,LD Lv.13,13.0,-
24158,Soulwind,AT Lv.16,16.2,底力+爆发+耐力+位移
24162,アンノウン·マザーグース(short ver.),IN,15.000004,叠键
24186,Aphasia,IN Lv.14,14.0,32分
24199,Rain travel in the MineCraft,IN Lv.13,13.2,-
24209,老人と海,IN,13.0,-
24210,How To Make 音ゲ～曲！,SP Lv.?,16.0,底力+耐力
24232,MAGNETAR GIRL,IN Lv.15,15.800002,位移
24233,熱異常,AT Lv.16,16.2,多押+32分+变速+耐力+位移+定轨
24238,ドリアン爆弹(feat.Roon_kun),IN Lv.15,15.6,楼梯
24240,Ouvertüre*,AT Lv.15,15.1,多押+楼梯+32分+变速
24252,Shattered,IN Lv.13,13.900003,楼梯
24260,インフェルノシティ,AT Lv.16,16.700003,底力+多押+32分+变速+耐力+高BPM+位移
24267,Σndless Suff∅ca7i∅n,AT Lv.16,16.300001,底力+32分
24268,★Σndless Suff∅ca7i∅n★,AT Lv.16,16.300001,底力+32分
24269,манго нектар (芒果花蜜),LV.13,13.0,32分+耐力
24284,Crossfire（经验本）,IN LV.14,14.800003,楼梯
24292,イガク,AT Lv.15,19.1,楼梯
243,無意識レクイエム,Extra,514.0,楼梯+32分
24317,もペもペ,AT Lv.14,14.600002,32分
24323,星之落蝶~Falling stars for the butterflies,IN Lv.15,15.500002,高BPM
24325,Battleworn Insomniac,AT Lv.14,14.500002,底力+楼梯+纵连
24344,Ice Ginte-冰巨星,IN  Lv.15,15.0,楼梯
24350,Cradless,IN Lv.13,13.000003,-
24353,Levitating,IN Lv.14,14.500002,-
24358,寄明月,FM Lv.13,20.0,-
24362,Hello(bpm)2021,AT Lv.16,17.100004,底力+多押+楼梯+变速+耐力+高BPM+纵连+位移+定轨
24367,Stereo Madness,HD,6.999999,-
24371,Battleplan Underdawn,HD Lv.8,8.200001,楼梯
24387,ナイト・オブ・ナイツ (USAO Remix),AT Lv.16,16.0,底力+变速+耐力+位移
24389,シカ色デイズ,IN Lv.14,14.400001,多押+32分+耐力
24408,Euphoria(feat. Tsugumi Nagahara),IN  Lv.15,15.400002,32分
24411,sølips,HD Lv.12,12.900003,楼梯+纵连+叠键
24420,Alone aside,IN Lv.13,13.400002,-
24427,Renegade,W Lv.13,13.900003,32分
24429,Ultimate Force,IN Lv.16,16.600002,底力+楼梯+变速+高BPM+纵连+位移
24440,激光雨2k19,IN Lv.14,14.0,楼梯
24442,『流星物语』,IN Lv.13,12.999996,32分+纵连
24446,ころしちゃった!,IN Lv.15,15.299998,-
24466,KIDS,0.1,1.0,-
24469,マーシャル・マキシマイザー,IN Lv.15,15.1,楼梯
24472,Summer Attack!,AT  Lv.15,15.500002,楼梯+定轨
24497,ouroVoros,IN Lv.15,15.900003,底力+楼梯+爆发+位移
24506,国士無双,AT Lv.16,16.699999,底力+楼梯+变速+耐力+位移
24512,新世界,IN Lv.15,16.0,底力+爆发+位移
24518,TEmPTaTiON,IN Lv.15,15.8,爆发
24548,ClutterFunk,IN Lv.14,14.700003,楼梯+变速+纵连
24555,最甜泰菲糖,AT Lv.15,15.400002,-
24595,dogdog,IN Lv.14,14.200001,32分+耐力
24607,Alice in misanthrope -厭世アリス,IN Lv.14,14.8,底力+32分
24615,you ArE NEvEr ALoNE oN thE dANcEfLoor,ST  Lv.17,4.7000003,楼梯+32分+变速+耐力+叠键+位移
24618,エリフィと白昏の夜 -Called-,IN Lv.15,15.1,多押
24619,Rainbow Flavor!,IN Lv.14,14.199999,32分
24656,Luminaria,IN Lv.15,15.400002,32分+高BPM
24659,Inertia,IN Lv.14,14.0,-
24667,Summer Attack!,IN Lv.15,15.1,多押
24670,梦里水乡【改编纯音乐】,IN,12.700003,32分
24673,MONSTER MELODY,AT Lv.15,15.800003,多押+32分+变速+纵连+位移
24690,Musical Theater,IN Lv.14,14.400002,32分
24722,希格雯：海露欢游,IN Lv.14,14.200001,楼梯
24729,九皋,AT Lv.18,18.100004,底力+多押+32分+变速+耐力+叠键
24733,We Want To Run,AT Lv.17,17.4,底力+多押+楼梯+32分+变速+耐力+纵连+位移
24751,イガク,IN Lv.14,14.899999,楼梯+32分+变速
24757,The Final EndGame,ENDGAME  Lv.17,17.300005,多押+32分+变速+耐力+位移+定轨
24758,Lay Down,Lv.13.5,13.500002,楼梯+读谱+定轨
24763,千里饿殍行,良田满穗,11.999999,-
24772,[World_Collapse],ST Lv.??,16.900002,底力+多押+楼梯+32分+变速+叠键+位移
24773,Fragrance,IN Lv.15,15.300001,底力+爆发+位移
24782,SW--Warmtale,IN.13,13.8,32分
24784,Fracture Temporelle,AT Lv.16,16.0,底力+多押+32分+变速+高BPM+位移
24794,Ernos,AT Lv.16,16.1,底力+32分+爆发+变速+耐力+纵连+叠键+位移+定轨
24810,メズマライザー,AT  Lv.15,15.699999,32分
24817,Mistlarium,IN Lv.15,15.599983,底力+爆发
24832,Amulet,AT Lv.16,16.0,多押+32分+位移
24849,動く、動く,IN Lv.13,13.300001,-
24851,DiSANiMATE,TB Lv.16,16.900003,底力+多押+32分+变速+耐力+纵连+位移+定轨
24854,Ernos,MR Lv.16,16.900003,底力+32分+爆发+变速+耐力+纵连+叠键+位移+定轨
24871,decide,IN Lv.14,14.0,楼梯+耐力
24874,Mystic Light Quest,IN  Lv.14,14.700003,楼梯+32分+变速+耐力
24875,麒麟,IN Lv.15,15.600002,高BPM
24891,B.B.K.K.B.K.K,IN Lv.14.6,14.4,32分+纵连
24904,"Cold Air, Warm Heart",IN Lv.15,15.600002,多押
24906,Mystic Light Quest,PePe Lv.14,14.0,-
2491,Fly To Meteor,IN Lv.13,13.499999,-
24914,冒险结束,IN13,2.0,32分+变速+纵连+位移+定轨
24916,Memories,IN Lv.2nd,14.700003,楼梯
24942,Alone,IN Lv.14,14.400002,楼梯+32分
24958,星间旅行 Interstellar Journey,IN Lv.13,13.0,楼梯+纵连
24974,1000年生きてる,IN Lv.14,14.200005,-
24976,My Dearest,SP Lv.?,10.0,楼梯+耐力+高BPM
24989,Higher,IN Lv.14,14.0,楼梯
24997,Final wish,IN Lv.15,15.400002,爆发+纵连
25001,The Golden Ratio,IN Lv.14,14.599999,-
25005,Disorder(feat. YURI),AT Lv.16,16.600002,底力+楼梯+耐力+位移
25026,雑踏、僕らの街,IN  Lv.14,14.800003,爆发
25059,flashdance,IN Lv.14,14.8,纵连+叠键
25062,TIME HEALS EVERYTHING,IN  Lv.13,13.9,楼梯+32分+高BPM
2507,クーネル・エンゲイザー ,IN Lv.14,14.0,-
25077,促荣共竞,CCTV.14,14.0,楼梯+纵连
25097,Speculation(-κryst∅llizeΔ- Bootleg),AT Lv.16,16.700003,底力+多押+楼梯+32分+变速+耐力+位移+定轨
25139,Seraphim (Long Ver.),15,15.900003,底力+耐力+位移
25153,Innocent white,IN Lv.15,15.600002,底力+爆发
2516,INTERNET YAMERO,INTERNET SAIKO,16.300001,耐力+纵连
25166,绝命舞曲,AT Lv.15,15.800003,位移
2518,春雨拥抱我,IN Lv.13,13.0,纵连
25183,with U,IN Lv.15,15.9,楼梯+32分+变速
25191,再生,IN Lv.14,14.1,32分
25193,Ultimate Force,Legacy  Lv.16,16.499987,高BPM
25195,Adriftfarer,AT Lv.17,17.700006,底力+32分+位移
25203,Mystic Light Quest,IN Lv.15,15.300001,楼梯+耐力
25228,夜に駆ける,IN Lv.14,14.1,-
25237,Bl∞dmoon,AT Lv.15,15.300001,楼梯
25243,After The Rain(feat. Such),HD Lv.14,14.700001,32分
25252,准备出发,IN.14,14.6,多押+32分+变速+纵连+位移
25265,野良猫ハート,IN,13.500001,纵连
25307,六重不忠,Jealousy Lv.15,15.0,32分
25345,DRE4M1N9,IN Lv.14,14.700003,-
25356,Trip,IN Lv.15,15.499998,32分
25358,Mystic Light Quest,IN Lv.14,14.300001,楼梯+耐力
25370,Mystic Light Quest,IN Lv.15,15.400002,多押+32分+耐力+位移
25372,Revolution,R Lv.15,15.0,32分
25403,PUPA,IN Lv.15,15.400002,多押+32分+变速+位移
25406,让风告诉你,IN Lv.14.3,14.199998,32分
25474,アナフィラキシー ,SP,16.100004,多押+32分+变速+耐力+位移
25478,Altale,IN,13.8,32分
25490,俄罗斯方块,IN,14.8,楼梯+32分
25504,アブノーマリティ・ダンシンガール,IN Lv.15,15.900003,底力+多押+32分+变速+耐力+位移
25506,Doom Factor,IN 15,15.300001,楼梯
25518,Waking Shadows (feat. Eili),AT Lv.16+,16.800003,底力+楼梯+32分+变速+耐力+位移
25523,☢️Waking Shadows (feat. Eili),AT Lv.16+,16.800007,底力+楼梯+32分+变速+耐力+位移
25535,Tactics-Exhaustive,IN  Lv.13,13.300003,-
25544,イガク,IN Lv.14,14.900001,多押+楼梯+32分+变速+纵连
25550,FULi AUTO BUSTER,"IN Lv.14
",14.5,楼梯
25563,Comfort Chain,EZ Lv.5,14.7,楼梯
25567,Memory,Memorize Lv.14,14.700003,楼梯+32分+耐力
25578,世末积雨云,IN lv.15,15.700003,楼梯+变速+纵连+叠键+位移+定轨
25607,ポテトパイ宣言,SP Lv.14,14.1,-
2561,フォニイ (phony),IN Lv.14,14.600002,32分
25618,樱落繁花,IN Lv.14,14.900002,楼梯
25620,オーバーライド,IN Lv.15,15.600002,多押+32分+变速+位移
25635,Milky Way,IN Lv.14,14.600003,-
25648,The Final EndGame,ENDGAME  Lv.17,17.600002,底力+多押+32分+变速+耐力+叠键+位移
25665,See You Again,IN,13.100007,读谱
25672,Sunshine Girl,IN Lv.11,11.800003,-
25673,待花开,IN Lv.13,13.200001,楼梯
25675,再生Recall,,11.0,-
25676,metaverse,IN Lv.15,15.0,多押+耐力+纵连+位移
25678,今天不是明天,FM  Lv.14,14.200001,-
25684,climax,AT16,16.400002,底力+多押+楼梯+32分+变速+耐力+叠键+位移
25702,Forget me not,IN,14.300001,-
25710,Evans,Lv 15,15.299999,多押+楼梯
25735,打上花火,AT Lv.14,14.800003,楼梯
25743,霹靂神ソフトウェア,AT Lv.17,17.6,底力+多押+32分+变速+耐力+高BPM+纵连+叠键+位移
25745,Farewell,IN Lv.15,15.800003,底力+楼梯+耐力+纵连+位移
25758,Sthenno,AT Lv.16,16.800001,底力+多押+32分+读谱+变速+耐力+纵连+叠键+位移+定轨
25759,Boss Rush,IN Lv.15,15.2,楼梯+32分
25765,Megamix 2,AT. 16,16.7,底力+变速+耐力+纵连+叠键+位移+定轨
25766,Bloom,HL Lv. 15,15.800001,楼梯+爆发
25776,Payphone,IN.14,14.8,32分+耐力
25807,若我不曾见过太阳,IN Lv.14.9,14.900002,纵连
25835,Love Story,IN  Lv.13,13.1,-
25878,Bye,IN Lv.14,14.000001,楼梯
25893,water,IN Lv.14,14.300001,32分+耐力
25895,Magnet,AT Lv.15,15.0,32分+变速+耐力+高BPM
259,not hummmman,FM,14.300001,32分+爆发+变速+纵连
25906,Villain Virus,AT Lv.17,17.800007,底力+变速+耐力+高BPM+叠键+位移+定轨
25925,追光使者,IN,13.9000025,-
25927,夢のまた夢,IN lv.15,15.0,楼梯+32分+耐力
25932,Conclusion of ∀,IN Lv.15,15.9,高BPM
25933,Coincidence,IN Lv.13,13.400001,楼梯
25937,waitingforyou,IN Lv.14,14.600001,底力
25966,R,IN Lv.14,14.300001,-
25988,cyanine,AT Lv.15,15.800003,底力+32分+耐力+纵连
25997,Time Leaper,IN Lv.14,15.7000065,楼梯+定轨
25999,Regret,IN Lv.14,14.7,爆发
260,Akiba,IN,14.5,-
26017,MEGALOVANIA(Camellia Remix),AT Lv.17,17.0,底力+多押+楼梯+32分+变速+耐力+高BPM+位移
26040,Tcans.,IN Lv.15,15.0,-
26050,Panorama,Chromatic - Lv.16,16.500006,底力+楼梯+爆发
26061,若我不曾见过太阳,EZ Lv.2.9,2.8,纵连
26062,Hoshi ga Furanai Machi,AT Lv.16,16.0,底力+多押+32分+变速+耐力+位移
26067,Universe,IN Lv.14,14.600004,-
26085,守护契约,EX Lv.12,12.800003,-
26091,魔女は復讐の夜に- Maintheme,阿拉蒂亚 Lv.10,10.0,楼梯
26096,ルル（rule）,IN Lv.14,14.600002,楼梯+32分
26098,ゴートゥ大都会,IN Lv.14,14.500002,-
26102,Небо (天空),LV.8,8.0,-
26103,绝命舞曲,IN Lv.15,15.8,多押+楼梯+耐力
26104,ファタール - Fatal,IN Lv.13,13.1,-
26106,RE Aoharu,IN 15,15.1,多押+32分+耐力+位移
26109,はいよろこんで,IN Lv.14,14.800003,纵连
2612,INTERNET YAMERO,IN Lv.15,15.400002,耐力+纵连+叠键
26139,异样的风暴中心,IN ,14.300001,-
26147,とげとげサディスティック ,10,10.0,32分
26153,Finixtahv,IN Lv.15,15.0,-
26169,喃喃萤火,IN LV.13,13.0,-
2618,Ethereal,IN,14.0,楼梯+32分+耐力
26217,Open The Door,IN Lv.15,15.0,多押+32分+耐力
26218,Last Promise,IN Lv.14,14.300001,楼梯
26220,Cry,AT Lv.15,15.9,底力+楼梯+耐力+高BPM+纵连+位移
26228,stεganography,AT  Lv.19,19.000004,底力+多押+变速+耐力+叠键+位移
2623,嘻哈闯世界,IN Lv.13,13.400002,楼梯+32分+变速+纵连+叠键
2624,Alea jacta est!,IN Lv.15,15.600002,多押+32分+爆发+变速+耐力+位移
26255,SIZUMU,IN Lv.15,15.8,-
26276,Tempest,IN Lv.15,15.0,底力+爆发+位移+定轨
26277,星相运轨-Echo of the Universe-,IN Lv.12,12.1,-
26288,心機一轉(白),IN Lv.14,14.700003,-
26295,樱落繁花,IN Lv.14,14.0,楼梯+纵连
26304,Change the Game (feat. 松永依織),TANO*C Lv.15,15.600002,32分
26307,SnowMix♪,IN.Lv.15,15.0,叠键
26309,ドリアン爆弾,AT Lv. 16,16.099997,多押+楼梯+32分+变速+耐力+纵连+位移
26316,チーズ,IN Lv.15,15.0,耐力
26331,AzazeL -REGINX-,AT Lv.16,16.600002,楼梯+32分+变速+高BPM
26368,Sweet* Witch* Gir*,IN Lv.15,15.800003,32分
26384,Ops_Limone (K-forest's EX-Order_Uva),AT Lv.16,16.900003,多押+32分+变速+耐力+叠键+位移
26385,耍把戏,IN,12.0,楼梯
26390,缸,缸,12.2,-
26392,Next Time,AT Lv.15,15.000004,楼梯+32分
26399,Butcher Vanity,IN.15,15.0,耐力
26404,梦回还,11,11.0,32分+定轨
26405,Period.,AT Lv.17+,17.900003,底力+多押+32分+变速+耐力+位移+定轨
26413,TiamaT:F minor,AT.15,15.7,变速+耐力+高BPM+位移
26418,Lost In A Fantasy,IN Lv.15,15.2,楼梯+32分+定轨
26421,Burning Love,IN Lv.14,14.0,多押+楼梯+32分+变速+位移+定轨
26439,snooze,IN Lv.14,14.599999,高BPM
2645,Infinity Heaven,IN Lv.14,14.1,底力+爆发+位移
26450,溯 (Reverse),IN Lv.13,13.900003,32分
26451,Heracles,IN Lv.15,15.600002,楼梯
26455,Collapsing World,IN 13,13.6,-
26463,繁星降落的奇迹【冬日树下的回忆】,AT Lv.15,15.400002,32分+高BPM
26478,THE MUZZLE FACING,IN Lv.16,16.2,底力+变速+耐力+高BPM+位移
26485,食虫植物,LH Lv.12,12.299997,-
26487,小跳蛙,IN Lv.13,13.2,32分
26523,人类恐惧症,IN Lv.15,15.400002,32分
26525,Ultimate Force,IN Lv.15,15.900003,底力+楼梯+高BPM
2653,Lost,IN Lv.12,12.499999,-
26533,Orphe,IN,14.6,-
26534,准备出发！,IN 13,13.499998,多押+楼梯+32分
26539,バグ (bug),AT Lv. 15,15.500002,32分
26540,Collapsing World,IN Lv.13,13.600002,-
26541,寒冬 The Winter（House Remix）,IN Lv.13,13.200001,楼梯
26545,Burning Love,IN Lv.14,14.0,多押+楼梯+32分+变速+位移+定轨
26549,イガク,ユ Lv.15,15.0,多押+楼梯+32分+变速+位移
26550,じゃあな/再见呐,IN,14.0,多押+32分
26551,イルミナティ （feat. 初音ミク）,AT Lv.16,16.300001,底力+多押+32分+变速+高BPM+位移
26569,あの光,IN Lv.12,12.500002,-
26571,Artileimor,AT  Lv.15,15.800003,底力+多押+爆发+变速+位移
26573,YELLOW,IN Lv.14,14.0,32分
26584,海肯斯小夜曲,IN Lv.14,14.200001,32分
26601,Tempo-Katana (feat. Beat Saber),AT Lv.16,16.400005,底力+32分+变速+耐力+位移
26623,千里饿殍行,IN Lv.14,14.0,32分
26637,Surveillance (feat. RANASOL),IN Lv.14,14.1,-
26639,Originlly,IN Lv.15,15.500002,底力+32分
26640,Bl∞min',AT Lv.16,16.700003,底力+爆发+耐力+高BPM+叠键+位移
26641,Sense,IN Lv.14,14.700003,楼梯
26648,寒冬 The Winter（House Remix）,IN Lv.13,13.2,楼梯
26649,Kumo No Kireme,AT Lv.17+,10.0,底力+多押+楼梯+32分+变速+耐力+高BPM+叠键+位移
26653,チューリングの跡,IN Lv.15,15.1,底力+爆发+叠键
26658,STARDUST,IN Lv.15,15.50001,-
26670,Grimheart,AT Lv.14,14.400002,-
26679,云阵四合,IN Lv.12 S* ,12.0,-
26687,MAGENTA POTION,sp,14.299996,-
26691, はいよろこんで,IN Lv.13,13.0,-
26697,Rainbow Road,IN Lv.14,13.9,爆发
26698,Ultimate Force,AT Lv.16,16.800003,底力+多押+楼梯+32分+变速+耐力+高BPM+位移
26699,Towards the 300,IN Lv.17,16.800003,底力+32分+变速+耐力+高BPM+位移+定轨
26705,Hypervelocity,AT Lv.17,17.2,底力+多押+32分+变速+耐力+高BPM+叠键+位移+定轨
2671,雨之城,IN Lv.12,12.500002,-
26716,退廃的人生讃歌,IN,15.900001,耐力
26718,halcyon,Legacy Lv.16,16.2,多押+楼梯+爆发+位移
26728,Fragments,IN Lv.15,15.0,-
26736,再见公主,IN Lv.15,15.0,多押+32分
26751,Flamenco House,IN Lv.15,15.400002,-
2676,エータ・ベータ・イータ,IN Lv.15,15.7,底力+楼梯+爆发+耐力+纵连+位移
26791,Elixir,IN  Lv.14,14.500002,-
26796,国士無双,AT Lv.17,17.500002,底力+楼梯+变速+耐力+纵连+叠键+位移
26797,イガク,IN Lv.15,15.900001,多押+32分+变速
26818,Shining,IN Lv.14,14.900001,楼梯+32分+变速+位移
26823,茗图盛景,IN   Lv.15,15.0,多押+楼梯+32分+读谱+耐力+纵连
26834,Lifeline(Remix),In 15.4,15.4,-
26837,And Revive The Melody,AT Lv.16,16.2,读谱+耐力+高BPM+叠键
26839,Vesania,WRESTLE.15,15.400001,定轨
26841,Blood Stained Faith (RiraN Remix),IN  Lv.15,15.300001,楼梯+变速+纵连+位移
26852,WATER,AT Lv.14,14.500001,楼梯+32分+纵连
26880,Heaven's Fall,AT  Lv.17,17.0,底力+多押+32分+爆发+变速+耐力+高BPM+位移
26888,黑神话:悟空（PIKASONIC Remix）,EX Lv.15,15.700003,32分
26902,Puzzle (2024 Edit),HD Lv.13,13.0,-
26916,weathergirl,IN Lv.13,13.900001,-
26928,jsl,BBC No.J11,11.0,楼梯+纵连
26934,Lifeline(Remix),In.15.4,15.400001,-
26936,壱雫空,IN Lv.14,14.800003,-
26937,Access Denied,AT Lv.16,16.1,爆发+位移
26959,流星物语,IN Lv.15,15.0,楼梯+32分
26961,絶対零度,AT Lv.15,15.600002,底力+32分+位移
26969,今はいいんだよ。,IN Lv.14,14.400002,-
26982,情书(KOTDARI Remix),LOVE  Lv.13,13.1,楼梯+爆发+纵连
26987,終の舞姬,Dance  Lv.16,16.0,底力+多押+32分+爆发+变速+耐力+位移+定轨
2700,Without You,FM Lv.?,14.400001,楼梯+32分
27006,Harumachi Clover,IN Lv. 15,15.2,多押+32分+变速+位移
27009,透明心淵,IN Lv.15,14.99999,32分
2701,通辽进行曲（Aunt Tagonist）,FM Lv.13,13.500002,-
27021,Avantgarde,IN Lv.15.9,9.0,底力+32分+爆发+变速+耐力+位移
27029,Gravisphere Crisis,AT Lv.16,16.300001,多押+32分+变速+位移
27032,•?((¯°·._.• 随便音乐 •._.·°¯))؟•,IN Lv.14,14.8,楼梯+变速+纵连
27042,GASHATT,IN Lv.15,15.799999,多押+楼梯+32分+变速+纵连+位移
27045,ベースラインやってる笑,IN Lv.14,14.400002,-
27049,世末歌者,End Lv.15,15.0,耐力
27062,Take Me Hand,IN Lv.13,13.0,多押+楼梯+32分
27065,とあちゃんのおもちゃ箱(Toa's Toybox),HD Lv.16,16.0,底力+楼梯+纵连
2708,Avantgarde,AT Lv.16,16.300001,底力+多押+爆发+耐力+位移+定轨
27084,你看，世界好美,IN Lv.15,15.300001,多押+32分+耐力+位移
27087,空の箱 (Vo.河原木桃香),IN Lv.12,12.800003,楼梯
27092,New World,IN.16,16.3,底力+多押+32分+耐力+叠键+定轨
27101,太陽花,Sunflower Lv.13,13.700003,楼梯
27106,SUBCUL CiTY,IN Lv.14,14.300001,-
27110,Nevada,IN Lv.14,14.400001,多押+32分+耐力+位移
2714,Pandemonium,AT Lv.16,16.300001,底力+多押+32分+变速+耐力+位移+定轨
27140,ヒバナ,AT LV.15,15.7,多押+楼梯+32分+变速+位移
27157,Re: End of a Dream,AT Lv.17,17.2,底力+多押+32分+变速+耐力+高BPM+位移+定轨
27158,スヂ,IN Lv.15,15.700003,多押+耐力+纵连+位移
2716,Journey To The Rainbows,IN Lv.14,14.300001,-
27172,BRAIN HACKER,AT Lv.16,16.400002,底力+多押+32分+爆发+变速+耐力+叠键+定轨
27181,ファタール(fatal),IN Lv.15,15.900003,楼梯+32分+变速+纵连+叠键
27230,~Redintegration~ 割れた鏡,IN Lv.15,15.0,32分+变速+高BPM+位移
27237,酒神颂,EZ Lv.4,4.0,-
27249,Waking Shadows,IN Lv.16,16.1,底力+楼梯+爆发+耐力+位移
27256,石星熠舞,IN Lv.13,13.000002,32分
2726,天狐,IN Lv.15,15.300001,楼梯+32分
27273,Operation☆DOTABATA,IN  Lv.14,14.700003,32分
27277,Glazed Color,IN Lv.15,15.400002,-
27278,Hullbreaker,TG  Lv.14,14.700003,楼梯+纵连
27283,drink-colored eight star,SP Lv.88,8.0,底力+楼梯+变速+纵连+位移+定轨
27288,Revelation,AT Lv.16,16.300001,底力+楼梯+32分+变速+耐力+位移
2729,花の塔,IN Lv.14,14.0,-
27290,Start To The End,IN Lv.15,15.700002,-
27294,Terrasphere,IN Lv.14,14.0,32分
27304,Fall（Ghost Synth）,IN Lv.13,13.0,-
27306,スヂ,IN Lv.15,15.600002,多押+耐力+纵连+位移
2733,九重现实,IN Lv.13,13.0,-
27334,周榜乱炖,IN,15.300001,-
27336,Sadalmelik,AT Lv.18,18.100004,底力+多押+32分+爆发+变速+耐力+高BPM+位移
27337,心の記憶,FM  Lv.15,15.300001,楼梯
2735,木偶戏,IN Lv.12,12.699999,32分+纵连
27352,Fly To Meteor,IN Lv.13,13.6,-
27359,俺ゴーストタイプ（我是幽灵属性）,IN  Lv.14,14.0,叠键
27367,panopticon,IN Lv.15,15.200001,32分
27369,Dead Inside,AT Lv.15,15.200001,32分
27392,Take Me Hand,(＾3＾♪,12.5,-
27406,单恋一枝花,IN,12.2,-
27411,Make U SWEAT!,IN.Lv 14,14.5,32分
27427,竖波波卡,IN Lv.15,15.400002,底力+位移
27440,兰音Reine - 虹色蝶々,11,11.0,-
27487,海马成长痛,IN,14.5,32分+纵连
27490,熱異常 (Shader ver.),IN  Lv.15,15.500002,-
27499,〇、,IN Lv.15,15.500003,-
2750,unleashed world,IN Lv.15,15.900003,底力+爆发+高BPM+位移
27501,Defective pixel,Lv.?,11.399999,-
27503,Psyched Fevereiro,IN Lv.14,14.400002,-
27521,熱異常,IN  Lv.15,15.400002,-
27525,do you see me?,IN Lv.13,13.400002,-
27532,你的颜色,AT Lv.16,16.0,-
27533,Dimension Hacker,AT Lv.16,16.600002,底力+楼梯+32分+变速+耐力+高BPM+叠键+位移+定轨
27542,Eternal Snow,IN  Lv.13,13.5,-
27557,Eternal Disaster (peri0d),HD Lv.15,15.500002,底力+爆发+耐力
27559,JUMP！BEAT！PLAY！,IN Lv.14,14.699995,32分
2756,夜に駆ける,FM Lv.13,13.0,-
27560,另一个我,IN Lv.14,14.600002,-
2757,Ops:Limone,IN Lv.14,14.300001,多押+楼梯+32分+变速+位移
27575,YELLOW,IN  Lv.14,14.700003,楼梯+高BPM
27579,花と、雪と、ドラムンベース。,IN Lv.14,14.800003,-
2758,secret of my heart,Lv.12,12.1,32分
27587,Redraw the Colorless World,IN Lv.14,14.0,爆发+定轨
27588,Belle de Nuit,FM  Lv.14,14.200005,-
27607,Clear's megalovania,IN,15.200001,32分
27625,Walk Thru Fire,IN  Lv.13,13.399998,32分
27632,むげんのチケット (feat. 初音ミク&KAITO)(无限船票),IN Lv.14,14.0,-
27646,Run*2 Run To You,IN Lv.15,15.400002,高BPM
27677,暮色回响,IN Lv.14,14.600002,-
27685,Eternal Disaster (peri0d),EZ  Lv.15,15.200005,楼梯+爆发+定轨
27691,FlavorScape!,IN Lv.14,14.0,32分
27694,CORRUPT YER MAW,IN Lv.13,13.900001,纵连
2770,即兴演出 fReeStyLE,IN Lv.12,12.0,-
27702,囍（Chinese Wedding）,IN Lv.15,15.0,楼梯+32分+变速+纵连
27704,Vagrant,IN Lv.14,14.5,耐力
27712,Silver Bullet,AT Lv.15,15.7,32分
27718,青春のアーカイブ (takehirotei remix),IN Lv.15,15.300001,高BPM+位移
27719,《Ж》,Legacy Lv.15,15.400002,底力+读谱+变速+高BPM+定轨
27720,1NF3S+@+!0N,IN Lv.14,14.500001,楼梯+爆发
27724,十拳剣 -Totsuka no Tsurugi-,Ten Lv.16,16.500002,底力+变速+耐力+高BPM+叠键+位移
27725,すとり～ま～FIRE!?!?,IN Lv.15,15.0,多押+32分
27733,Poppy,AT LV.16,16.300001,底力+多押+爆发+耐力+高BPM+位移+定轨
27743,GOODRUSH,AT  Lv.15,15.0,底力+爆发+耐力+位移
27748,Eat up my HEART???,IN Lv.14,14.400002,楼梯+耐力
27749,ノシノシ,IN Lv.13,13.5,楼梯+32分
27751,"!nterroban(?,",AT Lv.16,16.400002,底力+32分+变速+高BPM+位移
27758,きゅびびびびずむ,AT Lv.?,10.0,楼梯+变速+纵连
27764,async,Find yourself,14.400006,-
27768,電子ドラッグ(笑),IN Lv.13,13.799999,楼梯
27781,《Ж》,AT Lv.16,16.300001,底力+多押+32分+变速+耐力+高BPM+叠键+位移
27783,雨之城,IN Lv.13,13.0,-
27794,Snow White,FM.Lv13,13.400002,楼梯
27796,爵士,EX Lv. 13,13.8,楼梯
27819,万圣节,IN Lv.14,14.600002,楼梯+爆发+定轨
27833,好的冰,IN Lv.14,14.899999,变速+位移
27835,LINK x LIN#S,IN Lv.12,12.799999,纵连
27852,誰にもなれない私だから,IN Lv.14,14.8,-
27869,月に叢雲華に風,IN Lv.13,13.0,-
27886,So-Long-for-Another-Summer-,Summer.lv13,13.399998,-
27888,月詠に鳴る,IN Lv.14,14.200001,32分
27889,bye,AT Lv.15,15.2,楼梯+纵连
27900,starlight,IN 14.5,14.499998,多押+32分+耐力
27904,KICK BACK,IN  Lv.14,14.0,纵连
27905,Beyond The Timeline,AT Lv.15,15.400001,叠键
27914,Singularity at 2.64e+6 BPM,IN Lv.?,15.699999,楼梯+纵连
27920,Grin,IN Lv.15,15.700003,底力+多押+耐力+位移+定轨
27929,瓶中我,IN LV.13,13.100003,32分
27934,BAYONEX,AT Lv.17,17.1,底力+多押+楼梯+32分+变速+耐力+高BPM+叠键+位移
27941,Ice Cream' Sandwich,IN Lv.13,13.200001,32分
27951,(重制版)ワンルームシュガーライフ,AT Lv.16,16.500004,多押+楼梯+32分+变速+耐力+位移
27964,トンチンカンフルエンサー,AT Lv.15,15.0,多押+耐力+高BPM+纵连+位移
27980,乐意效劳 (Magens Remix),IN Lv.15,15.500002,多押+楼梯+耐力+位移
27997,ノンブレス・オブリージュ,IN  Lv.14,14.6,-
28005,小さな旋律,IN ,12.800002,楼梯
28006,Vulnerability,IN Lv. 15,15.899996,多押+变速+位移
28019,雑踏、僕らの街,IN,15.5,楼梯+耐力
28030,10000,IN  Lv.14.1,14.2,楼梯+耐力
28031,T+ VS SHARK,AT Lv.17+,10.0,底力+多押+楼梯+变速+耐力+叠键+位移+定轨
28036,我不曾忘记,IN  Lv.13,13.0,-
28041,SHOW (Бульбулятор version),NE PRIDUMAL,10.0,楼梯+纵连
28044,So Far Away, IN Lv.14,14.0,楼梯
2805,我不曾忘记,IN Lv.12,11.9,-
2806,フューチャー・イヴ,IN Lv.15,15.0,楼梯+32分
28060,PUPA,IN Lv.15,15.8,底力+爆发+位移
28071,セツナトリップ,AT Lv.15,15.900003,-
28080,きゅびびびびずむ,IN15,15.600002,多押+楼梯+32分+变速+耐力+位移
28092,举头三尺天气晴,IN Lv.15,15.0,多押+32分+变速+叠键+定轨
28101,Bad Elixir,AT  Lv.16,16.900003,底力+多押+32分+耐力+高BPM+位移
28120,Han-nari,IN.Lv13,13.0,楼梯+纵连
28138,Golden Hour (Chime Remix),Golden Lv.14+,14.2,-
28189,Inverted World,IN Lv.15,15.5,爆发
28192,繁星降落的奇迹,IN Lv.13,13.500002,-
28202,親愛なるあなたは火葬,IN LV.15,15.0,32分+耐力
28249,Cherophobia,IN Lv.13,17.4,楼梯+纵连
28250,Classy Kitty,IN Lv.15,15.200001,变速
28265,Bangarang (feat. Sirah),AT Lv.15,15.1,高BPM+纵连
28274,提瓦特最屑反派,IN Lv.14,14.0,-
28284,散り散り,AT Lv.14,14.599998,底力+位移
28294,Χάρων,IN Lv.15,15.1,底力+爆发
28305,To：Be Continued,IN  Lv.15,15.800003,底力+高BPM+叠键+位移
28306,B.B.K.K.B.K.K.,IN Lv.14+,14.900001,定轨
28312,GOODRAGE,HD  Lv.12,12.000004,高BPM
28317,cyanine,AT  Lv.16,16.400002,耐力+高BPM
28324,Altale,AT  Lv.14,13.5,爆发+定轨
28337,R.I.P.,IN Lv.15,15.400001,楼梯+耐力
28346,Khionos TiARA,AT Lv.16,16.400002,底力+爆发+位移
28356,画竜天晴,IN Lv.15,15.500002,楼梯+爆发+纵连+叠键
28362,OTKPARA!,IN Lv.14,14.6,多押+32分
28378,MONEY IN MY POCKET,AT15,15.700003,多押+32分+变速+叠键+位移
28381,Bad Apple!!,IN Lv.13,13.800003,纵连
28384,Five Hundred Miles,12,12.500002,32分
28385,doodle,IN Lv.13,13.900003,32分
28394,It's alright,IN  Lv.14,14.800003,-
28426,MonochromeRe.Surgence,Neir Lv.Dream,12.300009,-
28435,经过,15,15.0,32分
28437,シミュラ · ラクラ,IN Lv.15,15.300001,32分+纵连
28444,Light of Love,IN ,15.1,-
2845,ラグトレイン,IN Lv.14,14.500002,楼梯+32分
28450,FORTALiCE,IN Lv.15,15.400002,多押+楼梯+32分+变速+位移+定轨
28457,PUPA,IN Lv.15,15.8,底力+爆发+位移
28462,おべか,IN 14,14.0,-
28464,萤火仲夏夜,IN LV.14,14.400002,楼梯
28466,Identifier,EZ Lv.3,3.4999995,32分+高BPM
28470,アマツキツネ,HD Lv.11,11.5,-
28482,人マニア,IN  Lv.16,16.500002,楼梯+纵连
28495,Requiem Cataclysm,IN Lv.16,16.200005,32分+耐力+高BPM
285,Quietus Ray,"AT Lv.17


",17.100004,底力+多押+32分+爆发+变速+耐力+位移
28512,アイアンメイデン・ジャンク,IN Lv.15,15.600002,底力+爆发+纵连
28535,Mystic Light Quest,IN Lv.15,15.400002,楼梯+32分+耐力
28548,最后的蒸汽骑士,IN Lv.14,14.800003,楼梯
28577,MVURBD,IN Lv.15,15.700003,楼梯+位移
28578,Weavers,IN Lv.15,15.199999,-
28579,RTX 20000,AT Lv.15,15.8,楼梯+32分+变速+纵连+位移
28592,Lifeline,AT.15,15.6,楼梯+32分+耐力
28613,つよがるガール,IN Lv.15,15.800003,32分+高BPM
28619,Runaway,IN,14.2,32分+定轨
28629,Gravisphere Crisis,AT Lv.16,16.599998,底力+多押+楼梯+32分+变速+位移
28630,Hyper Memories,IN Lv.16,16.300001,位移
28651,A CYBER'S WORLD?,IN Lv.14,14.600002,32分
2866,Tempest,IN Lv.15,15.700003,底力+爆发+位移
28676,Falling Again,AT Lv.15,15.800015,楼梯
28685,Lucid Trigger,IN Lv.13,13.7,叠键
28704,だいあるのーと,IN Lv.14,14.500002,楼梯
28707,macro.wav,IN Lv.14,14.700003,-
28710,MAGGOD,AT Lv.15,15.800003,底力+楼梯+高BPM
28724,HALO,AT Lv.17,17.2,底力+多押+32分+爆发+变速+耐力+叠键+位移
28728,波隙漂浮,AT Lv.16,16.1,变速+耐力+位移
28742,今天不是明天,IN Lv.14,14.0,-
28746,忘了,IN Lv.13,13.600002,-
28753,A Cyber's World,IN  Lv.13,13.0,-
28762,Children's March,IN lv.13,13.400002,32分
28776,JUMP！BEAT！PLAY！,IN Lv.13,13.0,32分
2878,スパークル,IN 14.2,14.200001,-
28784,What U Do,IN Lv.13,13.1,32分
28786,アポカリプスに反逆の焔を焚べろ,AT Lv.16,16.800001,底力+多押+耐力+高BPM+位移
28801,CO5M1C R4ILR0AD,IN Lv.15,15.300005,爆发+位移
28836,Terrasphere,IN Lv 13,13.800003,-
28873,R.I.P.,AT Lv.16,16.800003,底力+多押+32分+耐力+位移+定轨
28906,再会,IN Lv.12,12.8,-
28918,OverRain,Cloudburst Lv.10,14.399979,-
28922,ここからはじまるプロローグ。,IN Lv.14,14.300002,-
28923,Amouage,IN Lv.14,14.700003,多押+32分+耐力
28928,Infertehno,HD Lv.10,9.999999,变速+耐力
28946,秘密人偶剧Ⅱ,IN Lv.15,14.800001,耐力
28958,CO5M1C R4ILR0AD,IN  Lv.15,15.0,底力+位移
28961,经过,IN Lv.12,12.0,-
2897,Holy Knight,IN Lv.14,14.200001,爆发
28986,Flowers,IN - Lv.14,14.0,32分
28987,记忆碎片,IN Lv.15,15.7,底力+楼梯+爆发+变速+耐力+位移
28994,Miku,Miku Lv.39,11.900001,32分
29008,ミニ偏,SP. pieces,14.8,多押+楼梯+32分
29014,ヒ口イン(nakotanmaru ver.),IN,14.700003,耐力
29019,MORNINGLOOM,SP Lv.?,16.1,32分+变速+纵连+叠键+位移
2902,lifeline【重置】,AT LV.15,15.0,32分+耐力
29035,Rainbow Flavor!,IN.Lv.14,14.400002,-
29039,Cryptarithm,AT Lv.15,15.0,32分+变速+定轨
29045,ハルウタ,IN Lv.14,14.200001,多押+32分
29046,Ignite(点燃),Alan Walker Lv.14,14.800003,-
29048,喃喃萤火,IN Lv.15,15.1,多押+32分
29050,沫云,IN Lv.14,13.799999,-
29051,アポカリプスに反逆の焔を焚べろ,AT Lv.17,17.500004,底力+多押+耐力+高BPM+位移
29056,致:黯淡星,IN Lv.13,13.799999,楼梯
29058,the world of scarlet,IN Lv.15,15.200001,32分+变速
29060,Χάρων,FM Lv.14,14.700002,-
29068,Take Flight,IN Lv.15,15.600002,-
29085,我家里有蜘蛛！！！,AT Lv.14,14.799999,32分+定轨
29101,夏天还不算开始,IN Lv.12,12.900003,-
29110,Snow Magic,IN Lv14,14.799999,楼梯
29118,ノンブレス・オブリージュ,IN Lv.15,15.600002,-
29141,Can you hear me?,IN Lv.15,14.899999,高BPM
29158,Encroach Sky,IN Lv.13,13.6,纵连
29160,フォニイ,IN Lv.13,13.200001,楼梯+32分
29189,再会,IN Lv.14,14.0,纵连
29194,シル・ヴ・プレジデント(nachoneko×naname),AT Lv.14,14.400002,-
292,Àqua Prism,4thPecjam,14.5,楼梯
29200,無责任集合体,IN Lv.15,15.700001,-
29211,Our Wrenally,IN Lv.15,15.400002,纵连
29214,warmlovania,AT.16,16.0,多押+32分+变速+耐力+叠键+位移+定轨
29225,LOUDER MACHINE,IN LV.13,13.800003,楼梯+定轨
29227,Breezeblocks,IN Lv.13,13.7,-
29235,Forget the real world,Lv.忘记真实,14.0,楼梯+32分+耐力+纵连
29240,Fantastic_future,IN,12.600002,-
29251,I LOVE MEでいられるように,IN Lv.15,15.200001,多押+楼梯+32分+耐力
29265,Skyscape,IN lv.15,15.1,-
29277,メイデン (feat_ りぃふ),AT Lv.14,14.0,-
2928,I really ∞,WM Lv.13,13.900001,高BPM
29280,Basics in Behavior,IN Lv.14,14.0,-
29281,沙威玛传奇,AT Lv.憋,10.0,-
29293,"Good bye, Merry-Go-Round.",IN Lv.15,15.600002,多押+楼梯+32分+变速+纵连+位移
29301,Bunny Bunny Carrot Carrot,IN  Lv.14,14.599999,-
29303,Forever Young,AT Lv.15,15.0,32分
29376,IOR,IN Lv.15,15.1,楼梯+纵连
29383,L.D.,AT Lv.13,13.600002,32分+变速+纵连+叠键+位移
294,XODUS,AT,16.900002,底力+多押+32分+变速+耐力+位移+定轨
29407,Do Better,IN Lv.14,14.800003,32分
29411,献,HD Lv.11,11.1,32分
29414,Another Me,IN Lv.14,14.1,楼梯+纵连
29430,彼女は旅に出た--Nachoneko,Nachoneko Lv.12,12.500002,-
29434,心印,IN,14.100001,-
29440,恋の才能,Love.13,13.200001,-
29442,Second Choice,Legacy Lv.16,16.400002,底力+多押+32分+变速+耐力+位移+定轨
29452,甜甜饕餮糖糖,sweet,13.7,-
29472,爆ぜて咲く,IN Lv.15,15.1,32分+变速+耐力
295,Àqua Prism,4thPecjam,14.5,楼梯
29511,永诀 众神黄昏,IN Lv.16,16.200005,底力+楼梯+耐力+位移
29517,Aoharu Band Arrange,AT Lv.14,14.900001,爆发
29521,IOR,IN Lv.15,15.600001,楼梯+纵连
29544,月夜見,IN Lv.15,15.400002,楼梯+位移
29561,恋ひ恋ふ縁,IN Lv.14,14.8,32分
29566,Random,IN Lv.14,14.800003,-
29594,スパイシーウィッチクラフト,IN Lv.15,15.0,多押+楼梯+32分+位移
29615,地心历险,IN Lv.14,14.200005,32分
29616,Cross†Soul,AT Lv.16,16.2,底力+位移
29617,童新枝旅,EZ Lv.Nahida,10.0,32分
29640,#curtaincall,AT Lv.16,16.0,底力+多押+32分+变速+耐力+高BPM+位移
29642,Brain Power,IN.14,14.500002,楼梯+变速+纵连+位移+定轨
29664,Zero Talking,IN  Lv.14,14.500002,-
29665,Tera,IN Lv.14,14.1,多押+32分
29666,The Awakening,IN Lv.15,15.0,32分+耐力
29675,Kanadetomosusora(かなでともすそら),IN Lv.13,13.0,32分
29679,Χάρων,IN Lv.15,15.600002,爆发+纵连
29684,Blade of Hope(TV size),IN Lv.13,13.0,-
29686,The last page,HD Lv.5,5.4999995,-
29692,SγN FlΩ0d,IN Lv.15,15.600002,楼梯
29693,China-E,IN Lv.14,14.900007,多押+32分
29701,再会,IN Lv.14,14.0,纵连
29706,lonely,IN,13.099999,楼梯
29727,与众不同,IN Lv. 15,15.599998,-
29753,Random,IN Lv.14,14.400001,-
29758,TheFatRat-Unity,Lv.13,13.000004,耐力
29797,Miracle Forest,IN Lv.15,15.0,-
29800,Recall!!,IN Lv.14,14.1,-
29823,Tainted Reminiscence,IN Lv.16,16.2,底力+多押+32分+变速+耐力+高BPM+位移
29825,Miconazole,AT,16.4,底力+多押+32分+变速+耐力+位移
29830,Summer(Nature's Crescendo),IN Lv.14.5,5.0,-
29865,BiBiC HEART,AT Lv.15,15.600011,32分
29870,the world of scarlet,IN Lv.15,15.300001,-
29874,You！！！,IN Lv.14,14.0,32分
29897,紫陽花の八重咲くごとく,IN Lv.13,13.200005,32分
29900,酔いどれ知らず,IN Lv.14,14.900003,纵连
29906,TAIDADA,AT Lv.15,15.0,变速+耐力
29909,Lockdown (feat. NEONA),IN Lv.14,14.0,-
29910,cryout,IN LV.13,13.700001,-
29919,在银河中孤独摇摆,AT Lv.15,15.200001,32分
29920,Eureka,IN Lv.14,14.900003,纵连
29927,witch of the hollows,AT Lv.16,16.900003,底力+楼梯+耐力+纵连+叠键+位移
2993,Aulture, IN Lv.14,14.0,楼梯+变速+纵连+叠键
29934,50.000,IN Lv.14,14.900001,楼梯+变速+耐力
29951,ouroVoros,IN Lv.15,15.800004,底力+楼梯+爆发
29960,雷霆蛮釁,AT Lv.15,15.1,32分
29966,Recollection,IN Lv.15,15.400002,32分
29986,《Ж》,IN Lv.15,15.600002,底力+变速+高BPM+纵连
29989,Chasing,IN Lv.14,14.699999,楼梯+位移
3,Hyperspace,IN.15,15.0,楼梯+32分+耐力+纵连
30,夏花,IN,13.700003,32分+耐力
3000,まっさらな大地,IN  Lv.14,14.2,-
30014,Evelonda,IN Lv.13,13.900003,耐力
30021,墜光の都市より,FL Lv.16,16.300001,多押+32分+变速+耐力+叠键+位移
30041,Angels (Extended Mix）,AT,15.1,32分+耐力+纵连
30048,Hai Phut Hon(KAIZ Remix),IN Lv.14?,15.300005,楼梯+32分
30053,"Good bye, Merry-Go-Round.",IN Lv.15,15.600002,多押+楼梯+32分+变速+纵连+位移
30064,Scrutinised,IN Lv.15,15.199999,爆发
30066,GOODTEK,AT Lv.15,15.400002,底力+多押+楼梯+位移
30067,Meltdown,AT Lv.15,15.400002,多押+32分+定轨
3007,Duplicity Shade,AT 17.27*,17.2,底力+多押+楼梯+32分+变速+耐力+叠键+位移+定轨
30078,人间万朵红,FM Lv.13,13.400002,楼梯+叠键
30083,Second Choice,AT Lv.16,16.400002,底力+多押+32分+变速+耐力+位移+定轨
30090,★ Ascension To Heaven,IN Lv. 16,16.0,底力+爆发+耐力+位移
30104,Βг@!Nïaç ▲▲αN1aс,PvZ Lv.?,16.2,楼梯+32分+变速+耐力+高BPM+纵连+位移
30111,七年之梦,CJ Lv.15,15.0,楼梯
30114,Rubia,IN Lv.13,13.0,楼梯
30115,てねてね ,AT Lv.13,20.0,-
30137,RAVE LOVE,IN  Lv.13,14.0,-
30157,乐意效劳(Magens Remix),IN Lv.14,14.900002,多押+楼梯+变速+纵连
30168,Journey in Stars,Star Lv.15,15.7,耐力
30181,Link,IN Lv.14,14.300001,多押+楼梯
30187,Ambiguous,IN Lv.14,14.200001,32分+纵连
30226,"""Eureka""",AT  Lv.16,16.300001,底力+多押+耐力+纵连+位移
30236,Sunburst,IN Lv.sun,12.0,多押+32分
30237,The Endless for Traveler,IN Lv.15,15.200001,-
30241,BOUNDED QUIETUDE,HD Lv.13,13.600002,32分+高BPM
30244,CO5M1C R4ILR0AD,AT  Lv.15,15.900003,底力+爆发+耐力+位移
30255,Speculation,IN Lv.16,16.7,楼梯+变速+纵连+定轨
30266,シカ色デイズ,IN Lv.14,14.800003,32分
30316,GASHATT,IN Lv.14,14.800003,楼梯
30318,EYE,IN lv.15,15.100004,楼梯+32分+定轨
3033,Realize,IN Lv.14,14.0,32分
30336,骤雨の狭間,IN Lv.15,15.0,底力+爆发+耐力
30340,Gravitational Revert,AT Lv.16,16.700003,底力+32分+变速+耐力+高BPM+纵连+位移
30344,無意識レクイエム (cosmobsp rmx),AT Lv.16,16.1,多押+32分+变速+耐力+高BPM+位移
30347,Pluripotency,IN Lv.15,15.1,底力+爆发
30348,Miconazole,AT16,16.4,底力+多押+32分+变速+耐力+位移
30368,神っぽいな,AT Lv.15,15.299998,-
30370,随神,AT  Lv.16,16.400002,底力+楼梯+32分+爆发+变速+耐力+叠键+位移
30385,Χάρων,AT Lv.16,16.1,多押+32分+耐力+位移+定轨
30391,無意識レクイエム (cosmobsp rmx),AT Lv.16,16.1,多押+32分+变速+耐力+高BPM+位移
30396,心象的フラクタル,IN Lv.14,14.300001,-
30431,躯樹の墓守,AT,16.400002,底力+多押+32分+变速+高BPM+位移
30432,理发师 Boss战,WAW Lv.15,15.600002,-
3045,Dead inside,HD Lv.7,7.0,-
30456,[Serenade Promenade] OST 240 Theme 3,IN Lv.12,12.600002,32分
30471,"《創造》 ～ Cries, beyond The End",AT Lv.16,16.900003,底力+多押+32分+变速+耐力+高BPM+位移
30472,インドア系ならトラックメイカー,IN LV.14,14.0,耐力
30474,βlαnoir,AT Lv.18,18.100002,底力+多押+变速+耐力+位移
30498,青春のアーカイブ (TVsize),Archive Lv.14,14.400002,32分
30506,PANDORA PARADOXXX,AT  Lv.16,16.8,底力+多押+楼梯+32分+变速+耐力+位移
30514,DA'AT -The First Seeker of Souls-,AT Lv.17,17.900007,底力+32分+变速+耐力+高BPM+位移
30521,十拳剣,IN Lv.15,15.600002,底力+楼梯+爆发+高BPM
30523,INFINITE HYPERDRIVE,IN  Lv.15,15.400002,32分
30546,The world of failures(speed up）,Another Lv.15.8,15.800005,底力
3055,天国と地狱,IN Lv.14,14.5,-
30576,パソトマイム,IN.13,13.200001,楼梯+纵连
30583,不重逢,IN Lv.14,14.400002,-
30586,Luminous memory,IN Lv.13,13.0,-
30595,みむかｩわナイストライ,SP Lv.15+,15.9000025,楼梯+耐力
30597,Our Message,IN Lv.15,15.3,叠键
30603,モニタリング,IN Lv.15,15.0,-
30609,PYRO,IN Lv.15,15.300001,-
30610,モニタリング,IN Lv.14,14.200001,-
30616,みむかｩわナイストライ,MI Lv.14,14.0,-
30647,the world of scarlet,AT Lv.16,16.1,底力+读谱+变速
30652,薄明の雫,15.2,15.200001,高BPM
30657,巨人の肩から見下ろして,IN Lv.15,15.700003,32分+耐力
30665,妄想感傷代償連盟,IN,10.0,多押+32分+耐力
30666,基尼奇：驰焰猎逐,AJAW Lv.15,15.0,楼梯+32分+定轨
30675,Love & Justice,MASTER LV.15,15.1,底力+多押+楼梯+爆发+耐力+位移+定轨
30676,独角戏 MONODRAMA,AT,16.299997,底力+楼梯+32分
30677,Fixations Toward the Stars,AT Lv.15,15.500002,底力+耐力
30692,King Atlantis,IN Lv.16,16.0,底力+耐力+位移
307,我在,Here,14.1,楼梯+爆发
30733,Innocence,IN Lv.14,14.200001,-
30738,the world of scarlet,IN  Lv.15,15.300001,-
3074,ローリンガール（翻滚少女）,IN Lv.14,14.500002,楼梯+32分
30747,Quaoar,17,17.0,底力+楼梯+变速+耐力+叠键+位移
3076,Parallel Skydive,IN Lv.14,14.0,位移
30769,VorpΛlize,IN Lv.15,15.0,多押+变速+高BPM+位移+定轨
30773,Wildest Dreams,AT Lv.15,15.0,32分
30775,Nevada,IN Lv.14,14.599998,-
30777,外のヒト,IN Lv.14,14.700003,楼梯+32分
30797,winning the soul,IN,14.200003,32分
30805,This game,『』 Lv.15,15.200001,多押+32分+变速
30818,迷星叫,IN Lv.15,15.599999,32分+变速+位移
30832,妄梦,IN Lv.14,14.0,底力
30839,the story of the tap and the hold(2),AT Lv.16.0,16.0,32分+定轨
30842,七重痼病,Hypochondriac Lv.15,14.800003,-
30846,Заново (Explicit) - ,AT Lv.15,15.500001,多押+楼梯+32分+位移
30857,彼女は旅に出る/甘城なつき(cover),AT Lv.14,14.600004,-
30861,めんたいコズミック,IN.15+,15.8,耐力+纵连+位移
30865,Conway's Child,HD Lv.12,12.0,爆发
30878,覆灭重生 Come Alive,AT Lv.15,15.200001,楼梯+耐力+定轨
30895,Paradise,IN Lv.13,13.300001,-
30907,准备出发！,IN  Lv.14,14.0,32分
30918,Trippy Love,IN Lv.13,13.700003,耐力+位移
30935,press,In Lv.14,14.100004,楼梯
30942,Baryogenesis,AT Lv.18,18.300005,底力+多押+32分+变速+耐力+叠键+位移
30946,winning the soul,AT,13.699998,32分
30969,ブランディングができない（不可能品牌推广）,IN Lv.15,15.1,32分+定轨
30972,RUSH HOUR,IN Lv.15,15.400002,楼梯+变速+位移
30973,The Eye,IN Lv.12,12.0,-
31023,Sendan Life(katagiri bootleg),AT Lv.16,16.200005,多押+32分+变速+耐力+位移
31028,灰の羽搏,THE LAST: LV. ∅,19.100002,底力+多押+楼梯+32分+变速+耐力+高BPM+叠键+位移+定轨
31045,激光之城,EX Lv. 14,14.0,-
31049,Christmas Canon Rock,IN Lv.13,13.0,楼梯+高BPM
31062,キャットラビング改版(nachoneko),IN Lv.14,14.700003,楼梯
31078,Canon Rock,EZ Lv.8,8.0,-
31082,MARENOL,IN Lv.14,14.0,楼梯+纵连+叠键
31096,True Blue,AT,18.400002,底力+32分+变速+耐力+定轨
31098,PRIME - ズットキット・プライマリ,Furry Lv.14,11.0,多押+32分+位移
31117,Flower Dance,IN Lv.13,13.200001,耐力
31130,phone kisses,EZ Lv.5,5.200001,-
31137,pi,EZ Lv.1,1.8000001,-
31142,花となれ,IN Lv.13,13.1,-
31162,有兽焉,Furry Lv.14,14.100001,32分
31175,开心病,IN Lv.14,14.600011,多押+位移
31185,野花香(Haocore Mix Feat.Jiafei),IN  Lv.16,16.30002,多押+楼梯+32分+变速+耐力+高BPM+位移+定轨
3119,OverThink,IN Lv.13,13.0,-
31191,但,你说你~,13.500001,-
31207,I Must Say No,IN Lv.13,6.0,-
31214,Ultimate Force,AT  Lv.17,17.600006,底力+多押+32分+变速+耐力+高BPM+叠键+位移+定轨
31225,Faded,IN Lv.14,14.300004,-
31229,初音ミクの消失,IN Lv.14,14.7,底力+楼梯+变速+耐力+位移+定轨
31233,Midnight Trip,IN.13,13.200001,-
31244,Flourishing Age,SP Lv.2025,14.3,-
31247,Acht Streiks,Legend Lv.16+,16.6,底力+多押+楼梯+32分+变速+耐力+高BPM+位移
31249,To The Stars (2022 Edit),IN.Lv 14,14.0,32分
31254,Moonflutter,IN Lv.14,14.900003,-
3126,Eternal Snow,IN lv.13,13.0,楼梯
31273,蔚蓝档案OST 228,IN,12.900003,-
31274,.coooooffee,IN Lv.13,13.500002,-
31275,天鹅之舞,AT Lv.16,16.2,底力+位移
31278,Singularity-奇点-,AT Lv.16,16.700003,底力+多押+32分+变速+耐力+位移
31279,Antler,IN ,15.199999,楼梯+爆发+耐力
31280,KING,EX Lv.15,15.499998,楼梯+32分
31281,PDD,IN  Lv.15,15.1,-
31288,戏游九州,IN Lv.15,15.300001,变速
31294,天空の城ヴェリエル,IN Lv.15,15.900003,底力+爆发+高BPM+位移
31295,超度 -Go Beyond-,IN Lv.16,16.400002,多押+32分+变速+耐力+高BPM+位移+定轨
31296,おべんきょうたいむ,IN  Lv.15,15.600002,楼梯+爆发+纵连
31301,Traxxendenza,AT Lv.17,17.2,底力+多押+32分+变速+耐力+叠键+位移
31303,Ark of Galaxies,IN Lv.14,14.8,32分
31306,Mystic Light Quest,佩佩 鼎盛期,14.700001,楼梯+耐力+纵连
31311,The Spectre,AT Lv.15,15.0,32分
31331,Calamity Tempest,AT Lv.18,18.200005,底力+多押+楼梯+32分+变速+耐力+叠键+位移+定轨
31333,Rolling beat,IN Lv.14,14.500002,耐力
31343,前代未闻,IN,14.7,耐力
31347,MARENOL(含故事板),IN Lv.14,14.0,楼梯+纵连+叠键
31348,Blue Archive·RE Aoharu,HD Lv.10,10.0,楼梯+纵连
31352,20年以上のソナタ,Sonata Lv.15,15.200005,-
31355,Gangnam Style (강남스타일),AT Lv.15,15.0,底力+多押+楼梯+32分+变速+耐力+纵连+位移
31361,Tojita Sekai,IN Lv.15,15.800003,耐力
31367,せかいから____がきえるとき,IN Lv.16,16.0,耐力+高BPM+位移
31387,My time(Short ver.),IN Lv.12,12.0,楼梯
31391,Addict,SP Lv.14,14.5,楼梯
31395,タイムパラドックス (时间悖论),IN,15.0,多押+32分+耐力+位移+定轨
31398,㋰責任集合体,IN Lv.14,14.900003,-
31410,后来我们的爱-纳西妲,IN Lv.12,12.300001,高BPM
31413,Burning Desires 绝望吧台,IN Lv.15,15.200001,32分+高BPM+纵连
31416,Regnaissance,IN Lv.15,15.400002,-
31430,夢,IN Lv.14,14.000002,多押+32分+变速+纵连
31442,阿米娅印象曲,A,14.699999,-
31448,Jump out?,IN.LV15.7,7.0,多押+楼梯
31462,Celestial,AT Lv.16,16.400005,楼梯+32分+位移
31473,见到你真开心！,IN Lv.14,14.1,-
31475,Super Fructose,IN Lv.14,14.0999975,32分
31488,インドア系ならトラックメイカー,IN Lv.14,14.0,耐力+纵连+定轨
31490,Somero,IN Lv.14,14.999998,耐力
31492,Lonely World,AT Lv.15,15.200001,多押+32分+耐力
31493,KARAKURhythm,IN Lv.14,14.900001,-
31507,raputa,EX Lv.16,16.0,底力+变速+耐力+高BPM+位移
31508,Gamma Ray Burst,AT lv.16,16.0,底力+32分+爆发+变速+耐力+位移
31527,未完成ランデヴー,IN Lv.13,13.300001,-
3153,ナツノハテ,SP,15.300004,-
31530,My Amazing World,IN Lv.15,15.0,-
31536,Storyteller,IN Lv.12,12.1,-
31546,LIFE,IN  Lv.15,15.100004,-
31556,welcome spooky,IN 15,15.1,楼梯
31557,MURDER PLOT,FM Lv.14,14.400002,-
31569,Final Hope,FH Lv.13,13.0,爆发+高BPM+纵连
31574,Precipice,IN Lv.15,15.0,耐力
31576,Seasons(feat. Harley Bird)(NIVIRO Remix),AT Lv.15,15.700003,楼梯
31615,Blue Archive·RE Aoharu,HD Lv.10,10.0,楼梯+纵连
31653,Re End of a Dream,IN.15.8,15.799999,底力+多押+32分+变速+耐力+高BPM+位移
31657,Glorious Morning,IN  Lv.15,15.200001,32分
31687,何者,IN Lv.12,12.0,楼梯
31709,KiLLKiSS (TV Size),IN Lv.15,15.200002,多押+32分+位移
31710,LEVEL5 -judgelight-,IN Lv.13,13.8,-
31769,∀,AT Lv.17,17.1,底力+变速+耐力+高BPM+叠键
31788,归零,in.,15.8,底力+楼梯+32分+变速
31804,Last Dance,IN Lv.14,15.100004,多押+32分+变速+耐力+位移
31810,长夜(Long Night),HD Lv.13,13.0,楼梯+纵连
31816,Crush Alcohol,AT Lv.15,16.300005,底力+32分+耐力+位移
31831,ぎゅむ!,IN Lv.14,14.500002,32分+耐力
3186,imaginary love story (feat. 初音ミク),EZ Lv.6,6.0,-
31864,糸,Lv.KAF！！！,15.099997,楼梯
31867,Lighting(Phonk),HD,10.2,32分+纵连
31868,Chartreuse Green,IN Lv.14+,10.0,定轨
31872,夏野与暗恋,IN LV.13,13.0,32分
31882,Bismuth,AT Lv.16,18.4,底力+耐力+高BPM+定轨
31895,Drama,IN Lv.13,13.600002,-
31899,Atmospheric Vibration,AT Lv.16,16.100002,32分+耐力+叠键+位移
319,King Atlantis,AT Lv.17,17.0,底力+多押+32分+变速+耐力+叠键+位移+定轨
31914,R.I.P.,IN Lv.14,14.800003,位移
31915,失敗作少女 (MARETU Remix),IN Lv.14,14.8,32分+耐力
31916,打上花火,Enjoy it~,10.0,-
31920,Blossom,IN Lv.13,13.800003,-
31924,Burn My Dread,IN.11,11.0,-
31926,命短し恋せよ乙女,IN Lv.15,15.200001,-
31929,Rainmaker,IN Lv.大雨,14.800002,-
31953,Find Our Way,AT Lv.16,16.600002,底力+多押+楼梯+32分+变速+耐力+纵连+位移
31963,Guns,IN  Lv.15,15.0,耐力+叠键+位移
31971,让风告诉你,IN Lv.13,13.399999,-
31976,せかいから____がきえるとき,Disappear Lv.?,17.2,32分+变速+耐力+高BPM+叠键
31999,MVURBD,IN Lv.15,15.6,底力+多押+楼梯+32分+变速+耐力+位移
32018,ティアラ,IN Lv.14,14.7,-
32029,キャットラビング,IN LV.14,14.200001,多押+楼梯+32分
32035,Villain Virus,IN Lv. 16,16.2,底力+耐力+高BPM+叠键+位移
3205,海愿,IN.Lv.12,12.0,32分
32061,Contrasty Angeles,AT Lv.16,16.2,位移
32062,Hero,Dream Unreachable,14.299996,楼梯
32066,ぼくのかみさま,IN Lv.13,13.700003,32分
3207,Picasso,AT Lv.16,16.6,底力+楼梯+32分+变速+位移
32087,Constant Moderato Piano Arrange,IN Lv.12,12.500002,-
32088,なでなで,IN Lv.14,14.900003,32分
32099,劣等哀歌,IN Lv.14,14.600002,32分
32115,To U,IN Lv.14,14.800003,32分
32143,罪と罰 (Reloaded),IN Lv.14,14.400002,楼梯+纵连
32146,"It's over,BUT NOT FOR US(Dafikun Remix)",IN Lv.15,15.800003,底力+爆发+耐力+纵连
32164,蝎虎天体 -Lacertid-,IN Lv.15 ,15.500001,32分+变速+高BPM+定轨
32167,Latent Kingdom,AT lv.16,16.500002,底力+变速+耐力+纵连+定轨
32176,Metaphor,IN Lv.15,15.2,楼梯
32192,KiLLKiSS(TV size),IN Lv.15,15.0,多押+32分+变速+位移
32196,キミを失って(失去你),IN Lv.14,14.600002,-
32208,白鸟过河滩,IN Lv.13,13.1,-
3224,conflict,IN Lv.15,15.2,多押+32分
32260,Lunar Express (Original Mix),SP Lv.15,15.0,耐力+叠键
32272,Villain Virus,IN Lv. 16,16.2,底力+耐力+高BPM+叠键+位移
32286,Breakcore WTF!?,AT Lv.17?!,17.300005,底力+多押+楼梯+32分+变速+耐力+高BPM+位移
32295,ラ・ム・ネ,Fr,14.6,楼梯
32321,烁雨,Sparkle Lv.13,13.2,-
32322,Frozen Heart(feat.初音ミク),AT Lv.14,14.7,楼梯+纵连
32358,恭喜发财,13,13.499997,底力
32373,唱,IN Lv.14,14.0,32分
32376,ツギハギスタッカート,IN Lv.13,13.400007,楼梯
32380,Oriens,IN Lv.15,15.300001,-
32393,おべんきょうたいむ,AT Lv.17,17.100004,多押+32分+变速+耐力+叠键+位移
32404,キャンディークッキーチョコレート,IN  Lv.14,14.900001,楼梯
32407,终の舞姬,AT Lv.17.5,17.500006,底力+多押+32分+变速+耐力+位移
32411,Avataar~Reincarnation of Kalpa~,IN Lv.15,15.0,32分+爆发
32425,Squidward Finishes Those Errands,IN LV15,15.600002,楼梯+32分+变速+纵连+位移+定轨
32471,……已至,EX,15.700003,-
32527,コンペイトウさん過激派,IN  Lv.15,15.0,楼梯+32分+变速
32538,Collapsing World,IN  Lv.13,13.500003,-
32551,Life is PIANO,IN Lv.15,15.500002,-
32559,モニタリング,SP Lv.SJ,15.5,-
32587,ぎゅむ！,IN  Lv.13,13.1,32分
32599,Against All Odds,IN Lv. 13,13.0,-
32602,Butcher Vanity,IN Lv.15,15.200005,楼梯+32分
32636,Nhelv,AT,15.8,底力+爆发+耐力+位移+定轨
32649,α煩悩,AP Lv.14,14.0,-
32671,Chaotic Time Trio Phase1.5,IN Lv.15,15.100019,32分
32687,Weavers,IN Lv.15,15.600002,耐力+定轨
3269,室内系的TrackMaker,IN LV.14,14.500002,耐力
32702,Mystic Light Quest,IN  Lv.15,15.700003,耐力+位移
32713,Contrasty Angeles,IN Lv.15,15.7,位移
32715,冲破穹顶,IN  Lv.15,15.500002,楼梯+爆发+耐力
32716,2 Minutes Euphoria -2分間の多幸感-,IN Lv.14,14.500002,楼梯
32729,Ops:Limone,AT Lv.16,16.500002,底力+多押+32分+位移
32753,Guns,IN  Lv.15,15.0,耐力+叠键+位移
32757,妄想PARANOIA,undefined Lv.?,10.0,-
32783,千本桜,AT Lv.16,16.399998,多押+32分+变速+耐力
3279,青柠,IN Lv.11,11.0,-
32809,China-E,IN Lv.15,4.0,耐力+纵连
3281,Reinvent,IN Lv.13,13.0,-
32818,生命性シンドロウム (feat. 初音ミク),IN Lv.15,15.700003,底力+变速+纵连+位移
32836,クリームソーダとシャンデリア,SUKI love.13,13.700003,-
32842,プレヤ,Insane Lv.12.9,12.9000025,-
32863,きゅびびびびずむ,IN  Lv.15,15.300001,楼梯+32分+耐力
32874,Kyoto,IN LV.14.6,9.0,-
32883,Tangled,AT Lv.15,15.8,底力+楼梯+耐力+定轨
32898,Memories,IN Lv.15,15.600002,楼梯+32分
32904,白鸟过河滩,IN Lv.13,13.0,-
32914,系ぎて,HD Lv.13,13.899999,叠键+定轨
32916,Only My Railgun,IN Lv.13,13.0,纵连
32930,CROSS✝OVER,IN Lv.15,15.4000025,底力+位移
32931,ふたつの影,"IN Lv.13
",13.9,纵连
32952,Chrono Diver -PENDULUMs-  ,IN  Lv.15,15.0,底力+爆发+位移
32956,GRAVITY ZOИE,HD Lv.10,10.500002,楼梯+纵连
32958,Stellaria,IN Lv.13,12.0,高BPM
3297,有兽焉,AT Lv.16,16.300001,底力+多押+32分+变速+纵连+叠键+位移
32992,End time,End Lv.15,15.0,底力+爆发+位移
32997,旧地獄街道を行く,IN Lv.13,13.699999,-
33002,绿野仙踪,IN Lv.14,14.800003,-
33005,Unsinkable Memory,ATRI Lv.15,15.3,楼梯
33006,unsinkable Memory,IN Lv.13,13.0,-
33007,"Goodbye,Merry-go-round",IN Lv.15,15.500002,楼梯+变速+纵连+位移
33008,Fallen Era,AT Lv.16,16.0,耐力
33020,きゅびびびびずむ,AT Lv.16,16.400002,多押+楼梯+32分+变速+耐力+叠键+位移
33043,青空Magic Day,IN Lv.14,15.300005,底力+耐力+纵连
33044,Vanitas ac Redemptionis,spes lv. 14,14.0,-
33050,不管正派反派吃个年夜饭先！,16,16.0,32分+纵连+定轨
33053,ライムライトの残火,IN Lv.14,14.900003,32分
33068,Forget me not,IN15,15.0,-
33072,Next Time,IN Lv.12,12.50001,32分
33076,恋のうた(恋歌),Moon Lv.14,14.900002,-
33120,白と黒のバケモノ,AT Lv16,16.800003,32分+变速
33121,China-Rain,IN Lv.13,13.5,-
33130,VorpΛlize,EXT  Lv.16,16.900003,底力+多押+32分+变速+耐力+位移
33155,言って。,IN Lv.15,15.300001,楼梯+32分
33175,Apollo,AT Lv.17,17.700006,底力+多押+32分+变速+耐力+高BPM+叠键+位移+定轨
33179,命に嫌われている,HD LV.10,10.600002,-
3318,Seraphim,AT Lv.16,16.599998,多押+变速+耐力
33184,狼之主,EX Lv.15,15.200001,多押+32分+耐力
33199,ビノミ,AT Lv.15+,15.8,底力+爆发
33224,イガク,IN Lv.14,14.600002,楼梯
33244,好运来(Haocore Mix),IN Lv.15,15.6,多押+耐力+位移
33246,Super Universe(Knighthood Remix),AT 16+,16.6,底力+多押+楼梯+32分+变速+耐力+位移
33274,Cry for me,IN Lv.13,13.0,楼梯+32分
33278,医生D,IN Lv.14,14.0,-
33295,见到你真开心,IN,16.0,多押+32分+变速+定轨
33317,We are condemned to be free,IN Lv.13,13.500002,-
33325,青花,IN Lv.13,13.599998,32分
33348,Tell Me (The Meaning),IN Lv.15,15.400002,楼梯+32分+爆发+变速
33352,《Ж》,IN Lv.16,16.500002,底力+爆发+高BPM
33380,Axion,Legacy Lv.15,15.300001,底力+爆发
33383,MAGENTA POTION,EZ Lv.1,1.3000001,-
33438,Ennor,IN Lv.15,15.700003,底力+爆发+耐力+位移
33440,氷滅の135小節,AT Lv.18,18.200005,底力+多押+32分+耐力+位移+定轨
33449,Time To Night Sky (feat. Lee Yu Jin),AT Lv.16,16.200003,纵连
33451,好运来(Haocore Mix),AT Lv.16,16.600002,底力+楼梯+变速+耐力+纵连+位移
33456,Do you wanna kiss angel,IN Lv.13,13.0,-
33466,はっぴ～しゅ～てぃんぐすた～,IN Lv.14,14.8,多押+32分+变速+位移
33474,TEmPTaTiON,AT Lv.16,16.300001,32分+爆发+变速+耐力+叠键+位移+定轨
33476,海的女儿（芙宁娜同人曲）,IN,13.4,32分
33483,Crystal Zone（谱面重制）,Remake Lv.12,12.5,-
33530,lovelynonsense,AT Lv.17,18.200005,底力+多押+楼梯+变速+耐力+位移
33534,Dogbite,IN Lv.14,14.9,32分+变速
33543,经过,IN  Lv.13,13.200001,-
33544,彼女は旅に出る,IN Lv.(*^ω^*),15.3,耐力
33548,Problem Child,IN Lv.14,14.8,楼梯
33561,壁上观,15.1,15.1,32分
33565,Regnaissance,IN Lv.15,15.700003,楼梯+32分+纵连
33587,With the rain that never stops,IN Lv.15,15.0,多押+32分+变速+耐力+位移
33612,Ice Ginte-冰巨星,HD13,13.5,楼梯
33613,Hello (BPM) 2025,SP Lv.20.25,17.0,底力+爆发+变速+耐力+高BPM+纵连+叠键+位移
33614,恋ひ恋ふ縁,AT Lv.16,16.2,多押+32分+变速+位移+定轨
33625,The Last Page,SA Lv.15,15.700003,底力+楼梯
33642,overdose,IN Lv.14,14.400001,-
33648,魔魔魔☆Magical,IN Lv.13,13.0,32分
33649,Forward !,IN Lv.13,13.0,-
33660,Relieve,IN Lv.13,13.400002,楼梯
33668,VORTEX,AT Lv.14,14.900001,楼梯+纵连
33671,Willed,Time Lv.15,15.700001,-
33686,ハナタバ,IN Lv.13,13.900003,-
33688,Where Did You Go,IN Lv.15,15.400002,楼梯+32分+纵连
33702,The Filthy Mind,IN Lv.16,16.300005,变速+高BPM+定轨
33704,FOG CITY [UΩlgazed Wørld],IN  Lv.15,15.800003,底力+爆发
33728,ツムギボシ,IN Lv.15,15.400002,楼梯
33736,Designate,IN Lv.14,14.0,楼梯
33737,We Won't Be Alone (feat. Laura Brehm),IN Lv.15,15.500002,32分+耐力
33757,Сигма Бой (Sigma Boy),IN Lv.14,14.300001,32分
3376,别墅奇喵夜,IN Lv.14,14.0,-
33763,虚拟空间Virtual Space,CJ Lv.15,15.8,-
33768,I will,起始之日,13.400013,-
33792,白月光与朱砂痣,IN Lv.14,14.0,-
33797,净善的遐歌 Surasthana Fantasia,IN Lv.13,13.800003,楼梯
33816,Jingle,IN Lv.14,14.800003,32分
33831,The Magic Bomb (Questions I get asked) ,IN Lv.15,15.900003,楼梯+32分+纵连
33832,炳烛志·斩邪,IN Lv.15,15.400008,32分+高BPM
33836,★你的颜色,VD Lv.?,15.3,楼梯+纵连
33843,Fragment of memories,IN Lv.15.4,15.400002,多押+32分+变速+高BPM+位移+定轨
33850,Destructive Little Sister,IN Lv.16,16.0,底力+变速+耐力+高BPM+位移
33851,赴大荒,IN Lv.14,14.400001,32分
33864,恋のうた (feat. 由崎司),Kawayi,14.7,爆发
33865,ラ・ム・ネ,IN Lv.12,12.400002,-
33866,命に嫌われている,IN Lv.15,15.1,-
33868,流星物语,IN Lv.13,13.800003,楼梯+纵连
33874,Hero,IN Lv.12,12.500002,-
33881,アンノウン・マザーグース,IN Lv.14,14.8,耐力+高BPM
33892,Heracles,IN Lv.15,15.200001,多押+楼梯+位移
33911,不乱不破,IN Lv.15,15.0,楼梯+32分+纵连
33918,おべんきょうたいむ,IN Lv.15,15.200001,楼梯+变速+纵连+位移
3392,Eutopia,IN Lv.13,13.400002,多押+32分
33922,横断步道 feat.小春六花,IN,15.200005,变速+位移
33926,ラグトレイン,IN Lv. 13,13.000001,-
33938,大石碎胸口,AT.16,16.0,楼梯+32分+耐力+纵连+位移
33979,妄想感傷代償連盟,AT Lv.14,14.900001,32分+位移
33987,Empurple,IN Lv.15,15.2,耐力
33993,キャンディークッキーチョコレート,IN Lv.14,14.400002,高BPM
33999,造冰行动,IN Lv.15,15.0,底力+爆发+纵连
34007,絶望性:ヒーロー治療薬,IN Lv.15,15.800003,多押+32分+变速+位移
34014,心做し,AT Lv.15,15.0,32分
34027,Fine Logic,IN Lv.15,15.8,底力+楼梯
34061,Infinity Heaven,AT Lv.16,16.5,底力+多押+32分+爆发+耐力+位移
34078,Starlight traveler,IN Lv.15,15.0,底力+高BPM
34102,Lightning Moment (Melodic Dubstep Remix),IN Lv.14,14.600002,楼梯
34110,エータ・ベータ・イータ,IN Lv.16,15.800003,底力+爆发+耐力+纵连
34111,DESTRUCTION ～天羽の溃～,AT lv.16,16.0,底力+楼梯+32分+变速+耐力+位移
34113,ROCKET DIVE,FM Lv.14,14.7,纵连+叠键+定轨
34128,ギザバ怪文書,AT  Lv.18+,18.699999,底力+多押+32分+变速+耐力+高BPM+叠键+位移
34132,All My Cats,IN LV.15,15.399999,底力+爆发+耐力+位移
34139,Aoi (青),IN Lv. 14,14.0,纵连
3416,KINGWORLD,IN Lv.15,15.800003,多押+32分+变速+耐力+高BPM+位移
34166,Requiem Cataclysm,IN Lv.16,16.200005,32分+耐力+高BPM
3418,INTERNET YAMERO,IN Lv.15,15.400001,楼梯+变速+耐力+纵连
34181,๏ เ เ ค เ ๏ ๏ ๏ ๏ ๏ เ ค เ,AT Lv.17,17.0,底力+多押+32分+变速+位移
34189,あかず,IN Lv.15,15.900008,底力+32分+变速+高BPM
34208,Echoes of Memoria,AT Lv.17,17.800003,底力+楼梯+32分+变速+耐力+位移
34213,The Survivor (Game Edit),SP Lv.15,15.000004,楼梯+变速+纵连+位移+定轨
34232,そのまんまそのまんま、そのままずっとそのまま,AT Lv.15,15.400001,底力+楼梯+耐力+纵连
34237,夢紡ぎのワンダラー,IN Lv.15,15.0,32分+变速
3424,Beauty,IN Lv.13,13.300001,-
34250,Unshakable,IN Lv.15,15.0,多押+32分+位移
34252,キャンディークッキーチョコレート,IN Lv.13,13.700003,楼梯+32分
34259,キャンディークッキーチョコレート,IN Lv.15,15.1,楼梯+32分
34261,アマツキツネ (10th Anniversary ver.),AT Lv.15,15.500002,32分+耐力
34279,Collapsar,AT Lv.18,18.000004,底力+多押+楼梯+爆发+变速+耐力+纵连+叠键+位移
34291,GASHATT,IN  Lv.15,15.600002,楼梯
34297,ハローセカイ,IN  Lv.14,14.500002,-
34299,マッチ売りの転売ヤー,IN Lv.13,13.200001,-
34306,Kiseki in Blue Dreams,IN Lv.12,12.0,32分
34317,Quaerite Veritatis,AT Lv.16,16.700003,多押+32分+变速+耐力+高BPM+位移
34326,you are my curse,IN Lv.14,14.900001,楼梯
34329,ざぁこ,IN Lv.14,14.200001,-
34330,GlassyHeart.,SP  Lv.?,14.900001,纵连
34338,Sthenno,IN Lv.15,15.8,爆发
34343,BREaK! BREaK! BREaK!,IN Lv.15,15.600002,爆发+纵连
34344,Cryptarithm,IN Lv.15,15.800002,-
34351,系ぎて,IN,15.0,底力+楼梯
34359,Vicious Mockery,AT Lv.18,17.0,底力+多押+32分+变速+耐力+高BPM+位移
34370,不眠之夜,IN Lv.14,14.600002,楼梯+32分
34373,ウミユリ海底譚,Master. 13,13.0,32分+纵连
34381,光になりたい - First Light -,IN Lv.14,14.0,-
34384,梦之队,IN LV.13,13.500002,-
34413,执子之手,IN Lv.14,14.0,-
34414,anybody can find love (except you.),AT Lv.17,17.000004,底力+多押+爆发+变速+耐力+位移
34420,何者,IN Lv.13,13.400002,楼梯
34445,茜特菈莉：曜间浮行,IN Lv.15,15.3,32分
34463,碎镜,IN Lv.15,15.7,32分+耐力
34468,Kuromori-SAE4150,IN Lv.13,13.700003,-
34477,インターネットサバイバー,AT Lv.16.6,6.0,楼梯+32分+耐力
34483,うわがき,██ Lv.15,15.699999,32分+叠键
34485,系ぎて,AT Lv.15,15.600002,底力+楼梯+32分+变速+耐力+叠键+位移
34492,nostalgia,IN Lv.12,12.70001,纵连
34503,花有百样红,Lv.13,13.200001,-
34510,Press,IN Lv.15.2,15.200001,楼梯+32分
34526,ビビデバ（星慧闪耀）,AT  Lv.17,17.0,32分+耐力
34540,雪女,IN,15.3,底力
34552,Glitched Universe ,AT Lv.17,17.0,底力+爆发
34558,舞姬,IN Lv.13,13.1,-
34570,Altaïr,IN Lv.15,15.800003,32分+位移
34571,Press,IN Lv.15.2,15.200001,楼梯+32分
34581,wish4finite,IN Lv.14,14.8,楼梯+32分+变速+纵连+位移
34583,Love's Theme of BADASS ～バッド・アス 愛のテーマ～,IN Lv.16,16.500002,底力+楼梯+32分+变速+位移+定轨
34598,Valkyrie Revolutia,Stream Lv.17,13.700001,底力+爆发+变速+耐力+位移+定轨
34599,macro.wav,IN Lv.15,15.300001,底力+纵连
34604,Tic! Tac! Toe!,IN Lv.13,13.400002,-
34606,OMG,IN Lv.14,14.0,32分+变速
34610,Kairos,IN Lv.14,14.300001,-
34614,REFLECTION,AT Lv.17,17.1,楼梯+耐力
34620,the world of scarlet,IN  Lv.16,16.1,-
34632,Dream Chaser (Phira Ver.),IN Lv.14,14.7,多押+32分
34647,Mazy Metroplex,IN Lv.14,14.900001,爆发
34651,Kiseki in Blue Dreams,HD Lv.10,10.0,32分
34697,Kairos,IN Lv.15,15.0,底力+32分
34708,Death Scythe,IN Lv.15,15.700003,多押+变速
34714,Gravisphere Crisis,AT  Lv.17,17.000004,底力+32分+变速+纵连+位移
34717,INTERNET OVERDOSE,AT Lv.16,16.8,多押+32分+变速+位移
34721,Schrecklicher Aufstand,IN Lv.15+,16.0,底力+变速+耐力+位移
34734,Mandragora,EX Lv.15,15.400003,32分
34736,★ yakinic,SP Lv.Fire,17.2,底力+楼梯+变速+耐力+纵连+叠键+位移+定轨
34756,Wings of Piano,IN  Lv.13,13.400002,楼梯
34767,グッバイ宣言,IN Lv.15,15.0,楼梯
34775,星相运轨-The Fake Of EndCat(Badcore Mix),15,15.5,楼梯+纵连+定轨
34781,DIVE with Ü,IN Lv.14,14.700003,读谱
34817,Terrasphere,IN Lv.14,14.400002,底力
34819,Heaven,HD,7.999999,楼梯+纵连
34837,幻影,IN Lv.14,14.400002,-
34848,Ham,IN Lv.13,13.0,楼梯
34849,crystallized,IN Lv.15,15.0,楼梯
34867,Hearts Of Steel,IN Lv.15,15.900004,楼梯+纵连+叠键+定轨
34868,Icyxis ~True Ending~,IN Lv.17,17.300001,底力+爆发+耐力+高BPM+位移
34870,Pneumatic Tokyo,IN Lv.14,14.800003,32分
34871,メルティランドナイトメア,IN lv14,14.399999,-
34917,Ars Cantate,IN  Lv.16,16.300005,-
34918,Greeting into Abysschaos,IN Lv.17,17.7,底力+多押+变速+耐力+高BPM+位移
34937,Astertale (feat. BlackY),DI,14.800003,-
34939,[CRYSTAL_ACCESS],AT Lv.16,16.400002,32分+变速+叠键
34974,ラビットホール,IN Lv.15,15.500002,底力+爆发+耐力+纵连
34984,Good bye，Merry-Go- Round,IN Lv.15,15.700001,楼梯+变速+纵连+位移
34989,Sphalerite,ORZ Lv.17,17.300001,底力+多押+变速+耐力+高BPM+位移
34999,Optocell,IN  Lv.12,12.300001,-
35014,Red moon,IN Lv.10,9.999993,楼梯
3504,心拍数#0822,IN lv.13,13.2,-
35040,8時半に会いにきて (MUG Edit),FM Lv.3.96,3.8999996,楼梯
35063,Crush Beta,At,16.0,楼梯+32分+变速+纵连+位移+定轨
35079,raputa,AT Lv.16,16.500002,底力+变速+耐力+高BPM+位移+定轨
35083,Dahlia,IN Lv.15,15.0,-
35088,Aoharu Band Arrange,IN.15,15.1,楼梯
35093,系ぎて,IN Lv.14,14.900001,纵连
35116,Ne Night & All Night,AT Lv.16,16.2,爆发+变速+耐力+位移
35130,ベルロバダコアマテヒアマネイメアア失レセ,有点长 Lv.？,15.0,耐力
35132,Excalibur ～Revived resolution～,IN Lv.15,15.7,楼梯+位移
35133,Inverted World,IN Lv.14,14.900001,-
35134,Broken Conviction,AT Lv.17,17.1,底力+楼梯+爆发+耐力+位移
35140,Echoism,IN Lv.13,13.200001,-
35141,Orca,IN,13.2,-
35151,夏影-AIRness-,Lv.19,20.0,多押+32分+耐力
35152,Lunaire Rèvir,IN Lv.15,15.800003,楼梯+纵连
35153,Terrasphere,IN Lv.13,13.700003,多押+32分
35210,猛独が襲う (MyGO!!!!! Cover),IN Lv.13,13.500002,-
35212,天灵灵地灵灵,IN Lv.16,16.1,32分+变速+耐力+纵连
35213,Malo 233,IN Lv.15,15.0,纵连
35224,"Stop, Go",IN Lv.15,15.0,楼梯+耐力+纵连
35226,Rising on the horizon,IN Lv.15,15.700003,底力
35240,Yorugao,IN Lv.14,14.900019,-
35244,赴大荒,IN Lv.12,12.700003,32分
35247,优劣弧,AT Lv.14,14.0,-
35249,QUEEN,AT Lv.14,14.800003,楼梯+32分
35253,就是哪吒,IN Lv.15,15.0,楼梯+变速+耐力+位移
35256,はいよろこんで,IN Lv.15,15.0,楼梯
35263,寻溯,IN Lv.12,12.900003,32分
3527,Won(*3*)Chu KissMe!,IN Lv.13,13.200001,多押+32分
35274,とおりゃんせ ~ 甘美風来,IN Lv.16,16.000004,多押+32分+变速+耐力+纵连+位移
35286,熱帯夜の祭り,IN  Lv.13,13.400001,-
35296,"G.V.N. (Glitter, Vomitus and Neon)",AT Lv.16,16.900003,底力+楼梯+爆发+变速+耐力+位移
35303,Dogbite,IN Lv.15,15.0,多押+楼梯+32分+纵连+定轨
35336,おべか,IN Lv.14,14.0,楼梯+32分
35351,繁星降落的奇迹,IN Lv.13,13.200001,32分
35360,ハロ（光晕）,IN 14,14.0,32分
35361,White Lines,IN Lv.15,15.0,32分
35366,Sphalerite,AT Lv.16,16.0,楼梯+32分+变速+高BPM+位移
35384,INTERNET YAMERO,AT LV.16,16.2,楼梯+32分+变速+耐力+纵连+叠键+位移+定轨
35386,Paradise,KU Lv.15,15.100008,32分
35398,サイエンス (Science),IN Lv.15,15.400002,多押+32分+变速+耐力+位移
35408,Rosemary,IN  Lv.14,14.8,32分+变速+位移
35412,《Ж》,IN Lv.15,15.500002,底力+读谱+变速+高BPM
35425,Compass,AT Lv.??,10.0,楼梯+32分
35429,ハナタバ,IN  Lv.F,10.0,-
35430,N,IN Lv.15,15.6,底力+耐力+位移
35433,失態生態実験体,IN Lv.15,15.0,-
35454,キッカイケッタイ,NG Lv.12,13.0,-
35485,L.Y.N.N.,AT Lv.17,17.2,底力+多押+楼梯+32分+爆发+变速+位移+定轨
35489,インパアフェクシオン・ホワイトガアル,IN Lv.15,15.0,-
35512,True Blue,AT Lv.16,16.9,底力+多押+32分+爆发+变速+耐力+位移
35515,Shizuku (feat. NEONA),IN.LV15,15.0,-
35532,Amnéhilesie,IN Lv.16,16.1,高BPM
35540,Terrasphere,AT Lv.15,15.600002,底力+耐力+位移
35541,Believe in you,IN  Lv.14,14.900001,楼梯+耐力+高BPM+纵连+定轨
3557,遠い空へ,Legacy Lv.12,12.2,楼梯+32分
35580,MemoryLocked,16,16.0,底力+32分+耐力
35582,ARTEMIS,IN Lv.15,15.800002,底力+楼梯+位移
35591,Megameteor,HD Lv.13,13.0,楼梯+变速
35592,We Will Meet Again,Legacy LV.12,11.9,-
35613,Be Kind,EZ Lv.6,6.4999995,楼梯+纵连
35620,有点意思 (Got a Date),IN Lv.13,13.900003,32分+位移
35628,超主人公,AT  Lv.15,15.400002,-
35675,EMOMOMO,IN Lv.14,14.500001,-
35688,子路 战斗曲,IN Lv.12,12.900007,-
35689,Super Fructose,IN  Lv.14,14.300001,-
35699,αterlβus,IN Lv.15,15.1,底力
35746,2 MINUTES FIGHTERS,IN,16.4,底力+多押+爆发+变速+耐力+位移
35756,サヨナラ！！ウイルス,AT Lv. 15,15.0,楼梯
35759,Pathetic House,EZ Lv.3,3.0,-
35760,Da Da Is Tape To And U U U,IN Lv.15,15.200001,底力+楼梯+爆发+位移+定轨
35772,Ne Me Relinque,WAW Lv.15,15.1,-
35786,Dummy!,IN Lv.13,14.0,-
35793,Fracture Temporelle,AT Lv.17,17.900003,底力+多押+32分+变速+耐力+高BPM+位移
35813,コドモチック · フィロソフィ,IN Lv.14,14.0,-
35819,Shadyshady,IN Lv.14,14.600002,-
35824,花（feat.花谱）,IN,13.7,多押+32分+纵连
35826,カナタハルカ,IN Lv.14,14.0,楼梯
3583,Imaginary World,IN Lv.14,14.200001,多押+楼梯+32分+变速
3587,Wholeheartedness,IN Lv.13,13.900003,32分+定轨
35885,Paparazzo,AT Lv.16,16.900003,多押+楼梯+32分+耐力+位移
35893,Brain Power,IN Lv.?,10.0,底力+楼梯+位移
3591,恋の氷結おてんば湯けむりチルノ温泉,BAKA Lv.14,14.2,-
35914,Realms,AT Lv.14,15.2,楼梯+32分+变速+耐力+位移
35921,オーブの祈り(Ver2.0),IN Lv.16,16.4,变速+纵连+叠键
35923,ReawakeR,SP Lv.?,10.0,多押+楼梯+32分
35939,流星物语,IN,15.0,32分+变速
35948,光線チューニング,IN Lv.13,13.9,多押+32分
35950,Stella-rium,IN Lv.15,15.0,多押+楼梯+32分+变速+耐力+位移
35965,Lapis,IN Lv.14,14.700003,-
35967,Magic,AT Lv.15,15.9,-
3597,EMOMOMO,LVLVLV.14,14.600002,32分
35984,The Chemistry,IN Lv.14,14.1,楼梯+32分
35996,星相运轨-The Fake of EndCat-(Badcore Mix),AT Lv.16,16.400002,底力+变速+耐力+叠键+位移+定轨
36000,さよならギフテッド（再见天才）,IN,16.7,多押+32分+变速+耐力+位移
36001,溯 Reverse (Live),IN Lv.14,14.299997,-
36014,サイエンス(科学),IN Lv.15.8,15.800004,多押+32分+变速+耐力+位移
36026,osumoisKusofumen for BELLE / osmosis,Korea Lv.?,20.0,底力+多押+32分+变速+耐力+高BPM+叠键+位移+定轨
36045,輪廻転生,AT lv.16,16.0,底力+多押+楼梯+32分+变速+耐力+位移
36053,Gone Angels,AT Lv.14,14.300001,楼梯+32分
3607,青い春と西の空,IN lv.14,14.600002,-
3608,Sparkle New Life,Legacy Lv.13,13.600002,多押+楼梯+32分
36090,MINE-(HANAEL REMIX),IN Lv.14,8.0,-
36093,Crush BETA(VIP),IN Lv.16,16.0,底力+楼梯+耐力+高BPM
36094,Catastrophic Fabrications,AT Lv.16,16.600002,底力+32分+耐力+叠键+定轨
36097,ちっちゃな私,IN Lv.14,14.0,楼梯+32分
36100,From the New World (自新大陆),IN,15.0,楼梯+32分+变速+纵连+位移
36106,Microcosm Blowup,AT Lv.16,16.400002,底力+耐力+纵连
3611,ManaBlast,EX Lv.16,16.0,底力+32分+变速+耐力+纵连+位移
36117,"Sincerely, To You",IN Lv.15.5,15.5,32分+耐力+位移
36126,【试着喊了】みむかｩわナイストライ,SP  Lv.?,18.000002,底力+楼梯+32分+变速+叠键+位移+定轨
36128,Absolute Queen,stream,10.0,底力+多押+32分+变速+耐力+高BPM+位移
3613,にゃーお！,IN Lv.13,13.5999975,楼梯+32分
36174,メズマライザー,AT Lv.15,15.0,多押+32分+变速+耐力+位移+定轨
3618,アカリがやってきたぞっ,IN Lv.14,14.300001,-
36192,Wolves Standing Towards Enemies,IN  Lv.16,16.1,底力+楼梯+变速+纵连
36193,Luminous Entities Lost Heart,AT Lv.16,16.300001,楼梯+纵连
36205,黒のバースデイ,AT 16,16.5,多押+32分+变速+耐力+位移
36236,花月,Birthday Lv.14,14.300001,楼梯+32分
36253,The Final EndGame,ENDGAME  Lv.18,18.600002,底力+多押+32分+变速+耐力+叠键+位移
36258,旋风颂歌,AT Lv.16,16.600002,多押+32分+读谱+耐力+位移+定轨
36265,TεμπεΣT,AT  Lv.16,16.600002,底力+楼梯+32分+变速+叠键+位移
36268,再生,Rebirth Lv.14,14.0,楼梯
36286,:3c,IN Lv.16,16.2,楼梯+爆发+耐力+高BPM+位移+定轨
36289,Dragonflame,EZ  Lv.5,5.0,-
36301,Beyond the Æxis,FATE Lv.20,20.0,底力+多押+楼梯+32分+变速+耐力+高BPM+叠键+位移+定轨
36323,ネバーランド,AT Lv.16,16.2,多押+32分+变速+位移
36328,モザイクロール,In lv.13,13.799999,楼梯
36340,Straight into the lights,IN Lv. 14,14.0,楼梯
36353,天气之子-幻,IN Lv.13,13.0,-
36355,魔理沙に大変な役でハコにされました,IN,15.5,底力+楼梯+32分+变速+耐力+叠键+位移+定轨
36377,Your Best Nightmare,IN Lv.15,15.500002,多押+32分+耐力+位移
36383,the story of the tap and the hold(3),AT Lv.16.0,16.0,32分
3639,INTERNET YAMERO,SP Lv.?,10.0,底力+耐力
36392,Teeth,AT Lv.15,15.500002,楼梯+32分+纵连
36398,Dolce Biblioteca,IN Lv.13,13.1,-
36434,DarkCandy,IN Lv.15,15.7,多押+耐力+高BPM+位移
36441,Roller Coaster,IN Lv.14,14.0,-
36454,SAN値直葬,IN Lv.15,15.799999,楼梯+32分+变速+位移
36458,He's a Pirate,IN Lv.13,13.5,多押+32分+变速+位移
3646,スパダリ,IN Lv.13,13.400001,高BPM
36474,ワンダーシャッフェンの法則,『Magic』,14.900001,-
36485,TransientTears,IN Lv.15,15.100004,-
36495,Super Universe(Knighthood remix),IN Lv.15,15.700003,底力+爆发+位移
36498,STRAWBERRY GODZILLA,IN Lv.13,13.900003,-
36506,恋爱サ-キュレ-ション,AT Lv.16,16.1,32分+变速+高BPM+叠键
36514,KIZUNA resolution,AT Lv.17,17.500002,底力+多押+32分+变速+耐力+高BPM+位移+定轨
36519,STEP By STEP UP↑↑↑↑,IN Lv.14,13.699999,楼梯
36535,エンド・オプ・フエイク!,IN Lv.15,15.300001,耐力
36560,Flashback,IN Lv.14,14.600002,叠键
36563,好心情,,6.3,-
36568,GOODWORLD,AT Lv.15,15.699999,多押+爆发+变速+耐力+位移
36574,あいうえおんがく (Aiueongaku),IN Lv.13,13.499998,32分+读谱
36578,B.O.L.,AT Lv.19,19.1,底力+多押+32分+变速+耐力+高BPM+纵连+叠键+位移+定轨
36585,夏が終わる,IN Lv.14,14.0,-
36592,Journey,IN Lv.14,14.900002,底力
36596,FREEDOM DiVE↓,AT Lv.17,17.0,底力+多押+32分+爆发+变速+耐力+高BPM+叠键+位移
36611,我不曾忘记,IN Lv.15,15.200001,楼梯+32分
36616,贺新春,HD Lv.11,11.500002,-
36617,喵斯摇(Phi-sx.ver),EZ Lv.5,5.6,-
36626,MVURBD,IN Lv.15,15.800003,底力+多押+楼梯+耐力+位移
36629,オーバーライド,IN Lv.14,20.0,32分+变速
36630,Light Me Up,IN  Lv.15,15.400001,楼梯+32分+纵连
36631,飞鼠进行曲,Lv12.5,12.5,32分
36634,BBC Countdown 2013,SP Vertical,15.0,-
36640,Pont des souvenirs,AT Lv.17,17.400002,底力+楼梯+32分+爆发+耐力+定轨
36641,刃図羅,IN Lv.15,15.799999,底力+楼梯
36643,Echoes Of Memoria,IN Lv.16,16.0,底力+楼梯+耐力+叠键+位移
36650,SM4M,IN Lv.13,13.0,-
36657,Meta-Mysteria,AT Lv.17,17.0,底力+多押+32分+读谱+变速+耐力+位移
36705,In the End,14.6,14.5999975,32分+高BPM
36723,Ops:Limone,AT Lv.16,16.500002,底力+多押+32分+变速+耐力+位移
36731,ギプソフィラを花束に,HD Lv.12,12.0,耐力
36744,朧月夜,HD Lv.12,12.0,32分
36752,Waiting For The Sun,HD Lv.12,12.0,楼梯
36762,人间万朵红,HD Lv.12,12.500006,-
36776,シックスプラン,IN Lv.13,13.299998,-
36794,小城夏天,Summer Lv.14,13.9,32分
36806,インターネットサバイバー,IN Lv.15,15.400002,楼梯
36814,Latent Kingdom,IN Lv.16,16.300001,底力+楼梯+变速+定轨
36816,lifeline,AT Lv.16,16.500004,32分+耐力
36844,Parallel Universe Shifter,AT Lv.18,18.0,底力+楼梯+变速+耐力+叠键+位移
36860,インスタント・ラヴ,IN Lv.12,12.0,高BPM
36872,Moonfall (大月墜落狂想),AT Lv.17,17.800001,底力+多押+楼梯+变速+耐力+位移
36879,化けの花,IN Lv.14,14.600002,多押+楼梯+32分
36881,GOODRUSH,IN Lv.15,15.8,底力+爆发+耐力+位移
3689,わちゅごなどぅー,IN Lv.14,14.600002,楼梯+纵连
36890,Oshama Scramble!,IN Lv.14,14.500002,楼梯+变速
36894,Page Of You,Star Lv.15,15.500002,32分
36899,So☆Lucky,IN Lv.14,14.400002,多押+32分
36913,Ēvocator,IN Lv.15,15.700003,多押+楼梯+变速+耐力+纵连+位移
36919,TruE,IN Lv.Elysia,15.100002,底力+爆发
36933,限りなく灰色へ,IN Lv.15,15.600002,多押+32分+变速+高BPM+位移
36938,raputa,IN Lv.16,16.0,爆发+高BPM
36940,Dream By Coma,IN Lv.14,14.700003,纵连
36941,ほしのおとしもの,IN Lv.14,14.600002,多押+32分+位移
36946,Clean Up! (板中打掃歌),AT Lv.14,14.3,多押+耐力
36953,そして花になる,IN,13.5,-
36956,blacknEon,IN Lv.14,13.599998,32分
36957,Rain,AT Lv.16,16.2,多押+32分+变速+耐力+位移
36976,Zavodila,AT Lv.15,15.400002,耐力+叠键
36992,LOST,IN Lv.15,15.500002,32分
36995,Options,IN  Lv.14,14.0,多押+32分
3701,Möbius,AT Lv.17,17.2,底力+多押+32分+变速+耐力+高BPM+位移+定轨
37012,怪诞(GroTesquE),IN Lv.14,14.900001,-
37034,嫦娥奔月 -Lunar Paradoxx-,IN Lv.15,15.400002,-
37035,Stella-rium,IN Lv.15,15.0,多押+楼梯+32分+变速+耐力+位移
37043,Class Memories,AT Lv.16,16.0,楼梯+耐力+位移+定轨
37049,Forbidden Area,IN Lv.16,16.300001,底力+耐力+位移
37052,朧月,AT Lv.18,18.600002,底力+多押+32分+变速+耐力+叠键+位移
37068,竹取飛翔 ~ Lunatic Princess ~,IN Lv.15,15.200005,底力+高BPM+纵连+叠键
37078,Per Aspera Ad Astra,IN Lv.15,15.0,底力+爆发+耐力+位移
37079,The Winter,IN Lv.13,13.600002,纵连
37081,レイニーブーツ,IN Lv.14,14.300001,32分
37082,オーバーライド,AT Lv.14,14.600002,-
37090,Radiant Night,IN,14.6,-
37100,Hauynite,IN Lv.16,16.1,楼梯+定轨
37101,权御天下,IN 15,15.100004,底力+爆发+纵连
37103,ダーリンダンス,IN Lv.14,14.900003,-
37104,All My People,IN Lv.15,16.7,多押+楼梯+32分+耐力
37108,天元枢机 ([ Central Prayer Unit ]),IN Lv.16,16.2,底力
37110,不虚此行 On the Journey,IN Lv.12,12.0,32分
37121,"Vengeance of the ""V""",AT Lv.17,17.400002,底力+多押+32分+变速+耐力+位移
37123,BUZZ CUTZ,IN Lv.17,18.000004,底力+楼梯+32分+变速+耐力+纵连+叠键+位移+定轨
37132,Level Up,EX  Lv.14,14.900003,楼梯+变速
37151,raputa,IN Lv.16,16.4,底力+爆发+高BPM
37157,イガク,AT Lv.16,16.200005,多押+32分
3716,フォニイ(phony),IN Lv.14,14.8,楼梯+耐力+定轨
37162,Dextroy,α,16.5,底力+楼梯+变速+位移
372,Hemisphere,AT,16.1,底力+楼梯+爆发
37206,Destr0yer,IN Lv.15,15.300001,楼梯+位移
37207,不虚此行,IN Lv.12,12.600002,32分
37208,权御天下,IN,15.100004,底力+爆发+纵连
37212,色彩,IN Lv.14,14.0999975,-
37216,Apollo,WQL Lv.17,17.0,底力+楼梯+耐力+高BPM+位移
3722,Intruder,IN Lv.14,14.599999,叠键
37244,"Georgette Me, Georgette You",AT Lv.13,13.700003,-
37273,夏の雨の日の思い出,IN Lv.14,14.0,楼梯+32分
37289,It's alright,IN,13.999999,-
37309,时间(Starry Night RS ver.),IN Lv.13,13.0,楼梯+纵连
37313,ブルアカ 6th PV,AT Lv.16,16.0,底力+楼梯+变速
37329,Frog,SP Lv.?,10.0,多押+楼梯+纵连
37342,ぽっかんカラー,AT Lv.?,16.4,多押+楼梯+32分+变速+位移+定轨
37345,安魂摇,IN 15?,15.3,叠键
37348,TruE,HD  LV.10,10.0,-
3735,精神分裂症,IN Lv.14,14.0,-
37355,喵斯摇(Phi-sx.ver),IN Lv.16,16.7,叠键
37361,Aurora-XE In The Neon Night Of Zero Night City-,IN Lv.15,15.400004,多押+32分+叠键
37373,ヤミナベ!!!!,IN Lv.16,16.1,底力+爆发+耐力+高BPM+位移+定轨
37374,烂泥,HD,7.999987,32分
37391,Daifixia,AT Lv.15,15.1,-
37392,アイデン貞貞メルトダウン ,IN  Lv.14,14.0,-
37396,リテラチュア（翻自 上田麗奈）,IN Lv.13,13.1,-
37410,月下桜天國,YING Lv.15,15.600002,32分
37436,:3c,AT Lv.17+,17.900002,底力+多押+楼梯+32分+爆发+变速+耐力+高BPM+位移
3746,蜘蛛糸モノポリー,IN  Lv.14,14.0,耐力
37464,恋月桜花,Sakura Lv.16,16.0,耐力+叠键
37477,花月,IN Lv.13,13.0,-
37500,Avantgarde,AT  Lv.18,18.000004,底力+多押+32分+爆发+变速+耐力+位移
37512,Cutter,IN Lv.15,15.2999935,32分
37513,タイヨウパラダイス,IN Lv.13,13.600002,-
37516,ナツノハテ,SP Lv.15,15.700001,耐力
37524,何者,IN  Lv.14,14.600002,32分+纵连
37554,Unwelcome school,IN Lv.14,14.800003,-
37580,i see you,LV:14.2,14.200001,高BPM
37585,Re：End of a Dream,AT Lv.17,17.1,底力+多押+变速+耐力+高BPM+位移+定轨
37594,穿越时空的思念,Lv.14.6,14.599999,高BPM
37595,To : Be Continued,AT Lv.17,17.2,底力+多押+32分+变速+耐力+高BPM+叠键+位移
37604,アイスクリーム・エンジェルズ,IN Lv.15,15.5,多押+32分+耐力
3761,♫～调色板～♫,IN Lv.12,12.2,-
37639,新人類 (Shinjinrui),IN Lv.15,15.800003,-
37642,Do you wanna kiss angel?,SP Lv.I am,13.900001,-
37649,Star Fall in Evernight City,IN Lv.13,13.900003,楼梯
377,Horizon Blue,AT,16.700003,多押+32分+变速+耐力+位移
37752,英雄主义,IN Lv.14,14.0,-
37753,太空旅行（feat.熊子）,IN Lv.13,13.300001,-
37754,太空旅行（feat.熊子）,HD Lv.8,8.800003,-
37805,刹那の誓い,IN Lv.14,14.9000025,32分
37826,Heaven's Gateway (feat. Persian Groovies),AT Lv.16,16.0,底力+多押+32分+爆发+变速+耐力+纵连+叠键+位移+定轨
37827,Eternal Ending,IN Lv.15,15.800003,底力+多押+耐力+位移
3785,Lelya,IN Lv.14,14.0,楼梯+32分
37855,Dead Soul,EZ Lv.5,5.6000004,楼梯+32分
37867,ちっちゃな私,AT  Lv.15,15.500002,楼梯
37869,TWISTED GARDEN,Death Lv. ？,18.2,底力+多押+32分+变速+耐力+高BPM+叠键+位移+定轨
37883,Dolce Biblioteca,IN Lv.13,13.1,-
37899,エンド・オブ・フェイク！,AT Lv.17,17.2,底力+多押+32分+变速+耐力+叠键+位移
37916,Sacred Play Secret Place,IN Lv.14,14.400002,32分+纵连
37919,Ad astra per aspera(Extended.Ver),AT,16.1,底力+楼梯+变速+耐力+位移
37928,清醒梦,IN Lv.12,12.1,-
37932,きゅうくらりん,AT  Lv.17,17.0,底力+高BPM
37960,雪之梦,Lv.13.9,13.900003,楼梯+32分+变速+高BPM+叠键
37962,Fly to the Moon,IN Lv.14,14.1,32分
37975,跨时空的梦,EZ Lv.8,8.600002,楼梯
37976,凡愚,IN Lv.15,15.800003,32分+耐力
37977,frog,IN Lv.13,13.0,楼梯+32分+变速+高BPM+位移
38012,Chatblanc,IN Lv.12,12.600002,-
38025,6th PV Theme,IN  Lv.14,14.9,-
38026,下剋上,IN  Lv.15,15.400002,楼梯+32分+高BPM
38060,虚無さん,IN Lv.14,17.0,-
38064,青い鳥はもう死んだのに,IN Lv.16,16.400002,32分+变速+耐力+纵连
38074,LOVELY BASTARDS,EZ Lv.7,7.2000003,-
38076,IN MY HEAD,IN LV. FIFTEEN,10.0,-
38092,シェードの埃は延長,IN Lv.15,15.400001,32分+变速+耐力
38093,ENDYMION,IN Lv.16,16.400002,底力+爆发+变速+高BPM
38096,妖し月夜の縁より,IN Lv.15,15.300001,32分
38097,KIRArin☆streaming☆LOVE,IN Lv.15,15.300001,多押+楼梯+32分+变速+位移
38101,Gaudium Resonance,IN Lv.15,15.1,底力+爆发
38104,チルノのパーフェクトさんすう教室,IN Lv.14,14.700003,32分
38106,何罪之有,MV Lv.15,15.0,-
38108,SELF,IN Lv.13,13.200001,-
38126,Watch me! (TV size),IN  Lv.14,14.0,-
38127,后巷深宵-开端,WAW Lv.15,15.500002,多押+32分+耐力+位移
38155,Paradise,IN.Lv14,14.500002,32分
38180,銀梅花,IN Lv.14,14.799999,楼梯
38191,Love like we're dying,IN Lv.15,15.000004,-
38222,ハレハレヤ,IN Lv.14,14.0,楼梯
3824,The Revival of Eighteen,IN Lv.15,15.1,-
38273,How To Make音ゲ～曲！ (RYOQUCHA Remix),IN  Lv.15+,16.00001,底力+爆发+纵连
38286,Suomi,IN Lv.15,15.500002,楼梯
38288,Inverted World,IN Lv.16,16.0,底力+位移
38294,初音未来的消失,AT Lv.16,16.2,底力+多押+变速+耐力+高BPM+位移+定轨
383,Anniv.,IN,13.200001,-
38305,神威,IN Lv.15,15.8,底力
38318,Endeavors,IN Lv.13,13.0,-
38322,"G.V.N. (Glitter,Vomitus and Neon)",IN lv.15,15.0,底力+爆发+纵连+叠键
38340,十日终焉,14,14.0,32分
38371,"Cold Air,Warm Heart",IN Lv.15,15.0,爆发+变速+位移
38372,over. (feat. KYURO3),IN,15.500002,楼梯+耐力
38378,パレード,EX Lv. 14,14.200001,楼梯
38380,清醒梦,IN Lv.14,14.3,32分
38382,使一颗心免于哀伤,AT Lv.15,20.0,32分
38386,ららら,IN Lv.14,14.0,-
38387,Please,AT Lv.15,15.800001,多押+楼梯+爆发+位移
38391,Nopea,AT Lv.19,19.0,底力+多押+楼梯+32分+爆发+变速+耐力+叠键+位移+定轨
38394,MOTTAI,IN LV.15,15.2,多押
38396,アイロニ,AT Lv.17,17.200005,32分+变速+耐力
38404,"G.V.N. (Glitter,Vomitus and Neon)",IN lv.15,15.599999,底力+爆发+纵连+叠键
38410,ivory tower,HD,12.6,-
38413,Pagoda,IN Lv.14,14.900003,耐力
38415,Lost Dream(Explicit),Dream.14,14.700002,32分
38428,我的世界唱片《otherside》,11,11.0,纵连
38438,Deep Blue,AT Lv.14,14.800003,-
38446,TRICKL4SH 220,IN Lv.15,15.900003,多押+32分+变速+耐力+高BPM+位移
38468,あい2～じゅっ,IN Lv.15,15.800003,楼梯
3847,BATTLE NO.1,AT Lv.15,15.900003,多押+32分+变速+位移
38486,Triple The Insanity-Muder Time Trio(Phase 2),IN Lv. 16,16.400013,底力+爆发+耐力+高BPM
38493,ヒミツ (feat. 可不),IN Lv.14,14.0,多押+32分
38517,寂寞的人伤心的歌,IN Lv.14,14.200001,高BPM
38570,An Enigmatic Encounter-[UNDERTALE:LAST BREATH],AT Lv.17,17.600002,32分+耐力
38581,Heart Function,IN Lv.-15,16.0,楼梯
38591,Cutter,IN Lv.15,15.600002,定轨
38603,Space Station(From Rolling Sky),IN Lv.13,13.200001,-
38606,グローリー · ワンダーランド,AT Lv.18,18.300001,底力+多押+楼梯+32分+变速+耐力+高BPM+叠键+位移+定轨
38614,第57次取消发送,HD Lv.8,8.600001,-
38622,Nyarlathotep's Dreamland,AT Lv.17,17.300001,底力+多押+爆发+变速+耐力+位移
3864,astral ability,IN Lv.13,13.799999,-
38680,Unsinkable Memory,IN Lv.15,15.700003,-
38685,牛牛大胜利,IN Lv.15,15.8,底力+多押+楼梯+32分+变速+耐力+纵连
38689,DΣADLY TRIGGΣR,16.3-16.7,16.300005,底力+耐力+高BPM
38698,ひめごと*クライシスターズ,IN Lv.15,15.400002,-
38703,Take Me Hand,IN Lv.14,14.599999,-
38707,惊涛落日（慢）,AT Lv.15,15.2,楼梯+32分+爆发+变速+叠键+位移
38724,FKIN W H A T,AT Lv.18,18.1,底力+多押+32分+变速+耐力+叠键+位移
38731,Insane Defect,IN Lv.15,15.500002,爆发
38733,Aphasia,AT Lv.15,15.900003,32分
38735,Skip!!,IN,14.3,-
38736,LiftOff,IN Lv.15,15.500002,定轨
38741,Eternal Ending,END Lv.18,18.100008,底力+多押+楼梯+32分+变速+耐力+叠键+位移
38742,ハレハレヤ,IN Lv.14,14.0,楼梯
3875,Tell Your World,AT Lv.15,15.9,楼梯+32分+耐力
38771,零天視,AT Lv.17,17.500002,底力+变速+位移
3878,It's Happening,IN ,15.3,32分+定轨
38785,Echoes of Memoria,EX Lv.15,15.0,耐力
38793,Before the Love,IN Lv.15,15.200001,楼梯+变速+位移+定轨
38795,Atm∅spHere,IN  Lv.16,16.0,楼梯+32分+变速+高BPM
38796,希望の朝へ (向着黎明奔去),IN Lv.14,14.0,-
38797,Lose you now,IN LV.12,12.0,-
38807,無機質世界に彩を,SP Lv.?,14.6,爆发
38811,GHOST,IN Lv.17,17.000004,底力+楼梯+变速+耐力+纵连+位移
38820,一二三,HD Lv.10,10.300001,-
38841,寂灭终日,Tzu.14,14.0,-
38845,回る空うさぎ,IN Lv.13,12.999998,-
38848,夏が終わる,IN Lv.14,14.0,-
38872,理想主义,ID Lv.15,15.0,-
38880,MarbleBlue.,AT Lv.17,17.800003,底力+32分+爆发+耐力+叠键+位移
38893,うたかたのせかいで,IN Lv.15,15.9,耐力+高BPM
38895,Duality (feat.初音ミク),IN Lv.14,14.600002,-
38897,拂晓,IN Lv.14,14.900003,楼梯+爆发+定轨
38898,Memories Sacrafice (V.S. ver.),IN  Lv.16,16.0,爆发+纵连
38917,冻梦,IN Lv.14,14.500002,32分
38928,Kagura,IN Lv.15,15.1,多押+楼梯+32分+变速+位移
38929,リメンシア (feat. 初音ミク),IN Lv.15,15.700003,楼梯+32分+耐力
38937,Radiant,IN Lv.14,14.0,多押+楼梯
38939,炜WARD ROMANCE,IN  Lv.14,14.6,楼梯
38940,阜成门 (Original Mix),IN Lv.13,13.300001,32分
38952,Ave Mujica,IN Lv.15,15.800003,32分+耐力
38960,虐,AT Lv.15,15.499999,耐力
38965,はじまりの曲,IN Lv.13,13.0,-
38970,Selenotaxis,AT Lv.15,15.100001,-
38990,F_Ripples,IN Lv.16,16.2,多押+32分+变速+耐力+位移
39,Seattle物语 II,IN,12.1,-
39001,嬢王 (feat. 初音ミク),IN  Lv.16,16.000004,-
39003,M （エム）,IN Lv.15,15.0,32分
39007,オラシオン（ED）,IN Lv.13,13.700003,-
39029,"Mourning, Stagnant.",IN Lv.15,15.6,楼梯+纵连+定轨
39037,.357 Magnum,HR Lv.14,14.800003,32分+爆发+变速+位移
39039,HAINUWELE,IN  Lv.15,15.9,底力+楼梯+爆发+耐力+位移+定轨
39056,THE WORLD REVOLVING (Camellia Remix),IN Lv.16,16.900003,多押+32分+变速+耐力+位移
3906,コネクト,IN Lv.13,13.400002,-
39065,刺客传奇,IN Lv.14,14.499998,楼梯
39073,樱落繁花,★SP Lv.15,15.0,楼梯+耐力+纵连+位移
39078,Sayonara Hatsukoi,IN Lv.14,14.400001,32分+爆发+变速
39085,ラビットホール,AT Lv.16,16.400002,变速+纵连
39088,Abiogenesis (Fan-Remake),IN Lv.15,15.400002,楼梯+32分
39107,Watcher,mc,9.900001,-
39108,komorebi,IN Lv.15,15.300001,高BPM
39109,偽中国語,IN Lv.14,14.400005,-
39119,Angel dust,SP Lv.4,4.1,底力+爆发+耐力+纵连+位移
39156,Assumptions,IN Lv.13,13.400002,-
39160,アマツキツネ,EZ Lv.8,8.600002,-
39172,Jump out,IN Lv.15,15.1,多押+纵连+位移+定轨
39178,Echoes of Memoria,AT Lv.17,17.600002,底力+多押+32分+变速+耐力+位移
39187,Lumina,AT Lv.16,16.300001,多押+32分+耐力+位移
39192,MARENOL,IN Lv.14,14.000007,楼梯+纵连
39197,Celestrial Quest,IN Lv.14,14.800003,纵连
39199,Memories of Kindness,IN Lv.14,5.5,爆发
39201,Phase Distorter,IN  Lv.16,16.100004,底力+耐力+位移
39209,Fallen Symphony,Final,1.9,底力+多押+楼梯+32分+变速+耐力+高BPM+叠键+位移+定轨
39218,MIRЯOЯ,AT Lv.17,17.0,32分+读谱+变速+高BPM
39229,Blows Up Everything,IN Lv.16,16.1,多押+楼梯+32分+变速+高BPM+位移+定轨
3924,winter.,IN,13.0,32分+变速+纵连+位移+定轨
39240,stop-motion,AT Lv.18,18.0,底力+耐力+位移
39261,ゆで卵茹でます! ! ! !,IN Lv.14,20.0,-
39263,エンパープル (Empurple),AT Lv.15,15.900003,32分+变速
39264,幻影鬼魅 (PLEASE),AT  Lv.15,15.400001,多押+楼梯+爆发+位移
39267,ダイダイダイダイダイキライ,YY Lv.14,14.600002,-
39296,我花开后百花杀,IN Lv.12,12.500002,-
39316,ハート111,IN Lv.14,9.2,多押+32分
39364,隙,SP  Lv.?,10.0,楼梯
39365,三妖精SAY YA,lv 333,13.0,-
39369,Fragrance,AT Lv.15,15.300005,底力+爆发+位移
39382,雾里,IN  Lv.13,13.0,楼梯
39399,opia -awakened-,EYES 16,16.300001,楼梯+耐力+纵连
39401,脑壳疼,IN Lv.15,15.0,-
39402,Hyper Rhapsody,IN Lv.15,15.0,爆发
39406,ずんずんサファリ,IN Lv.14,14.700003,32分+定轨
39415,海馬成長痛,SP Lv.？,15.2,楼梯+爆发+变速+叠键
39416,灾蚀的痕影 Silhouette of Catastrophe,IN Lv.15,15.1,底力+楼梯+爆发+变速+纵连
39417,Sphalerite,IN Lv.16,16.300001,底力+楼梯+变速+高BPM+位移
39420,メロウ（跃动青春op）,IN  Lv.13,13.700003,-
39428,Straight into the Lights,IN Lv.15,15.500002,楼梯
39437,藏语早读（Hardcore）,IN Lv.17,17.200005,底力+多押+耐力+纵连+位移
39453,VorpΛlize,AT  Lv.16,16.0,底力+多押+32分+位移
39459,大东北是我的家乡（Ciforance Remix）,NorthEast Lv.16,16.500002,底力+多押+楼梯+32分+变速+叠键+位移
39461,TIANTIAN,HL Lv.14,14.600002,-
39468,Whiplash,IN Lv.13,13.500002,-
39476,HAL 30000,AT Lv.16,16.3,底力+多押+楼梯+32分+变速+耐力+高BPM+纵连+叠键+位移+定轨
39481,☆花となれ,IN Lv.11,11.0,-
39484,☆花となれ,IN Lv.11,11.0,-
39498,くうになる (feat. 可不) ,IN Lv.13,13.800003,32分
39521,Rainmaker,IN Lv.雷雨,14.700003,楼梯
39531,ハート111,IN Lv.14,14.800003,楼梯+32分
39534,恋ひ恋う縁 (以恋结缘),IN Lv.14,14.700003,32分
39537,Craic,IN lv.16,16.300001,多押+高BPM
39540,Southern Cross,Re:Master LV.15,15.700027,底力+爆发+耐力+叠键+位移+定轨
39543,炽火之舞 A Dance in Fire,IN Lv.15,15.2,32分
39547,TIME HEALS EVERYTHING,AT Lv.16,16.699999,多押+楼梯+32分+变速+耐力+高BPM+叠键+位移
39570,ぼなぺてぃーと♡S,IN  Lv.14 ,14.2,32分
39573,可愛くてごめん,AT Lv.14,14.0,楼梯
39581,3rd Avenue,IN Lv.15,15.0,32分
39583,Absolute Queen,IN Lv.15,15.800003,-
39587,東の空から始まる世界 (始于东方之空的世界),13,13.0,楼梯+纵连
39588,徳川カップヌードル禁止令,IN Lv.15,15.0,多押+楼梯+32分+变速
39591,電脳眠眠猫 (feat. 可不)  ,IN.13,13.500002,-
39592,BossRushTier1,IN Lv.14,14.700003,-
39642,Recollect Lines,AT Lv.17,17.3,底力+楼梯+变速+耐力+叠键+位移
39671,トラフィック・ジャム,IN lv.14,14.900003,耐力
39686,月夜見,IN Lv.16,16.1,楼梯+位移
39699,Loveit? (feat. LOLUET),IN  Lv.14,14.800004,-
39703,TIANTIAN(低配),HL Lv.14,14.600002,-
39721,Samurai 45,IN Lv.15,15.0999975,变速+纵连+位移
39741,Don‘t say lazy,AT Lv.16,16.3,底力+楼梯+32分+变速+耐力+位移
39746,再飞行,IN,11.400005,-
39748,crystallized,IN Lv.14,14.900003,楼梯
39777,Immaculate,AT  Lv.17,17.1,底力+32分+耐力+位移
39807,拂晓,FM Lv.8,8.0,楼梯+爆发+纵连
39809,Computer Cornflakes,IN Lv.16,16.0,底力+32分+高BPM
3983,Apex,IN Lv.14,14.8,楼梯
39842,Roland 01,Lv14,14.0,-
39843,ARES,IN Lv.15,15.1,楼梯+纵连
39846,Space Walk,IN Lv.13.6,13.6,楼梯+纵连
39858,25時の情熱,IN  Lv.14,14.900001,楼梯
39862,Nuit Silencieuse,IN  Lv.16,16.400002,底力+变速+耐力+高BPM+位移+定轨
3987,Radiant,IN  Lv.13,13.8,楼梯
39876,SELF,IN LV.14,14.900003,-
39881,Valhalla,AT Lv.15,15.0,32分
39905,Last Judgement,AT Lv.17,17.200005,底力+多押+32分+变速+耐力+叠键+位移+定轨
39916,NightTheater,AT15,15.800003,-
39917,Expectancy,AT Lv.14,15.500006,多押+32分+变速+位移+定轨
39929,翠杜,IN Lv.15,15.800003,爆发+变速+位移
39939,Androgynos (Full Ver.),IN  Lv.16,16.2,楼梯+耐力+纵连+位移
39941,虚無さん,IN Lv.15,15.600002,楼梯
39961,Virtual World,IN Lv.13,13.099999,32分
39962,white.roses,IN Lv.12,12.0,-
39968,ナイト・オブ・ナイツ,IN Lv.16,16.300001,耐力
39982,DEUX EX MĀXHINĀ,IN Lv.17,17.300001,底力+多押+楼梯+变速+耐力+高BPM+纵连+位移
39984,寰墟之叹,Universe Lv.0,15.0,底力+32分+位移
39991,Test Me,lv.14.8,8.0,楼梯
4,撥条少女時計,IN,12.0,-
400,でんでん心電図,IN Lv.15,15.0,耐力
40003,雨桜,IN Lv.13,13.400002,-
40008,MAO！,IN  Lv.13,13.700003,楼梯
40025,Sphalerite,HD Lv.13,13.900003,爆发+高BPM+纵连
40042,Cry for me,IN Lv.13,13.800003,-
40048,over.(feat.KYURO3),over. Lv.∅,18.300001,底力+楼梯+耐力+叠键+位移+定轨
40053,Empyrean,IN Lv.14,14.300001,楼梯+32分
40054,Class Memories,AT Lv.15,15.400002,楼梯+纵连+位移
40075,Poker,IN Lv.14,14.399999,-
40081,雨之城,EZ lv.8,8.3,-
40113,Forbidden Area,IN Lv.16,16.1,爆发+变速+耐力+位移
40123,DESPAIR,DESPAIR,16.800009,底力+楼梯+耐力+高BPM+纵连+定轨
40124,The Second Sanctuary,IN Lv.15,19.9,-
40131,恋ひ恋ふ縁(以恋结缘),AT Lv.15,15.199997,多押+楼梯+32分+变速+位移
40151,绝命舞曲,IN Lv.14,14.700001,楼梯
40153,"3,2,1!",IN  Lv.13,13.0,-
40156,Lyrith -迷宮リリス-,IN Lv.15,15.0,-
40161,KAEDE,HT,17.0,楼梯+变速+耐力+纵连+叠键+位移
40163,ALL☆NIGHTER!,AT,15.300005,楼梯
40167,Axeria,IN Lv.14,14.899996,楼梯
40169,君の笑う聲,IN 12.20,12.200001,楼梯
40178,あいしていたのに,AT Lv.17.2,17.2,32分+耐力
40189,Nekomimi Switch,Neko Lv.11,10.0,-
40194,寄明月,IN Lv.15,3.0,32分
40207,猫ミーム- feat.KAFU (人語ver.),IN Lv.12,12.8,-
40236,Dreamweaver,IN,15.299999,-
40343,stars we chase,IN Lv.13,13.700003,32分
40344,MEGAHEARTZ,IN Lv.15,15.800003,32分+位移
40361,有明/Ariake,AT  Lv.15,15.700003,楼梯
40391,PANGRAMIST,AT Lv.16,16.500002,底力+楼梯+爆发+变速+耐力+高BPM+纵连+位移
40392,My Piano Is Escaping,IN Lv.15,15.900002,底力+爆发+耐力+位移
40394,Lava Chicken,AT Lv.15,15.900003,32分
40396,STYX HELIX,IN Lv.15,15.0,-
40400,T氏の話を信じるな,IN LV.15,15.0,-
40403,春嵐,AT Lv.16,16.600002,底力+耐力+叠键
40410,He asked me if I exercise and I said I play Wii Sports Resort,AT  Lv.16,16.400002,多押+变速+纵连+位移
40421,the story of the tap and the hold(4),RS Lv.16.5,16.5,多押+32分+耐力
40454,AtoZ,In,14.5,多押+32分+变速+位移
40465,春嵐,AT Lv.16,16.0,底力+耐力+叠键
40468,臙脂,IN  Lv.14,14.900001,-
40470,二十九分之一的幼稚犯,IN Lv.14,14.1,-
40482,Lava Chicken,IN Lv.15,15.400002,楼梯
40483,白夜梦,Love Theory·Lv.13,13.400001,-
40508,混沌ブギ,AT Lv.16,16.0,多押+32分+变速+耐力+位移
40521,天灵灵地灵灵,MD  Lv.15,15.2,-
40526,Hello(BPM)2024,IN Lv.16,16.1,底力+楼梯+变速+耐力+纵连+位移
40534,云深不知处,IN Lv.14,14.0,32分
40538,きゅうくらりん,IN,16.300001,32分+变速+耐力+定轨
40550,Zavodila,AT Lv.15,15.400002,耐力+叠键
40552,Particle Arts (What A Shino Frenchcore Edit),IN Lv.?,15.000019,32分+变速+耐力
40555,Just so you know,IN Lv.12,12.0,32分
40561,大风吹,Wind Lv.12,12.000004,-
40567,D/N/A,AT,16.5,楼梯+32分+变速+纵连+叠键+位移
4057,轟け！恋のビーンボール！,HARD Lv.16,16.4,多押+楼梯+32分+变速+耐力+位移+定轨
40574,MIRЯOЯ,IN Lv.15,15.500002,多押+楼梯+32分+变速+高BPM+纵连+叠键+位移
40581,Dirty Work,IN Lv.14,14.200001,-
40587,Towards the 300,AT Lv.18,18.2,底力+多押+32分+变速+耐力+高BPM+叠键+位移
40590,Inorganyx Prayer,IN Lv.14,14.0,爆发
40591,★Unraveling Stasis,IN Lv.16,16.4,耐力+高BPM
40618,Frozen Heart(instrumental),HD Lv.8,8.900001,楼梯+定轨
40626,Hammer of Justice,IN Lv.15,15.0,楼梯
4064,BATTLE No.1,IN Lv.15,15.0,32分+变速
40669,★Unraveling Stasis,IN Lv.16,16.4,耐力+高BPM
40683,CLOSE TO ME(Red Moonrise mix),IN Lv.15,15.1,32分+高BPM
40694,Kentucky Jelly,Legacy Lv. 15,15.900001,楼梯+位移
40704,Last Kingdom,IN  Lv.16,16.1,多押+32分+位移
40717,天使にふれたよ!,IN Lv.13,13.0,-
40748,Bullet Hell,IN  Lv.15,15.700003,多押+32分+高BPM
40750,LiftOff,IN Lv.15,15.200001,-
40775,Pixel City,IN Lv.15,15.900005,底力+爆发+耐力+位移
40777,たぶん終わり,IN Lv.14,14.900001,-
40786,拂晓,IN Lv.13,13.0,楼梯+32分+爆发+纵连
4079,KING,FM Lv.15,15.0,楼梯
40812,FIRE BIRD (TV Size),AT  Lv.15,15.0,-
40814,莫愁乡,IN Lv.13,12.999997,-
40816,撞地球,IN Lv.14,14.0,-
40832,しゃん・だら・りん♪,IN Lv.15,15.400002,-
40858,T氏の話を信じるな,A16  Lv.T,16.6,32分+定轨
40870,熱帯夜の祭り (feat. Pica),IN  Lv.13,13.400002,-
40880,Suicide!,IN Lv.15,15.300002,-
40905,FGV//MΞ,IN Lv.14+,14.900001,楼梯+纵连
40976,Vibing in the 20s,AT Lv.15,15.0,-
40977,Neon Vortex,DF Lv.14,14.1,-
40981,Crossmythos Rhapsodia,AT Lv.18,18.0,底力+多押+楼梯+32分+爆发+变速+耐力+叠键+位移
40994,Fractured Angel,AT Lv.16+,17.000004,底力+楼梯+耐力+高BPM
410,躯樹の墓守,IN Lv.16,16.400002,底力+变速+耐力+高BPM+位移
41008,董卓討つべし,IN Lv.15,15.200001,-
41014,Boundless Bliss (无垠无忧),IN Lv.13,13.2,32分
41030,见到你真开心！,IN Lv.13,13.599999,-
41040,STARGAZERS,AT Lv.16,16.900003,底力+多押+楼梯+32分+变速+耐力+位移
41043,テトリス,IN Lv.16,16.700006,32分
41044,Bustling Night,HD Lv.10,9.999996,-
41051,雑踏、僕らの街,AT.Lv16,16.199999,底力+多押+楼梯+32分+变速+耐力+叠键+位移
41076,私はあの花火大会に行かなかった,IN LV.15,15.0,32分
41093,反乌托邦,15,15.600002,-
41117,Friendship Through The Ages (Club Mix),❤️MLP,15.300002,楼梯+32分
41132,Mystic Light Quest,IN Lv.15,15.400001,耐力
41135,Ruined Lullaby,IN Lv.12,12.0,-
41153,はじまりの曲,IN Lv.14,14.0,32分
41170,少女绮想曲~dream battle,IN Lv.15,15.0,底力+爆发+读谱
41186,B.B.K.K.B.K.K.,IN Lv.15,15.9,多押+32分+变速+位移
41195,耀斑,MN Lv.15,15.200001,楼梯+位移+定轨
41210,纳塔 Natlan,AT Lv.15,15.3,32分+耐力
41225,~ Redintegration ~割れた鏡,AT  Lv.16,16.8,楼梯+32分+高BPM
41228,Catch The Glory (Cut ver.),AT Lv.17,17.0,底力+多押+32分+变速+耐力+位移
41238,Villain Virus,AT Lv.16,16.400002,底力+读谱+耐力+高BPM+叠键+位移
41242,Apollo,AT Lv.18,18.0,底力+多押+楼梯+32分+变速+耐力+叠键+位移
41243,初嵐,IN Lv.15,15.0,楼梯
41247,Sickkunt Hardstyle (Explicit),IN Lv.15,15.7,楼梯+32分
41253,Counting Stars,IN Lv.14+,14.699999,32分+耐力
41258,Destr0yer,HD Lv.11,11.499998,楼梯+纵连
41267,Space Walk,IN Lv.13.6,6.0,楼梯+纵连
41268,空飛ぶ猫,IN Lv.15,15.0,-
41270,silly-willy-nilly,AT Lv.17+,17.9,底力+多押+楼梯+变速+耐力+纵连+叠键+位移
41271,Towards the Horizon,IN Lv.15,15.599999,爆发+纵连+位移
41276,おべんきょうたいむ,IN Lv.15,15.800003,楼梯+纵连
41279,蝴蝶,IN Lv.14,14.800003,楼梯+纵连
41284,Ice Ginte-冰巨星,Legacy Lv.16,16.0,32分+叠键
41288,天火明命,IN Lv.14,14.0,-
41299,Error Code(VIP Mix),IN Lv.16,16.2,底力+楼梯+变速+耐力+纵连+叠键+位移+定轨
41313,十拳剑,AT Lv.16,16.900003,底力+爆发+高BPM
41335,The Third Sanctuary(Short ver.),IN lv.14,14.0,32分
41346,夜、萤火虫和你,IN Lv.15,15.600002,纵连
41348,STARGAZERS,IN Lv.16,16.0,楼梯+变速+位移
41352,ゆけむり魂温泉 II,IN Lv.14,14.400002,-
41359,らくらく安楽死,IN Lv.15,15.700003,-
41392,我不曾忘记,IN  Lv.13,13.0,-
414,记念,IN,13.200001,-
41402,Grimheart,AT Lv.14,14.800003,-
41405,Neverending Night,IN Lv.15,15.1,32分+位移
41412,Kaleidoscope,IN  Lv.15,15.0,楼梯
41416,莫愁乡,AT Lv.14,14.500002,多押+32分
41418,Megamix,IN Lv.16+,16.800007,底力+爆发+耐力
41424,Paper Dolls,IN Lv.15,15.600002,多押+32分+耐力+位移
41439,Connected Sky,AT Lv.15,15.0,-
4144,FULi AUTO SHOOTER,FM  Lv.14,14.0,-
41445,Selenotaxis,IN Lv.14,14.500002,-
41448,"G.V.N. (Glitter,Vomitus and Neon)",AT Lv.16,16.700003,底力+楼梯+变速+耐力+纵连+叠键+位移
4147,メフィスト（梅菲斯特）,13,13.2,楼梯+32分+变速+耐力+位移
41473,A DARK ZONE,IN Lv.14,14.700003,-
41489,Per Aspera Ad Astra,IN Lv.15,15.900002,底力+爆发+耐力+位移
41514,Babs Seed,IN Lv.13,13.500002,楼梯+32分
41518,ディア♡マイフレンド,IN Lv.15,15.1,多押+楼梯+32分
41561,独りんぼエンヴィー,IN Lv.12,12.500003,-
41569,The King's Return,HD Lv.12,12.899998,楼梯
41581,she,IN Lv.12,12.0,-
41603,DeadLocked,HD Lv.10,10.0,-
41615,T氏の話を信じるな (feat_ 初音ミク & 重音テト),TTT Lv.15,15.0,-
41616,Inverted World,Inverted.15,15.600002,爆发
41617,アスノヨゾラ哨戒班,IN Lv.15,15.800003,32分
41623,HYPER SWEET,AT Lv.15,15.0,楼梯+32分+耐力
41628,春嵐,AT Lv.16,16.699999,底力+耐力+叠键
41646,Far Eastern Flavor ,IN,15.700003,底力+多押+楼梯+变速+位移
41648,のじゃロリック,IN Lv.15,15.700003,-
41651,Sunset Journey,IN Lv.15,15.0,楼梯
41660,HumaN,AT Lv.15,15.800003,多押+32分+耐力+位移
41667,VorpΛlize,HD Lv.13,13.900003,高BPM
41673,VOID,IN Lv. 15,15.5,-
41695,Echoes Of Memoria,AT Lv.17,17.0,底力+多押+楼梯+变速+耐力+叠键+位移
41696,Spirits,IN  Lv.13,13.600002,楼梯
41697,Butterfly Twist,IN Lv.15,15.0,楼梯
41768,チームメイト,IN  Lv.14 ,14.2,楼梯+32分
41770,Sakura Tears,IN Lv.14,14.900003,32分
41789,色は匂へど散りぬるを,IN Lv.13,13.500001,32分
41790,Love's Oracle,IN Lv.13,13.800003,32分
41799,Broken Fruitz,IN Lv.16,16.0,-
41801,Life is PIANO,IN Lv.12,12.800003,楼梯+纵连
41824,ZERO to INFINITY (Short.ver),IN Lv.14,14.500003,32分
41850,雨·塔~Cactus's Resolve~,IN Lv.15,15.800002,底力+楼梯+叠键+位移
4187,Find You,AT Lv.16,16.2,多押+32分+变速+耐力+位移
41877,World's end loneliness,IN Lv.16,16.2,底力+位移
41892,From Nought,IN Lv.15,15.3,多押+楼梯+32分+变速+位移
4190,lcyxis,AT Lv.16,16.8,底力+楼梯+爆发+变速+耐力+高BPM+位移
41913,Ēvocator,RE  Lv.16,16.9,底力+多押+楼梯+32分+变速+耐力+叠键+位移
41922,Swing Sweet Twee Dance feat.ななきなな,IN Lv.15,15.0,-
41923,アリア,IN Lv.14,14.7999935,楼梯+耐力
41926,PUPA (feat. Endorfin.) [Endorfin. remix],IN Lv.15,15.2,楼梯+32分+纵连
4193,GOODBOUNCE,IN  Lv.15,15.300001,变速+位移
41933,Bad,IN. Lv.14.7,7.0,-
41938,Heracles(Quree Remix),IN Lv.16,16.400002,多押+变速+耐力+高BPM+纵连
41947,Angel's Salad,AT  Lv.16,16.0,底力+多押+楼梯+32分+变速+耐力+位移
41958,密码的周一,AT Lv.17,17.2,多押+32分+变速+耐力+叠键+位移+定轨
4197,QUEEN,IN Lv.14,14.400001,多押+32分+位移
41972,After School Dessert,IN Lv.14,14.800003,楼梯+32分+纵连+定轨
41977,テトリス (feat.重音テト),AT LV.16,16.700003,多押+楼梯+32分+变速+耐力+位移+定轨
41992,Prophesy One,AT LV.16,16.300001,多押+楼梯+变速+高BPM+位移
41993,芳华慢,IN Lv.12,12.200001,-
42006,バケモノの唄,IN Lv.14,14.0,多押+32分+耐力
42012,4nim0sity,IN Lv.13,13.900001,楼梯
42019,希望有羽毛和翅膀,IN Lv.12,12.0,纵连+叠键
42034,春日影 (CRYCHIC ver.),IN Lv.15,15.3,楼梯
42039,LaVI-Bavellabion,IN Lv.15,15.0,32分
42049,Montagem Toma,RS Lv.15,15.0,32分
42052,Elysium Rebellion,AT Lv.16,16.500004,底力+爆发+耐力+位移+定轨
42053,Space Alien,AT Lv.15,15.900001,-
42069,ダイジョブですか？,IN Lv.16,16.2,底力+多押+耐力+位移
42074,Ice Ginte-冰巨星,Fixed Lv.16,16.0,32分+叠键
42080,SOC=0,IN Lv.13,13.899995,爆发+读谱
42084,黒い翼の舞,AT Lv.17,17.0,底力+多押+爆发+耐力+叠键+位移
42095,World's end BLACKBOX,IN Lv.17,17.2,底力+楼梯+变速+耐力+位移
42105,アリア,IN Lv.14,14.600002,楼梯+耐力
42113,Xaleid◆scopiX,Re:AT Lv.18,18.400002,底力+多押+楼梯+32分+变速+耐力+叠键+位移+定轨
42117,Triple the Threat-[Bad Time trio Hard Mode],AT Lv.17,17.300001,-
42138,乐园梦游记,IN,15.0,楼梯
42141,We Won't Be Alone,IN  Lv.15,15.300001,32分
42142,ViRTUS,AT Lv.16,16.1,高BPM+纵连
42146,Colorful Mess,IN Lv.14,14.300001,-
42147,片恋花舞,IN Lv.15,15.000002,爆发+纵连
42167,Avataar ~ Reincarnation of Kalpa,IN Lv.15,15.600002,-
42173,微光，于神游远方中遐想,LIGHT LV.15,15.0,楼梯
42178,Dance in Silence,AT  Lv.17,17.0,楼梯+32分+变速+耐力+叠键
42179,Revenant,IN Lv.16,16.0,变速
42181,N,FD Lv.17,17.400002,底力+32分+变速+耐力
4219,Sacrifice,IN,14.0,32分+变速+叠键+定轨
422,Between Boundaries,AT,16.600002,底力+多押+32分+变速+耐力+位移
42204,Initial Light,AT  Lv.17,17.1,底力+耐力
42226,TOWER DEFENCE:PHASE1,IN Lv.13,13.799998,-
42236,珍珠,SP Lv.?,18.700006,底力+多押+32分+纵连+定轨
42238,恋せよ乙女！(恋爱吧少女！),IN Lv.13,13.600002,32分+变速+高BPM
42241,MAGGOD,AT Lv.16,16.300001,楼梯+变速+高BPM+位移
42246,Checkmate,IN Lv.14,14.2,-
42274,Cross Fire（Extended Mix）,AT Lv.17,17.400002,底力+多押+32分+变速+耐力+叠键+位移
42290,けものになりたい,IN.15,15.800003,多押+32分+耐力
42300,Tablets,IN Lv.15,15.0,多押+变速+位移
42309,Alfheim's faith,IN Lv.16,16.1,-
4231,ill city,AT Lv.16,16.1,底力+楼梯+32分+耐力+位移
42341,ヤンデレラガール,IN Lv.15,15.0,-
42344,Eternal Skyline,IN,15.900003,底力
42345,Ice Cream 少女,IN,14.600002,32分
42356,ロキ,IN Lv.15,15.0,楼梯
42364,Guardian,HD Lv.13,13.1,-
42379,No-name Requiem,IN Lv.15,15.900003,底力+楼梯+32分+变速+叠键+位移+定轨
42406,銀河（feat.初音）,HR Lv.15,15.600003,楼梯+变速
42450,末世論 ~混沌から産まれた思い~,IN Lv.16,16.0,底力+楼梯+爆发+变速+耐力+位移
425,Inferno,IN Lv.14,14.0,底力+楼梯+纵连
42506,It`s TV Time!,IN Lv.14,14.500002,-
42508,超度 -Go Beyond-,IN Lv.16,16.200005,楼梯+32分+变速+高BPM+位移
42511,BOW AND ARROW,HD Lv.14,14.0,多押+32分+耐力+位移
42522,梦语,AL,13.599997,楼梯
42526,sølips,AT Lv.17,17.300001,底力+多押+楼梯+32分+耐力+位移+定轨
42530,ビターチョコデコレーション,IN  Lv.15,15.400001,多押+32分+变速+耐力+位移
42539,Hello! My World!!,IN Lv.15,15.500002,底力+爆发+定轨
42544,削いで、,IN Lv.14,14.300001,-
42547,Blackbird,RE:IN Lv 16,16.300005,楼梯+耐力
42573,Flashdance,IN Lv.15,15.300001,-
42578,机械玩具,AT Lv.15,15.400002,楼梯+32分
42590,Destr0yer,HD  Lv.11,11.500002,爆发+纵连
42598,強風オールバック,IN Lv.14,14.0,多押+楼梯+32分
42602,Estahv -六戒-,IN Lv.15,15.0,楼梯+32分
42603,来，拍照啦！Let's Take a Photo!,IN Lv.March 7th,14.5,高BPM
42616,【SW】NotToNotice();,IN.15,15.900003,32分+变速
42628,I Wanna,AT Lv.17,17.9,底力+多押+32分+变速+耐力+位移+定轨
42630,电子迷宫,AT  Lv.15,15.0,楼梯+变速+高BPM
42645,depression,hope.9,9.0,-
42660,荒诞儿戏,AT Lv.16,16.6,多押+32分+变速
42663,That Girl(DJ Remix),IN Lv.15,15.0,楼梯+耐力
42667,I Really Want to Stay at Your House,IN Lv.13,13.0,纵连
42684,T氏の話を信じるな,T Lv.15,15.0,叠键
42698,Ghroth,IN Lv.16,16.200005,楼梯+纵连
42707,普通に岁をとることすら,IN  Lv.11,11.200001,-
42722,Cyber Solitude,FD Lv.17,17.500002,底力+32分+变速+耐力+叠键+位移
42727,医生,IN.13,12.999992,楼梯+纵连
42730,Minecraft Lava Chicken (Original Game Soundtrack), IN Lv.14.5,14.500002,多押+楼梯+32分
42744,Disorder,AT 16,16.100004,底力+32分+位移+定轨
42763,Glacier,IN Lv.14,14.0,楼梯+爆发+定轨
42782,樱之子,IN Lv. 14,14.0,楼梯+32分
42785,でんでん心電図,IN Lv.15,14.999998,32分+耐力+高BPM
42800,DX超性能フルメタル少女,AT Lv.15,15.800003,爆发+纵连
42810,R.I.P.,IN Lv.15,15.900001,-
42830,卡农(摇滚版),AT Lv.16,16.700003,多押+32分+变速+耐力+位移
42843,Forest Mixtape,12,12.2,-
42846,World's end loneliness,AT ,16.900002,底力+多押+变速+耐力+位移
42852,莫愁乡,T_T Lv.14 ,13.999997,多押+32分+高BPM
42867,Inverted World,IN Lv.15,15.600002,底力+爆发+位移
42869,C'Mon,IN Lv.15,15.0,32分
42870,Super Fructose 2.0,AT Lv.15,15.1,楼梯+32分
42877,Through Patches of Violet,IN Lv.15,15.700009,-
42879,Sense,IN Lv.14,14.400002,楼梯+爆发
4289,ふわふわ時間,K-ON Lv.14,14.400001,楼梯+32分+耐力
42890,N,IN Lv.15,15.900003,底力+爆发+耐力
42891,生命性シンドロウム (feat. 初音ミク),AT Lv.17,17.500002,底力+多押+32分+变速+耐力+高BPM+位移
42893,恶修女——永火熔铸,IN Lv.14,14.300001,楼梯
42903,竞速小英雄,IN LV.16,19.6,底力+32分+变速
42908,N,IN Lv.15,15.900003,底力+爆发+耐力
42914,但,草东街左转,16.5,32分+爆发+定轨
42915,Nxde,IN Lv.15,15.300001,-
42922,今はいいんだよ。/可以不再继续逞强了哦。,HD Lv.11,11.0,楼梯
42942,Grin,AT Lv.16,16.0,底力+多押+耐力+高BPM+位移
42947,WORLD RESET,IN Lv.15,15.0,底力+多押+耐力+位移
42948,Odysseus,IN Lv.15,15.500002,底力+爆发+耐力+位移
42962,世界寿命と最後の一日(Live 花譜),IN Lv.14,14.8,耐力
42975,Super Fructose 2.0,IN Lv.14,14.800003,楼梯+纵连
42982,Booths of Fighters,AT Lv.17,17.2,多押+32分+变速+高BPM+位移
42983,ouroboros -twin stroke of the end-,AT Lv.17,17.300001,底力+多押+楼梯+变速+耐力+位移
42984,Clinozoisite,AT Lv.17,17.900003,底力+多押+32分+爆发+变速+耐力+位移
4299,alphys takes action,HD,10.999995,32分
43013,Satelite:memories,IN Lv.16,16.300001,-
43024,洗牌(Live),IN Lv.15,15.900003,多押+32分+耐力
43042,Cherry Pop,IN  Lv.16,16.0,楼梯
43050,Journey's End,IN Lv.15,15.0,32分
43052,B3611V,AT Lv.18,18.0,底力+多押+32分+变速+耐力+高BPM+位移
43062,愛♡スクリ～ム！,IN  Lv.14,14.200001,-
43064,Ready?,IN Lv.15,14.900003,32分
43067,Thank you for dears,IN.O-O,13.500008,32分+耐力
43082,Time Stop,IN.14,14.399998,高BPM
43098,せかいから____がきえるとき,Disappear Lv.15,15.599998,耐力+高BPM
43121,医生,IN.15,15.0,多押+楼梯+纵连
43134,Bring it on,FM,14.500002,-
43135,国立,HD  Lv.5,5.0,-
43144,Abatement,IN Lv.16,15.999998,底力+楼梯+爆发+纵连+位移
43151,Synthesis.,IN Lv.16,16.2,楼梯+爆发+耐力+位移
43161,イルミナティ,IN Lv.16,16.0,底力+楼梯+变速+高BPM+纵连+叠键+位移
43175,Seven Deadly Sins,IN,14.400001,叠键
43184,ディスコルディア,AT Lv.18,18.2,底力+多押+32分+变速+耐力+高BPM+叠键+位移
43191,Bad Apple!! feat.SEKAI,AT Lv.15,15.300001,32分
43192,珠玉,LK Lv.12,12.0,-
43205,Waiting For Love,IN Lv.13,10.0,32分
4321,派对之王,Feast,14.400002,-
43213,felys -final remix-,IN  Lv.14,14.700003,底力+楼梯
43221,JUMP! BEAT! PLAY!,IN  Lv.15,15.0,-
43222,权御天下「2025官方重置版」,IN Lv.14,14.300001,耐力
43227,寒晶的遐梦 Frigid Reverie,IN Lv.13,13.900003,楼梯
43228,deadline chasers,Pinnacle Lv.17,17.0,底力+多押+32分+爆发+变速+位移+定轨
43238,Shelter,IN Lv.15,15.600002,楼梯
43239,Level Up,IN Lv.16,16.000004,楼梯+变速+位移+定轨
4326,チーズ,IN Lv.14,14.500002,-
43273,MEGAMIX,SP  Lv.?,17.300003,底力+爆发+耐力+位移
43277,World's end BLACKBOX,AT Lv.17,17.5,底力+楼梯+耐力+位移
43279,Super Fructose 2.0,HD Lv.13,13.400002,32分
43286,焦作,IN,14.8,多押+32分
43296,starlight,IN  Lv.X,10.0,楼梯+32分
43310,Shall We Dance?,IN Lv.14,14.0,多押
43319,thrinos;pygmalion,AT Lv.?,16.500004,楼梯+变速+位移
43332,chronos_visionia,IN Lv.15,15.6,-
43345,Curly Wurly（万达广场）,IN Lv.12,12.6,-
43349,命に嫌われている。,IN Lv.16,16.400002,多押+32分+变速+耐力+位移
4335,マネマネサイコトロピック -XIV- (MARETU Remix),AT Lv.15+,15.9,多押+32分+变速+耐力+位移+定轨
43359,magnet,IN  Lv.14,14.5,-
43373,Astaroth,16.4,16.400002,底力+爆发+耐力+位移+定轨
4338,Gimme×Gimme,IN  Lv.14,14.7,多押+32分+变速+耐力
43389,限りなく灰色へ,IN  Lv.14,14.500001,-
43390,Next Time (full ver.),AT Lv.15,15.400002,楼梯
43402,Fly To Meteor (Milthm Edit),IN,15.0,-
43404,すれすれ,IN  Lv.12 ,12.6,32分
43417,净善的遐歌,IN Lv.13,13.6,-
43421,来世願幸,AT Lv.17,17.400002,底力+多押+32分+爆发+耐力+叠键+位移
43424,雪愿,16.4   4k,16.400002,底力+位移
43430,"Boom, Boom, Boom, Boom!!",AT Lv.16,16.0,32分+叠键
43433,Sage,IN Lv.15,15.1,位移
43440,请不要带我走。,IN Lv.12,12.400002,-
43448,Raijin no Hidariude（雷神の左腕）,IN Lv.14,14.0,-
43455,冥,AT Lv.18,18.0,底力+多押+32分+爆发+变速+耐力+纵连+位移
43466,Helios,IN Lv.15,15.0,纵连
43489,Fight Against the Past,TB.1,1.0,底力+多押+32分+变速+耐力+位移+定轨
43492,丢手绢,FEN Lv.13+,13.700001,楼梯+32分
43495,ω4,IN Lv.16,16.6,底力+爆发+耐力+位移
43496,Steve's Lava Chicken (Camellia Remix),AT Lv.16,16.0,多押+32分+变速+叠键+位移
43524,私はあの花火大会に行かなかった,IN Lv.14,14.200001,-
43532,OperationD (xi Remix),AT 17,17.0,底力+耐力+位移
43534,Static ft. Hatsune Miku,AT Lv.14,14.2,楼梯+32分
43545,空の箱(feat.nina),IN 14.4,4.0,-
43548,Chaotic Time Trio Phase1,IN Lv.15,15.0,耐力+高BPM
43551,gentleman（鸟叔）,AT Lv.15,15.0,32分
43573,otherside,IN Lv.14,14.700003,32分
43586,忙シー日,SP Lv.ユユユ,15.900001,楼梯+纵连
43587,ALL☆NIGHTER!,AT Lv.15,15.0,底力+楼梯+32分+变速+叠键
43593,独角戏 Monodrama,,13.0,楼梯+纵连
43601,World's end BLACKBOX,AT Lv.17,17.2,底力+耐力+叠键+位移
43636,无责任集合体,IN Lv.14,14.699999,-
43640,Sun,IN Lv.13,13.099999,-
43645,AFTER PANDORA,IN Lv.14,14.0,-
43648,GlAiMfEe,IN Lv.15,15.0,-
43660,Alastor,IN Lv.17,17.199999,底力+楼梯+爆发+耐力+位移
43663,#curtaincall 1.3x,AT Lv.18,18.0,底力+多押+32分+变速+耐力+高BPM+位移
43673,RE Aoharu,IN Lv.14,14.0,32分
43685,Wake(short ver.),IN Lv.12,12.0,多押+32分
43706,拂晓,10,10.0,楼梯+32分+变速+高BPM+纵连+位移
4372,"My Soul,Your Beats!",IN 13,13.0,-
43725,+ERABY+E CONNEC+10N,AT Lv.17,17.600002,底力+变速+耐力+高BPM
43729,Inherited World,AT Lv.16,16.7,底力+爆发+耐力+位移
43746,Chaotic Time Trio Phase3,AT Lv.16,16.0,多押+32分+耐力
43761,星耀 【交锋】-Stars Shine 【Confrontation】,AT Lv.17,17.0,底力+多押+32分+变速+耐力+位移
43762,Traveling Light,IN  Lv.13.5,5.0,-
43770,燎沉香,IN,14.0,-
43771,Dead Angel,IN.15,15.600002,多押+位移
43776,蜃楼,HD,8.099998,楼梯+32分
43783,Witch's Curse,IN Lv.15,15.700003,楼梯+纵连+位移
43794,イガク,SP Lv.?,15.0,楼梯
43795,哈索尔 (雪狐x黎歌 翻唱),IN  Lv.14,14.6,楼梯+耐力+纵连
43808,いますぐ輪廻,IN Lv.16,16.0,-
4382,PSYCHOKINESIS,IN Lv.14,14.600002,纵连
43838,Sky Blue（天蓝色）,IN Lv.15,15.500024,楼梯+高BPM
43840,星降る夜と一輪の花,AT Lv.16,16.800003,底力+楼梯+爆发+位移+定轨
43843,Bad Apple!! feat.SEKAI,AT Lv.15,15.300001,32分
43844,超ナイト・オブ・ナイツ,IN Lv.16,16.0,底力+多押+楼梯+爆发+变速+耐力+位移
43850,Unlimited Hyperlink,IN Lv.16,16.400002,多押+32分+变速+耐力+高BPM+位移
43859,My Sunset,IN Lv.15,15.300001,-
43861,Calling Out,AT Lv.16,16.800001,多押+32分+变速+耐力+纵连+位移
43864,il ventod'oro,AT Lv.14,14.0,32分+叠键
43880,macro.wav,IN Lv.14,14.900001,纵连
43890,生きる,IN Lv.11,11.1,32分
43899,熱中症になりたいな,AT Lv.16,16.0,多押+楼梯+32分
439,Break Through Myself,IN Lv.15,15.500002,多押+32分+变速+耐力+位移
43902,Fly of Beelzebub,IN Lv.16,16.500002,底力+多押+爆发+读谱+耐力+位移
43905,D/N/A,IE Lv.14,14.900003,楼梯
43928,恋ひ恋う縁,IN Lv.15,14.9,多押+楼梯+32分
4393,Neon,IN  Lv.14,14.700003,32分
43948,Seasons,AT Lv.16,16.2,32分+变速+纵连+叠键+位移
43979,Mutation,IN Lv.17,17.1,底力+多押+楼梯+变速+耐力+高BPM+位移
4398,The End,Final Lv.12,12.800003,32分+纵连+定轨
43998,ヒロイン (nakotanmaru ver.),ヒロイネ Lv.15,15.0,多押+楼梯+32分+耐力
44002,HECATONCHEIR,IN Lv.15,15.300001,楼梯+定轨
44058,Arrhythmia to Wonderland,IN Lv.15,15.3,楼梯
44068,OutBreaker,IN Lv.15,15.0,32分+耐力
44070,かごめかごめ,IN Lv.14,14.1,32分
44074,月与十六夜,AT Lv.17.?,17.000004,多押+楼梯+32分+变速+耐力+叠键+位移
44078,to soar,IN Lv.15,15.300001,楼梯+位移
44083,NeruNeru-Chan travels to the Luminous Stars!,AT Lv.17,17.00001,32分+耐力
44088,Assumptions,IN Lv.14,14.3,-
44091,Child's Play(Awe Remake),PA Lv.?,16.6,耐力
44118,Little Rabbit and Deliverance,AT Lv.19,19.0,底力+多押+楼梯+爆发+变速+耐力+高BPM+叠键+位移+定轨
44127,天天天国地獄国,IN Lv.13,13.900001,-
44128,狱火焚天Inferno Combusts II（part1）,HD Lv.13,13.0,耐力
44150,那年盛夏,IN Lv.15,15.0,楼梯
44170,Gloomy Flash,IN Lv.14,14.400001,-
44184,That Girl,AT Lv.16.6,16.6,楼梯+定轨
44187,イイナ祭 ,IN Lv.14,13.900001,32分
44194,Cotton Candy Soda,IN Lv.13,12.900001,32分
44198,MVURBD,IN Lv.15,15.700003,楼梯+位移
442,"Bad Apple!! (Camellia's ""Bad Psy!!"" Remix) ",AT,16.0,楼梯+耐力+纵连+位移
44204,黎命に殉ず,AT Lv.17,17.900005,底力+多押+32分+变速+耐力+位移
44223,Wolves Standing Towards Enemies,IN  Lv.16,16.800003,底力+楼梯+耐力+位移
44231,ω4,AT Lv.17,17.1,底力+爆发
44233,AKAGE,IN Lv.15,15.0,楼梯
44252,Bring Back The Summer,AT Lv.14,14.800002,楼梯
44259,赤壁、大炎上！！ (feat. おもしろ三国志),AT  Lv.17,17.0,底力+多押+楼梯+32分+变速+耐力+叠键+位移
44263,山海,HD,12.8,纵连
44265,Ragnarok,ECHOES OF EXTINCTION,10.0,底力+多押+32分+爆发+变速+耐力+位移
44271,Down to the Chords,AT Lv.16,16.700003,32分+变速+耐力
44273,夜に駆ける,IN Lv.16,16.000004,32分
44296,My Wonderland,IN Lv.13.8,13.799999,32分+叠键
4431,魔法少女とチョコレゐト,IN Lv.15,15.300001,32分
44315,Kyoto,IN Lv.13,13.800003,32分+耐力
44338,IOR,NOTE Lv.16,16.0,纵连+位移
44340,Infinity Heaven,AT Lv.16,16.2,底力+爆发+耐力+位移
44342,高潔なる教皇,IN Lv.14,14.0,-
44344,WATER,AT Lv.15,15.0,楼梯+32分
44358,The Journey,IN    Lv.12,12.600002,-
44396,willed,IN Lv.15,15.0,多押
44400,With a Wish-《地缚少年花子君 第二季》TV动画片尾曲,IN,10.0,楼梯
44407,但,AT  Lv.16,16.7,楼梯+32分+变速+纵连
44409,Kentucky Jelly,EX Lv. 16,16.2,-
44418,RoquiRa：Between Life and Death,AT Lv.17,17.700003,底力+楼梯+变速+耐力+叠键+定轨
44421,Crucified,IN Lv.13,13.0,纵连
44423,被世界抛弃的孩子,8*2,20.0,多押+32分+耐力+位移
44450,嘿咻狂想曲,IN Lv.11,11.600002,32分
44455,T氏の話を信じるな,IN Lv.15,15.700003,-
44469,云女孩(Happycore Mix),IN Lv.16,16.600002,底力+楼梯+耐力+位移
4447,unravel,IN Lv.15,15.900003,多押+32分+耐力+位移
44514,Broken Starlight,FM Lv.14,14.400002,多押+32分
44520,茉子の日常,AT Lv.15,15.500002,多押+楼梯+32分+变速+位移
44524,Crucified,IN Lv.14,14.100004,-
44529,Enjoy the Ride,IN Lv.14,14.0,32分
44535,Magical Flavor,IN Lv.13,13.900003,-
44542,Rabbit in The Black Room,16.9999,16.900002,底力+多押+32分+变速+叠键+位移
44577,霜雪千年,IN  Lv.13,13.0,-
44579,Eviternity,ST Lv.18,18.0,底力+多押+32分+变速+耐力+位移
44584,Ruin in Cascade,REBORN,18.0,底力+楼梯+32分+变速+耐力+叠键+位移+定轨
4459,アイドル,IN,14.300001,耐力
44600,桃源郷で救済を（桃源乡的救济）,IN Lv.13,12.800007,楼梯
44602,悪ノ召使,AT Lv.15,15.0,-
44604,Aphasia,lN Lv.14,1.4000002,32分+耐力
4461,LINK x LIN#S,IN Lv.14,14.0,多押
44628,Eutopia,IN Lv.11,11.700003,-
44632,T氏の話を信じるな,IN Lv.15,15.700003,-
44649,レイル・ロマネスク (Rail Romanesque),IN Lv.13,13.0,楼梯+32分+纵连+叠键
44651,天火明命,IN Lv.14,14.800003,爆发
44657,終の舞姫,AT Lv.17,17.400002,底力+多押+32分+变速+耐力+叠键+位移
44669,BWLAUTE BEIRRD,Re:AT Lv.15,15.500001,楼梯+耐力
44677,ALL☆NIGHTER!,AT Lv.16,16.800003,底力+多押+32分+变速+耐力+叠键+位移
44684,好きだから。,IN,14.000009,楼梯+耐力
44688,Antler,AT Lv.7?,10.0,楼梯+爆发+纵连
44696,嘿咻狂想曲,IN Lv.12,12.0,-
44699,希望有羽毛和翅膀,IN Lv.13,13.4,32分
44705,Xaleid◆scopiX,AT  Lv.◆,18.2,底力+多押+楼梯+32分+变速+耐力+位移
44732,祭月夜,IN Lv.13,13.900003,楼梯+32分
44734,Hope Alive (ys8),IN,16.0,变速+高BPM+位移
44737,GOAT!,IN Lv.13,13.600002,-
44743,macro.wav,IN Lv.14,14.599995,楼梯
44745,感傷生命,IN Lv.13,13.200005,纵连
44746,钢琴,EZ Lv.7,7.0,-
44774,Eventide,IN Lv.14,14.900003,32分
44807,臙脂 ft. 重音テト,IN Lv.14,14.0,楼梯
44830,Like A Flower,IN Lv.15,15.599999,楼梯+32分
44844,エイリアンエイリアン,Lv.？,15.499996,32分+变速+耐力+纵连+叠键
44852,"the end of this world, and the girl who crossed the moon's oceans.",Insane Lv.Ø,15.1,-
44854,Latitude,IN Lv.15,15.1,楼梯
44856,群青シグナル,IN Lv.16,16.0,-
44859,IGNITE,IN Lv.15,15.700003,楼梯+32分+变速
44862,Alpharise,AT Lv.17,17.1,32分+耐力+位移
44874,I Wanna,OLIVIER Lv.17,17.0,底力+多押+32分+变速+耐力+位移
44879,破旧世界（最终）,IN Lv.14,14.5999975,-
44914,八重回归 • 伪,return Lv.14,14.600002,楼梯
44917,The Second Sanctury,AT Lv.15,15.400001,32分+高BPM
44919,Skyfall,AT Lv.15,15.700003,纵连+位移+定轨
44923,匿名M,,14.999999,楼梯+32分
44930,四海五洲,LV.15/SP,15.099999,32分
44934,Nyarlathotep's Dreamland,AT Lv.17,17.0,底力+多押+爆发+变速+耐力+位移
44971,Sphalerite,IN Lv.15,15.600002,爆发+高BPM+纵连+位移
44980,月下繚乱 ~2022 Re Master~,AT Lv.15,15.400002,纵连
44985,the Tower of NIRV(ニルヴの心臓),AT Lv.17,17.500002,底力+多押+32分+变速+耐力+高BPM+位移+定轨
44989,Spark!e,AT Lv.15,15.399998,底力+爆发+位移+定轨
45005,Campanella,AT Lv.17,17.0,底力+多押+爆发+变速+耐力+高BPM+位移
45015,Hello(BPM)2025,BBC第三届2nd,10.0,底力+楼梯+变速+高BPM+纵连+叠键+位移+定轨
4503,核心共振,IN Lv.16,16.3,多押+楼梯+变速+高BPM+位移+定轨
45037,Dark Sanctuary,IN Lv.13,13.0,-
45039,Innocent white,IN Lv.16,16.0,纵连
45041,虚無さん,FM  Lv.¿,10.0,-
45057,百九十,IN Lv.16,16.0,底力+楼梯+耐力
45067,Lost Umbrella,IN,14.299998,耐力
45076,嘘,IN Lv.11,11.0,32分
45087,MARENOL,AT Lv.16,16.300001,底力+楼梯+纵连
45094,REVΘCATE,IN Lv.16,16.00001,纵连
45129,INTERNET YAMERO,やめろ Lv.?,17.0,多押+32分+变速+耐力+叠键+位移+定轨
45130,㋰責任集合体,IN.14,14.0,耐力
45140,Pastel Lines,HD  Lv.9,9.800003,-
45162,VorpΛlize,IN Lv.16,16.2,多押+变速+高BPM+位移
45174,Tigris,AT Lv.16,16.2,楼梯+变速+纵连+定轨
45183,わるぐち,IN Lv.15,15.1,耐力
45185,Last Dance,IN Lv.14,14.0,耐力
45196,大东北是我的家乡(DJ何鹏版),东北 Lv.带π,13.900001,-
45200,いますぐ輪廻,IN Lv.13,13.0,-
45220,Nightingale,In15,15.700003,底力+耐力+位移
45261,星と僕らと (tofubeats Remix),AT Lv.15,15.0,楼梯
45273,divine,AT 13.6,6.0,32分
4528,Da Capo,IN Lv.13,13.0,32分
45280,みちしるべ（路标）,SP Lv.12.0,12.000001,32分
4530,期待通り,IN Lv.15,15.0,变速
45307,罗小黑战记ED,MT 13,13.5,-
45308,ヒステリックナイトガール,IN Lv.15,15.2,变速
45316,萤火虫の怨,IN Lv.13,13.2,-
45322,アスノヨゾラ哨戒班,IN Lv.14,14.5,底力+爆发+耐力
45323,Devotion,AT  Lv.15,15.0,底力+爆发
45324,Poet of the Stars,IN Lv.14,14.300001,耐力
4534,Animals,IN Lv.13,13.0,32分
45342,游乐园-The Amusement Park,IN Lv.13,13.0,-
45346,Invisible Frenzy,AT Lv.17,17.1,底力+多押+32分+变速+耐力+高BPM+纵连+叠键+位移
4535,Sea Monster,SM Lv.15,15.600002,楼梯+32分+耐力+纵连
45360,雨露霜雪,AT Lv.17,17.300001,底力+多押+变速+耐力+高BPM+叠键+位移+定轨
45365,CrossFire Hard Arrange,INSANE Lv.14,14.900002,-
45366,勋章,IN  Lv.11,11.0,-
45380,雨之城,IN Lv.12,12.200001,-
45388,反乌托邦,IN Lv.13,13.300001,-
45394,Avantgarde,AT Lv.16,16.800003,底力+32分+变速+耐力+位移
45403,LIFE,AT Lv.15,15.900003,-
45415,Lost Civilization,IN  Lv.14,14.899997,-
45431,M1LLI0N PP,AT Lv.18,18.0,底力+多押+楼梯+32分+变速+耐力+纵连+叠键+位移+定轨
45445,インドア系ならトラックメイカー,AT  Lv.17,17.0,耐力
45451,MOTTAI,IN Lv.14,14.300001,耐力+位移
45479,Anlter,AT Lv.16,16.2,底力+楼梯+爆发+耐力
45499,星になる,IN Lv.15,15.0,-
45520,NECROPTOSIS,AT Lv.17,17.600002,楼梯+32分+耐力
45534,ラビットホール,New Lv.16,16.800003,变速+纵连
45535,SIGMA,AT Lv.17,17.300001,耐力
45545,ハルトキ～Spring Moment～,AT Lv.15,15.700003,32分
45548,Utopiosphere -Platonism-,AT Lv.16,16.0,楼梯+32分+叠键
45560,八重回归（伪）,IN Lv.13,13.700003,楼梯
45563,Coming True,AT 16,16.2,楼梯+32分+耐力
45564,Akasagarbha -reincarnate-,AT Lv.16,16.600002,底力+楼梯+32分+位移
45574,R,IN Lv.15,15.800003,32分+位移
45580,食通万物 修心修身,IN Lv.15,15.400005,楼梯
45603,Paparazzo,IN Lv.15,15.0,楼梯
45608,Cast Me A Spell,IN Lv.14,14.0,32分
4561,派对之王,NB.5732,14.000001,32分+耐力
45615,ノマド (Nomad),IN Lv. 12,12.0,-
45619,囍,IN Lv.13,13.0,爆发+纵连+叠键
45634,The finai:Posthumous[终幕 遗信],IN 15,15.200001,多押+楼梯+32分
45643,Beyond The Timeline,IN Lv.14,14.0,32分
45651,耀斑,AT Lv.17,17.400002,底力+楼梯+32分+变速+耐力+叠键+位移
45664,Next Time,IN 13,13.8,-
45671,Glitched World,AT Lv.15,15.200001,-
45672,One Last Time,IN  Lv.15,15.1,楼梯
45692,人生有梦,兰,14.0,32分+纵连
45693,月夜見,IN Lv.15,15.0,楼梯
45696,Pastel Lines,IN Lv.14,14.0,-
45716,晚安喵,FM Lv.12,12.0,楼梯+纵连
45719,†KRUSHDAFIGHT!†,IN Lv.15,15.0,-
4572,"Good bye, Merry-Go-Round.",IN  Lv.14,14.0,楼梯+纵连
45727,Total Eclipse of The Sun,AT Lv.18,18.0,多押+32分+变速+耐力+叠键+位移+定轨
45729,Love Kills U,HD Lv.12,12.600005,-
4574,萨卡萨卡班班甲鱼鱼,IN Lv.13,13.7,-
45745,MORNINGLOOM,IN 14,14.8,楼梯+纵连
45747,Ré：Ré,IN Lv.16,16.0,底力+多押+爆发+变速+耐力+位移
45748,高潔なる教皇 (高洁的教皇),IN Lv.13,13.600002,32分
45755,Never End,HD Lv.12,12.600002,-
45756,モ ミ ア ゲ ヲ シ ャ カ ア ゲ ヲ (搓搓炸鸡摇摇炸鸡),IN.14,14.000001,-
45758,I love you so,AT Lv.15,15.0,32分
45767,老张,14.514,11.0,楼梯+纵连
4577,命ばっかり,IN Lv.14,14.800003,-
45797,Art For Rest,IN Lv.15,15.500002,耐力+位移
45798,Kaguya,IN Lv.15,15.799995,底力
45808,Super Nova,IN Lv.14,14.499999,底力
45809,ONESELF,IN,15.400002,楼梯+变速+纵连
45812,四下无人,IN Lv.14,14.299997,-
45813,バベル,IN Lv.15,15.200001,高BPM
45828,ただ君に晴れ,IN Lv.14,14.600002,楼梯+纵连
45829,アイディスマイル,IN Lv.13,13.700003,32分
45847,把回忆拼好给你,IN Lv.15,15.0,多押+32分+变速+耐力+位移
45855,My Soul,IN Lv.14,14.500002,-
45864,Braved Night,IN Lv.14,14.0,爆发
45878,.residue,UT.15,20.0,耐力
45881,p.h,AT  Lv.15,15.5,读谱
45888,"Too Horny to Live, Too Dead to Cum",IN Lv.15,15.400001,-
459,Hello (BPM) 2023,AT,17.0,底力+多押+楼梯+32分+变速+耐力+高BPM+叠键+位移+定轨
45916,Lava Chicken,IN Lv.14,14.300001,-
45917,チルノのパーフェクトさんすう教室,IN  Lv.15,15.200001,爆发+位移
45941,JUMP！BEAT！PLAY！,IN Lv.14,20.0,-
45948,SUPER EMULATOR [feat. HiTNEX-X],AT Lv.16,16.1,多押+变速+耐力+纵连+位移
45951,ほしのおとしもの,AT  Lv.16,16.7,32分
45965,Paradoxes,IN,14.0,楼梯+读谱
45972,Dance and Fall in Love,IN Lv.13,13.7,-
45974,第57次取消发送,孤单 .Love 13,13.8,楼梯+纵连
45976,心予報,IN Lv.13,13.400002,-
45980,Operation,AT Lv.16,16.0,多押+32分+纵连+位移+定轨
45981,七帷的暮雨,IN Lv.14,14.1,爆发+纵连
4599,Tiny Fate,IN Lv.15,15.400001,耐力
46010,Don't Fight The Music (retry ver),IN LV.16,16.0,底力+爆发
46015,あなたのチ○コは何センチ？,SP  9cm,9.099997,-
46016,Wasted(Nightcore),IN Lv.14,14.7,底力+楼梯
46023,妄想感傷代償連盟,AT Lv.13 ?,13.900001,-
46036,悬溺,HD,10.0,楼梯
46038,明日への扉 (通往明天的门),IN Lv.14,14.0,耐力
46058,Maybe One Day,IN Lv.13,13.0,爆发+纵连
46064,STAR☆BURST,IN.Lv.14,14.699999,纵连
46065,领主,IN Lv.11,11.700001,-
46067,人マニア,IN Lv.15,15.500002,楼梯+纵连
46069,7th Avenue,sp Lv.???,10.0,-
46074,天天天堂地獄國,AT Lv.14,14.799998,楼梯
46088,室内系的TrackMaker,AT Lv.16,16.2,多押+32分+变速+耐力+位移
46094,いますぐ輪廻,IN Lv.14,14.0,-
46100,Lost Frequency,AT Lv.16,16.900003,32分+变速+耐力
46102,Dear My Waker,IN Lv.14,14.1,-
46103,めんどくさいモード,IN Lv.15,15.000004,变速+位移
46109,ALL!!!,IN Lv.15,15.400002,爆发+变速+纵连
46145,抑郁症,13,13.7,楼梯+32分+纵连
46146,夏烟火-道正,Daozheng,14.1,高BPM
46168,QZKago Requiem,IN Lv.15+,15.900001,底力+高BPM+位移
46172,VEZZELiX,AT Lv.16,16.0,多押+32分+变速+耐力+位移
46175,４２２,AT Lv.16,16.500002,底力+爆发+位移
46188,アマデウス,IN Lv.15,15.0,多押+楼梯+32分
46190,バブルの素敵なフルコース,HD Lv.14,13.900003,高BPM
46195,芽,10,10.0,楼梯
46200,DooM∞LighT,AT Lv.17,17.500002,底力+多押+楼梯+32分+变速+耐力+高BPM+叠键+位移
46201,CrossFire Hard Arrange,AT  Lv.16,16.0,-
4621,刹那の誓い（feat.由崎司）,IN Lv.13,13.400001,-
46210,ちっちゃな私 ,IN Lv.14,14.300001,楼梯+32分
46218,エンパープル,IN Lv.15,15.6,多押+32分
46219,第57次取消发送,孤单 .Love 13,13.0,楼梯+纵连
46226,Singularity,IN Lv.15,15.500001,纵连
46227,ハローセカイ,IN Lv.14,14.500002,楼梯
46232,DIVE with Ü,IN Lv.15,15.400002,楼梯
46234,ホントノ,AT Lv.15,15.0,楼梯
46235,ずんだもんの朝食 〜目覚ましずんラップ〜,SP Lv.15,15.500002,-
46239,Elemental Creation,	AT Lv.17,17.2,底力+爆发+耐力+高BPM+位移+定轨
46241,ネバーランド,AT Lv.16,16.700003,多押+32分+变速+定轨
46243,Glitched Universe,IN Lv.15,10.0,楼梯+爆发+纵连
46245,古典哈基米：野哈飞舞,IN Lv.16,16.600002,底力+楼梯+爆发+叠键+位移
46250,HiTECK HEIST,IN Lv.16,16.300001,楼梯+爆发+耐力+位移
46251,FFT,IN Lv.14,14.500002,楼梯
46256,タマモッチ,IN Lv.15,15.900003,爆发+位移
46257,ハローセカイ,IN Lv.14,14.500002,楼梯
46258,Chicken Soup,AT  Lv.15,15.600002,爆发
46259,空心人札记,IN Lv.13,13.700003,-
46260,reFract::dense,AT  Lv.14,14.900003,爆发+定轨
46261,Crystallized,IN Lv.15,15.0,楼梯
46266,F1055,AT Lv.16,16.900003,底力+爆发
46268,DRAGONLADY,IN Lv.15,15.0,多押+高BPM+位移
46269,旅の果てで待っていて,IN Lv.15,15.0,-
46274,Aether Ingita!,IN  Lv.16,16.400002,底力+爆发+耐力
46293,sølips,AT Lv.17,17.2,底力+楼梯+32分
46299,"Raw,Unfiltered Calamity",IN Lv.15,19.5,楼梯+耐力
46301,ULTRA SYNERGY MATRIX,IN Lv.15,15.900001,32分+位移
46314,Tokyo Wabi-Sabi Lullaby,IN Lv.14,14.1,-
46319,死別(中文洛天依,easy,9.9,-
46326,緋色月下、狂咲ノ絶 (nayuta 2017 ver.),SP Lv.?,10.0,-
46327,Glitched Character,GLITCHED 17,17.5,底力+多押+32分+变速+耐力+位移
46328,アブノーマリティ・ダンシンガール ,IN LV.16,16.0,多押+32分+变速+耐力+高BPM+位移+定轨
46331,INTERNET OVERDOSE,IN  Lv.15,15.1,叠键
46339,Mind Enhancement,IN Lv.15,15.500002,楼梯+位移
46348,ANTINEUTRINO WITCHCRAFT,AT  Lv.18,18.2,底力+多押+楼梯+读谱+变速+耐力+高BPM+位移
46363,なつさめ (feat. yunayu),IN Lv.14,14.800003,32分
46372,天天天国地獄国,IN  Lv.14,14.900003,楼梯
46375,恶修女——永火熔铸,IN  Lv.15,15.200001,楼梯
46377,Stir and Mix,IN Lv.13,13.700003,-
46378,八芒星ダンス,IN Lv.16,16.300001,底力+多押+32分+读谱+位移
46386,Starlight Traveler,IN  Lv.16,16.300001,底力+楼梯+高BPM+纵连+位移
46388,The Endless for Traveler,IN Lv.15,15.300001,楼梯+变速
46393,Future Downloader,IN  Lv.16,16.7,底力+变速+耐力+高BPM+纵连+位移+定轨
46408,From Star To Stardust,IN Lv.15,15.600002,楼梯
46417,5:20AM,AT  Lv.15,15.399998,-
46422,ロストワンの号哭 (Lost One的号哭),IN Lv.15,15.1,耐力+纵连
46434,Oceanus,AT Lv.17,17.300001,底力+爆发
46436,ゴー・トゥ・大都会,IN Lv.15,15.0,变速
46446,NeruNeru-Chan travels to the Luminous Stars!,AT Lv.16,16.599998,底力+耐力+高BPM
46451,花に亡霊 (花上亡灵) [Cover Ver.],IN Lv15,15.0,位移
46454,Gengaozo,IN  Lv.15,15.099998,底力+爆发+耐力+位移
46470,Spark!e,AT Lv.15,15.6,底力+爆发+位移+定轨
46471,Anniv.,IN Lv.14,14.300001,楼梯
46474,Our New Story,EZ Lv.1,1.0000001,-
46475,迷星叫,IN Lv.15,15.800003,耐力
46484,Grimoire of Emerald,IN  Lv.15,15.700003,底力+楼梯+耐力
46485,祝福のメシアとアイの塔,♥ Lv.?,14.8,-
46486,Stellar:Dream,AT Lv.19,19.0,底力+多押+楼梯+32分+变速+耐力+位移
46490,Unraveling Stasis,AT Lv.18,18.0,底力+多押+楼梯+32分+变速+耐力+高BPM+位移
46523,ぐちゃぐちゃぬるぽ,IN Lv.15,15.600002,楼梯+变速+位移
46526,Monitoring (Best Friend Remix),IN Lv.14,14.1,-
46535,开心往前飞[无伴奏版,13,13.300005,楼梯+32分
46544,Chariot,IN  Lv.13,13.200001,楼梯+32分
46546,蜘蛛糸モノポリー,AT Lv.16,16.400002,底力+多押+32分+耐力+叠键+位移
46549,G e n g a o z o,IN Lv.15,15.8,底力+爆发+耐力+位移
46554,あなたしか見えないの,IN,13.800001,-
46560,王妃,HD.15,15.0,-
46563,Infinity Heaven,AT Lv.18,18.000004,底力+多押+32分+爆发+变速+耐力+叠键+位移
46566,ULTRA RENDA 1,SP Lv.RENDA,16.4,底力+爆发+纵连
46594,Knight Rider,IN Lv.15,15.300001,多押+楼梯+32分+变速+位移
46629,下个，路口，再见吧,13,20.0,高BPM
46634,Nyarlathotep's Dreamland,IN Lv.16,16.400002,底力+楼梯+爆发+耐力+位移+定轨
46638,Rich Man,IN Lv.13,13.700003,-
46659,"Sea,You&Me",SP Lv.13,13.0,楼梯+32分
46669,Blue Lemonade,IN Lv.13,13.500002,-
46674,POLYBIUS GB SPEEDRUN -Glitchless,AT Lv.17,19.6,底力+多押+楼梯+32分+变速+耐力+位移
46676,Echoes of Memoria,AT Lv.16,16.900003,底力+多押+爆发+变速+耐力+位移
46677,Hand in Hand,AT Lv.14,14.1,32分+高BPM
46679,theme-44,AT lv.14.8,8.0,32分+纵连+定轨
46694,IGNITE,AT  Lv.17,17.0,多押+楼梯+32分+叠键
46697,化けの花,FL Lv.15,15.0,-
46699,CET 4,Lv.12？？,12.0,-
46708,Frey's Philosophy,IN Lv.15,15.700003,-
46709,Avantgarde,AT Lv.17,17.0,底力+多押+32分+爆发+变速+耐力+位移
46710,Unleashed World,IN Lv.16,16.0,底力+爆发+高BPM
46715,Monitoring (Best Friend Remix),AT Lv.15,15.799999,-
46730,-SURREALISM-,AT Lv.16,16.0,底力+多押+32分+变速+耐力+位移
46738,PC Funeral ft. lexxiemow,IN Lv.14,14.0,32分
46741,春日影 (Haruhikage),IN Lv.14,14.1,楼梯
46748,Mindless Soulles,IN,15.6,-
4675,	Maxi,IN.14,14.500001,-
46751,乘烟,兰14,14.5,楼梯+32分
46779,珍珠,IN Lv.14,14.0,楼梯
46781,No Sky No Ground (feat. 重音テト),AT Lv.16,16.0,楼梯+32分
46795,HOYO-MiX+-+霜烈竞逐+Nippy+Bout,14.5,14.500004,纵连+叠键
46797,Two Different Worlds,EZ Lv.9,9.000001,楼梯
46799,Goodbye Goodnight,IN Lv.15,15.400002,耐力
46810,SON OF SUN,SP Lv.14+?,16.1,32分+变速
46832,ぐちゃぐちゃぬるぽ,MI Lv.15,15.0,-
46842,オーバーライド,IN Lv.15,15.400002,32分
46843,与风告别,HD Lv.12,12.400002,-
46847,Survive,IN Lv.15,15.200001,楼梯+32分
46848,×はんでぃ♡きゃっぱー×,AT Lv.16,15.0,耐力
46854,Milk,IN Lv.14,14.0,楼梯
46856,MEGALOVANIA (Camellia Remix),SP Lv.19,19.0,底力+楼梯+读谱+变速+耐力+高BPM
46865,Fine Logic,IN Lv.14,14.0,楼梯
46866,黒塗り世界宛て書簡,IL Lv.⚫,14.2,楼梯
46882,Don't Fight The Music,AT Lv.16,16.8,底力+多押+楼梯+32分+变速+耐力+位移
46885,食通万物 修心修身,IN Lv.13,13.0,-
46886,Fragrance,AT,17.0,底力+爆发+位移
46893,Syrinx,IN Lv.15,15.9,底力+爆发+高BPM+位移
46907,5:20AM,AT  Lv.15,15.399998,-
46921,......已至。,超大蛋 N15,15.200005,楼梯+爆发+纵连+位移
46935,Sparkle New Life,AT Lv.15,15.800003,楼梯+32分
46954,u:phoria,IN Lv.14,14.8,纵连
46956,Your Best Nightmare,AT Lv.16,16.400002,楼梯+32分+变速+耐力+位移
46960,Unbreakable,IN Lv.15,15.0,32分
46961,『風与线』,IN,12.999998,-
46983,トリカゴ,AT Lv.16,16.500002,楼梯+32分+耐力
46995,Don't Forget,Lv.14,14.0,楼梯+纵连
46999,ヒミツ,IN Lv.15,20.0,多押+楼梯+32分+变速+耐力+位移
47001,Submerged City,『水没都市』,17.7,底力+楼梯+32分+耐力+位移
47023,c.s.q.n.,AT Lv.16,16.600002,底力+爆发+变速+耐力+纵连+位移
47028,跑!,IN Lv.跑,10.0,楼梯+高BPM
47036,Theatore Creatore,AT Lv.17,17.0,底力+多押+楼梯+32分+变速+耐力+叠键+位移
47053,散り散り,IN Lv.15,15.300001,底力
47054,Theatore Creatore,IN  Lv.16,16.199999,楼梯+变速+耐力+位移
47066,おくすり飲んで寝よう,IN Lv.13,13.8,-
47070,The Last Requirem(redux),AT Lv.16,16.600002,底力+多押+32分+变速+叠键+位移
47074,青春コンプレックス,IN Lv.15,15.0,楼梯+爆发+位移
47078,尊師 ~The Guru~,AT Lv.16,16.600002,多押+楼梯+32分+变速+耐力+叠键+位移
47081,Infertehno,IN Lv.14,14.300001,变速+耐力
47091,Come Here Tonight,IN Lv.13,13.200001,-
47096,おぎゃりないざー,IN  Lv.16,16.0,底力+多押+32分+变速+耐力+高BPM+叠键+位移
47099,ツムギボシ,IN Lv.15,15.0,楼梯
47115,有兽焉,IN Lv.13,13.0999975,32分+变速
47116,Belle de Nuit (Version d'Auteur),AT Lv.15,15.800003,楼梯
47128,ΩZСÜRIDΛD,NT 10+,17.9,底力+爆发+耐力+位移+定轨
47137,LAMIA,AT Lv.18,18.0,底力+多押+楼梯+32分+变速+耐力+位移
47147,Need You Now,IN Lv.15,15.400002,多押+32分+耐力
47149,plumbum,IN Lv.13,13.0,-
47152,Eltaw,Story 8,8.0,底力+楼梯+纵连
47156,ΩZСÜRIDΛD,NT 10+,17.9,底力+爆发+耐力+位移+定轨
47185,エガクミライ,IN  Lv.9,9.700003,-
47186,だれかの心臓になれたなら(Game Size),IN Lv.14,14.799996,32分
47199,Enneaquest,IN  Lv.15,15.300001,底力+楼梯+变速+位移
47217,今天不是明天,IN Lv.13.9,13.900003,-
47224,Absolute Disintegration,AT Lv.17,17.400002,底力+32分+变速+耐力+位移
47229,Start To The End,IN Lv.15,15.500001,定轨
47240,Aftershine,IN Lv.13,13.0,-
47249,Night of Bloom,IN Lv.14,14.200001,32分
47256,きゅびびびびずむ,IN Lv.15,15.700003,楼梯+32分+变速+叠键
47260,Permafrost,IN Lv.15,15.0,-
47268,回家的路,IN Lv.12,12.0,32分
47269,Greeting into Abysschaos,AT Lv.18+,18.5,底力+多押+32分+爆发+变速+耐力+高BPM+位移
47274,crystallized,IN Lv.15,15.700003,楼梯+耐力+纵连
47278,Altale,IN Lv.12,12.1,楼梯
47280,天星问,IN Lv.14+,14.899999,楼梯
47282,MIRЯOЯ,SP Lv.?,20.0,楼梯+32分+变速+高BPM+纵连
47284,Rhuzerv,SKY Lv.15,15.699999,底力+多押+楼梯+32分+耐力+位移
47286,D/N/A,HD Lv.12,12.599999,-
47296,宇宙残骸少女(Cosmic Dusty Girl),IN Lv.14,14.0,-
47297,エンパープル,Lv.IN.14,14.0,-
47304,Tempest,AT Lv.16,16.9,底力+爆发+变速+耐力+叠键+位移+定轨
47310,Fission,IN Lv.14,14.700003,-
47313,Lost Memory,IN Lv.14,14.0,楼梯+纵连
47315,NEONAPSE,IN Lv.15,15.500002,楼梯+变速+纵连
47316,Rafflesia,HD  Lv.18,18.700003,底力+多押+楼梯+32分+变速+耐力+叠键+位移+定轨
47320,Animosity,FM(FXIN) Lv.15,15.0,32分+耐力+纵连
47326,Exit This Earth's Atomosphere,AT Lv.18,18.300001,底力+多押+32分+变速+耐力+位移
47329,白龙,LV.兰,14.199997,32分
47341,SENSENFUKOKU,IN  Lv.15,15.0,底力+32分+变速+位移+定轨
47345,Empyrean,IN Lv.14,14.700001,爆发
47361,失態生態実験体,IN Lv.16,16.0,底力+楼梯+变速+耐力+纵连+位移
47370,Vagina Dentata,AT Lv.16,16.9,耐力+纵连
47381,Sparkle New Life,IN  Lv.14,14.200001,楼梯+32分
47382,弥渡山歌（PHONK）,AT Lv.16,16.1,楼梯+32分+变速
47407,Checkmate (feat. Re.may),IN Lv.15,15.0,底力+楼梯+爆发+高BPM
47410,《Ж》,AT Lv.16,16.0,32分+高BPM+定轨
47444,Walk Thru Fire(Lofi Mix),IN Lv.13,13.0,-
47450,Bright red hertz,AT Lv.16,16.1,多押+32分
47465,渚,HD Lv.10,10.1,32分
47486,Next Time,IN  Lv.12,12.900003,-
47489,驟雨の狭間,IN Lv.15,15.800003,楼梯+爆发+变速+耐力
47514,Saintelmo,AT  Lv.17,17.1,底力+多押+32分+变速+耐力+位移
47519,Collapse,IN Lv.15,15.300001,-
47520,游山恋,IN Lv.12,12.0,32分
47529,Dark Shadows,IN Lv.15,15.4,-
47532,命に嫌われている,AT lv.14,14.0,32分+耐力+位移
47540,ditto,IN,12.900001,32分
47542,Leukemia,IN Lv.15,15.800003,楼梯+变速+纵连+位移
47544,提瓦特民谣,IN Lv.12,18.5,32分
47545,紅蓮華,AT  Lv.15,15.899996,楼梯+耐力+纵连+位移
47552,Immaculate,IN Lv.16,16.1,底力+爆发+耐力
47555,AiAe,SKY Lv.17,17.500002,底力+多押+32分+爆发+变速+耐力+位移
47560,殿ッ！？ご乱心！？,IN Lv.16,16.0,多押+32分+变速+纵连+位移
47564,SYSTEM_ON,IN Lv.14,14.0,楼梯+纵连
4758,Make Up Your World,IN Lv. 15,15.300001,32分+耐力
47597,BiBiC HEART,IN Lv.15,15.0,-
47605,Oshama Scramble!,IN Lv.15,15.600002,多押+楼梯+变速+位移
47615,FindersX,IN  Lv.14,14.400002,-
47623,ふわふわ時間,AT Lv.16,16.700003,32分
4764,無法地点,IN Lv.12,12.899986,-
47647,身体は正直だって言ってんの,IN Lv.14,14.7000065,-
47654,Le Porteur d'Ombre,ECLIPSE INCARNATE,17.000002,底力+多押+楼梯+32分+变速+耐力+高BPM+位移
47659,Celestial transmutation(Remixed),IN Lv.14,13.799999,32分
47663,里面是向死而生的孤独,IN Lv.13,15.100004,楼梯
47676,Moon Sorrow Moonlit Night,AT Lv.16,16.700003,多押+32分+变速+耐力+叠键+位移
47684,Beyond the Eternity,IN Lv.15,15.0,-
47685,ツクヨミステップ (feat. nameless)(月读舞步),AT Lv.15,15.3,楼梯+变速+位移+定轨
47725,影色舞（Silhouette Dance）,IN Lv.13,13.8,32分
47728,サヴァイバル・キリング・メーカー,IN Lv.14,14.800003,多押+楼梯+32分+变速
47732,TiMe-mory,RS Forever.14,14.0,楼梯
47745,「End of All」,AT  Lv.15,15.700003,楼梯+高BPM
47750,ムリムリ進化論,IN Lv.14,14.900003,-
47773,壱雫空(Game Size),IN Lv.14,14.800003,32分+变速
47774,ツイッターランド (feat. 初音ミク),IN Lv.15,15.1,-
47786,借过一下,IN 13.2,13.200008,楼梯
47787,我是初音未来（ZClear Remix）,爆 Lv.16,16.0,多押+32分+变速+位移
47791,signal of abydos(xi Remix),AT xi,10.0,底力+爆发+耐力+纵连+位移+定轨
47795,灼火之心 Blazing Heart,AT Lv.15,15.200001,楼梯+32分+变速
47805,Death By Glamour,IN,15.0,-
47817,Falling Again,AT Lv.16,16.1,楼梯+32分
47822,Wondering MystiqUe,IN Lv.15,15.900003,楼梯
47831,The King,IN Lv.15,15.0,-
47835,crystallized,AT Lv.15,15.0,多押+楼梯+耐力
47837,弦楽少女は諦めを知らずに,AT Lv.16,16.600002,32分
47838,殿ッ！？ご乱心！？ - Shu - feat. 天羽しろっぷ,IN Lv.16,16.0,底力+多押+变速+纵连
47840,Blithe,IN Lv.15,15.100004,叠键
47864,新世界,IN Lv.15,15.900003,底力+楼梯+爆发+位移+定轨
47865,Fading Wind,IN Lv.14,14.900003,底力+耐力+定轨
47889,一花一剑【天官赐福】,-New,12.000008,32分
47894,君の神様になりたい(Mygo!!!!! ver.),AT Lv.15,15.1,楼梯+叠键
47900,雑踏、僕らの街 (TV Size),AT Lv.16,16.600002,底力+多押+楼梯+32分+变速+位移
47914,Willed,IN Lv.14,14.0,-
47915,Oshama Scramble!,IN,15.0,楼梯+纵连
47916,百九十,IN Lv.15,15.800003,楼梯+耐力
47917,UMMU,IN Lv.15,15.0,底力+爆发+纵连
4794,Everlasting Liberty,IN Lv.15,15.900001,高BPM+定轨
47940,提瓦特民谣,IN Lv.13,13.0,32分
47952,The Everlasting Rain,AT.15,15.900003,底力+爆发+耐力
47966,Marshmallow,IN Lv.15,15.600002,多押+32分+变速+耐力+位移
47969,LAMIA,AT Lv.17,17.500002,底力+多押+楼梯+32分+变速+耐力+叠键+位移
47970,おくすり飲んで寝よう,IN Lv.14,14.0,楼梯
47982,Chartreuse Green,IN Lv.15,15.499999,楼梯+纵连+定轨
47997,Sanctuary,AT Lv.17,17.599998,底力+多押+32分+变速+耐力+位移+定轨
48002,叶えたい、ことばかり (Matitann HC Bootleg),AT Lv.CrFt16,16.0,32分+耐力
48018,七ツ風,IN Lv.14,14.700003,-
48024,室内系的TrackMaker,IN Lv.15,15.0,多押+楼梯+耐力+位移+定轨
48027,せかいから____がきえるとき,IN Lv.16,16.2,多押+耐力+高BPM+位移+定轨
48049,Sparkle New Life,AT Lv.16,20.0,多押+楼梯+32分+位移+定轨
48054,万般情绕千里过往,lN Lv.13,13.0,-
48058,Nyan-Nyan Naughty Night,IN Lv.15,15.900003,多押+32分+变速+耐力+高BPM+位移
48098,★Future Downloader,AT Lv.16+,10.0,底力+楼梯+32分+变速+耐力+高BPM+纵连+叠键+位移
48099,Future Downloader,AT Lv.16+,10.0,底力+楼梯+32分+变速+耐力+高BPM+纵连+叠键+位移
48101,Infinity Heaven,AT Lv.16,16.0,底力+爆发+位移
48105,Prominence,IN Lv.15,15.500002,底力+耐力
4816,El último baile,IN Lv.14,14.5,楼梯+纵连
48166,再生,HD Lv.9,8.999998,楼梯+爆发+纵连
48171,Caliburne ~Story of the Legendary sword~,IN Lv.15,15.700003,多押+32分+位移
48174,樱落繁花,IN Lv.15,15.2,底力+楼梯+耐力+位移
48179,Mannenzakura,IN Lv.14,14.600001,-
4818,INTERNET YAMERO,AT Lv.16,16.0,32分+变速+耐力+叠键+位移+定轨
48182,Infinity Heaven,HD Lv.12,12.200001,-
48185,Regnaissance,IN  Lv.15,15.699999,定轨
48190,DEAR MY WAKER,IN Lv.15,15.0,32分+变速+位移
48192,The Romance,IN Lv.13,13.600002,纵连
48203,ジャックポットサッドガール,IN Lv.15,15.1,多押
48211,Zephyrs,IN Lv.15,15.400002,爆发+耐力
48228,ツクヨミステップ (feat. nameless)(月读舞步),AT Lv.15?,10.0,楼梯+变速+位移+定轨
48230,Rose At Midnight,IN Lv.14,14.500002,楼梯
48247,Connected (Camellia Remix),AT Lv.15,15.400002,楼梯+32分+耐力
48251,パンこげこげになっちゃった,IN Lv.13,13.0,-
48253,Lava Chicken,AT Lv.16,16.800003,多押+32分+变速+耐力+位移
48255,底 色 theory。,IN  Lv.15,15.0,-
48259,CROSS✝OVER,IN Lv.15,15.900003,爆发
48271,最終鬼畜妹フランドール・S (USAO Remix),IN Lv.15.8,9.0,多押+32分+变速+耐力+位移
48273,Undertale,SP Lv.1,1.0,-
48275,Fantasia Sonata Arcadia,IN Lv.13,13.400002,-
48277,怪獣になりたい,SP  Lv.?,3.7999985,底力+楼梯+高BPM+位移+定轨
48278,雨露霜雪,IN Lv.17,17.1,底力+变速+耐力+高BPM+位移
48280,祥风时雨,IN  Lv.13,13.0,纵连
48281,Crystal Shower,IN Lv.14,14.700003,-
48282,INFINITE HYPERDRIVE,AT Lv.16,16.0,32分
48284,DA'AT -The First Seeker of Souls-,IN Lv.16,16.2,底力+多押+楼梯+耐力+高BPM+位移+定轨
48294,Xaleid◆scopiX,IN  Lv.16,16.500002,底力+楼梯+变速+耐力+纵连
48317,你我的最终曲,IN Lv.14,14.499999,32分
48322,Empurple,IN Lv.13,13.0,-
48326,テレパシ(心电感应)feat.初音ミク,IN Lv.15,15.500002,32分
48327,森奥虚跡,IN Lv.14,14.0,楼梯
48328,Rapture,IN  Lv.14,14.700003,32分
48342,Ginvera,IN Lv.14,14.0,多押+32分
48351,DRE4M1N9,AT Lv.15,15.0,-
48352,Life is PIANO,AT Lv.15,15.0,-
48362,ラグトレイン,IN,13.9,楼梯+32分
48373,おくすり飲んで寝よう,IN Lv.14,14.7,楼梯
48380,TruE,EL Lv.?,20.0,底力
48383,Prefabricated Love(short ver.),IN Lv.16,16.1,楼梯+高BPM+纵连
48388,Cyberflux,AT Lv.16,16.700003,底力+楼梯+纵连
48391,Vicious Mockery,AT Lv.16,16.400002,底力+变速+耐力+高BPM+位移+定轨
48399,NEVER,AT Lv.14,14.900003,楼梯
48400,飞鼠进行曲,IN Lv.11,11.499999,楼梯+32分
48401,我的模样,AT Lv.17,17.900003,多押+32分+变速+纵连+位移
48409,Mannenzakura,IN Lv.14,14.400002,-
48429,Limen,IN Lv.15,15.600002,楼梯+纵连
48438,Mutation,IN Lv.16,16.799997,底力+楼梯+变速+高BPM
48439,Firmament Star,IN Lv.15,15.0,底力+爆发
48443,Disperagioia,Legacy Lv.16,16.1,底力+多押+爆发+耐力+纵连+位移
48444,RE Aoharu,IN Lv.15,15.200001,底力
48476,ドーピングダンス Doping Dance 亢奋剂舞,IN ,15.1,多押+楼梯+32分+变速
48482,打上花火,Enjoy it~,10.0,-
48484,Ginevra,IN Lv.15,15.400001,楼梯+变速
48497,KILLKISS(TV Size),Lv.16,16.5,32分+变速
48515,パンこげこげになっちゃった,IN Lv.13,13.0,-
48520,土坡上的狗尾草,IN Lv.16,16.5,楼梯+32分+纵连
48531,YUMEND,IN,14.0,楼梯
48540,Sweet Sweet アリス,IN Lv.13.8,13.800003,楼梯
48553,Time,IN Lv.15,15.1,楼梯
48554,狮尾之舞 Swirls of Shamshir,IN  Lv.15,15.0,耐力
48572,Xaleid◆scopiX(fisrt half.ver),IN Lv.15-,14.9,楼梯+32分+变速+纵连+位移
48588,炯眼の絶対零度,IN Lv.14,14.500002,爆发
48597,逃！,IN13,14.0,多押+32分+叠键
486,核心共振,AT,16.2,高BPM
48600,Circle Circle Dot Dot,IN,12.0,-
48605,云女孩,FM Lv.12,12.799998,-
48612,Dream Away feat. Yukacco,IN Lv.15,15.600002,爆发+耐力
48620,せかいしね,10,10.0,-
48629,Journey,IN Lv.14,14.700003,纵连
48642,アクセラレイト,AT Lv.16,16.600002,底力+多押+32分+爆发+变速+耐力+纵连+位移
48643,Mind Enhancement,AT ,16.700003,多押+楼梯+32分+变速+耐力+纵连+位移
48648,Infinity Heaven,ULTRA Lv.17.6,17.6,底力+爆发+叠键+位移
48655,雑踏、僕らの街,IN Lv.15,15.900001,底力+爆发+位移
48679,四月の雨,AT Lv.13,13.0,-
48691,目撃！テト31世,IN Lv.14,14.500002,楼梯
48697,Ninelie(EasyListening),IN Lv.14,14.800003,楼梯
48711,The World Tree,IN  Lv.15,15.9,爆发
48720,Eternal Snow,IN  Lv.14,14.800003,纵连
48729,Final Hope,IN Lv.15,15.1,爆发+高BPM
48734,いますぐ輪廻,IN Lv.14,14.799999,-
4874,Bliss,IN Lv.13,13.1,-
48740,LaVI-Bavellabion,IN Lv.14,14.800003,-
48742,轻涟,AT Lv.14,14.399999,-
48768,Sakura Fubuki,IN Lv.14,14.800003,爆发+纵连
48784,WATER,AT  Lv.14,14.299999,纵连
48788,Satelite：memories (Rework),AT  Lv.14,14.700003,-
488,Brainiac Maniac (Re),IN,13.0,-
48813,Archidoxen,AT Lv.17,17.400002,底力+多押+32分+爆发+变速+耐力+位移
48824,Agni7EEE,AT LV.17,17.0,底力+多押+楼梯+32分+变速+耐力+高BPM+纵连+位移+定轨
48831,夏夜最后的烟火,lv.12,12.0,-
4884,ILLEGAL LEGACY,IN  Lv.16,16.100002,楼梯+爆发+纵连+叠键+位移
48840,Φ,IN Lv.15,15.400002,楼梯
48841,跑！,AT Lv.15,15.900001,楼梯+32分
48849,Elusive Emotes,IN Lv.14,14.800003,-
48855,きゅうくらりん,IN Lv.15,15.900003,耐力+高BPM+位移+定轨
48856,Stuckmoth (feat. Hatsune Miku),IN Lv.15,15.100002,-
48861,Stuckmoth,AT  Lv.15,15.700003,楼梯+纵连
48866,cryout,IN Lv.14,14.1,-
48873,驟雨の狭間,IN Lv.15,15.600002,底力+楼梯+耐力
48883,再生,IN Lv.14,14.0,-
48885,Lockdown,IN Lv.14,14.0,-
48887,カレンデュラ(piano ver.),IN Lv.12,12.0,楼梯+高BPM
48899,NaCl,IN Lv.12,12.8,-
48907,What's up? Pop! (tpz Overcute Remix),IN Lv.16,12.900001,底力+耐力+位移
48911,虚の依代,AT lv.16,16.0,楼梯+32分+变速
48912,Break Through the Barrier,AT Lv.16.6,16.0,底力+多押+楼梯+32分+变速+耐力+位移
48913,Antler,IN Lv.14.8,8.0,楼梯+32分+耐力+位移
48916,《Ж》,AT  Lv.16,16.0,底力+多押+楼梯+32分+变速+耐力+高BPM+叠键+位移
48924,Aoharu,IN Lv.14,14.0,多押+楼梯+32分+变速+高BPM+叠键+位移+定轨
48929,R,IN Lv.15,15.0,纵连+叠键
48930,Luminous Entities Lost Heart,AT Lv.16.8,16.800003,底力+32分+变速+耐力
48935,Sense,IN Lv.15?,16.7,楼梯+32分
48948,Re Particle X,IN Lv.15,15.600002,-
48951,Do Better,IN Lv.12~14,14.0,32分
48952,Archidoxen,IN,16.499998,楼梯+变速+纵连+叠键+位移
48959,Trojan,IN Lv.14+,14.0,叠键
48967,魔理沙に大変な役でハコにされました,AT Lv.17,17.100004,底力+32分+耐力
48970,LaVI-Bavellabion,AT.14,14.500002,楼梯
48971,End of World,AT Lv.17,17.1,底力+爆发+耐力+位移
48982,8.32,AT Lv.16,16.1,32分+耐力+纵连
48987,SUPERNOVA,IN Lv.14,14.0,-
48989,ラヴィット (Loveit),14,14.0,耐力
48995,百鬼֎夜行,AT Lv.17,17.300001,底力+多押+32分+爆发+变速+耐力+位移+定轨
49003,A Head Full Of Dreams,IN  Lv.14,14.0,楼梯+32分+爆发+纵连
49005,Archidoxen,AT Lv.17,17.300001,底力+32分+变速+叠键+位移
49039,Venomous Firefly,IN Lv.16,16.900003,底力+多押+变速+耐力+高BPM+叠键+位移
49042,The Grimm Troupe,IN Lv.13,13.300001,-
49043,时·忆,IN Lv.时3,13.200008,楼梯
49049,日不落,HD Lv.7,7.0,纵连+叠键
49054,Elusive Emotes,IN Lv.14,14.300001,-
49063,Forbidden Area,IN Lv.16+,16.899998,底力+多押+变速+耐力+位移
4907,勾指起誓,IN Lv.14,14.0,32分
49085,マシュマロ,IN  Lv.16,16.0,-
49091,Life Force,IN Lv.15,15.3,变速+纵连
49095,KIZUNA Resolution,AT Lv.17.2,17.2,底力+多押+32分+变速+耐力+高BPM+位移
49101,親愛なるあなたは火葬,IN Lv.15,15.800003,多押+32分+耐力
49112,目撃！テト31世,SP Lv.14,14.900003,楼梯
49125,南京夜无电波讯号,AT Lv.15,15.400002,32分
49135,KiLL∀ DEA7H,AT Lv.18,18.300001,底力+多押+楼梯+32分+变速+耐力+高BPM+位移
49151,纯蓝,HD Lv.8,8.1,-
49153,Postliminium,IN Lv.15,15.5,高BPM
49182,LaVI-Bavellabion,IN Lv.14,14.700003,-
49203,World’s end BLACKBOX,AT Lv.17,17.0,底力+多押+32分+变速+耐力+叠键+位移
49209,日常と地球の額縁,AT.15,15.800003,楼梯+32分+变速+耐力
49216,Metaphor,IN Lv.16,16.0,底力+爆发+纵连
49217,それがあなたの幸せとしても,IN Lv.13,13.0,楼梯+耐力
49227,リコレクションエンドロウル,IN Lv.16,16.2,变速+耐力+位移
49230,QZKago Requiem,IN Lv.16+,16.9,多押+32分+耐力+高BPM+位移
49231,终日,nu-22,14.0,楼梯+32分
49241,girls.exe,IN Lv.16,16.700003,底力+楼梯+爆发+耐力+位移
49249,Beast Hunter,AT Lv.16,16.2,-
49255,终会与你同行,IN Lv.11,11.0,32分
4926,ULTRA SYNERGY MATRIX,IN Lv.14,14.700003,爆发
49295,Silent Answer,IN Lv.14,14.0,楼梯
49296,覆灭重生 Come Alive,LZ Lv.7,7.0,楼梯+纵连
49302,反乌托邦,IN  Lv.14,14.200001,-
49311,X-TALI(DJ),IN,12.0,-
49351,Glacier,IN Lv.14,14.900003,楼梯+爆发
49358,你如何形容夏天,IN Lv.15,15.400002,楼梯+32分+位移
49359,WATER,AT  Lv.16,16.400002,32分
49361,★Villain Virus,AT Lv.17,17.800003,底力+楼梯+32分+变速+耐力+高BPM+叠键+位移
49372,BiBiC HEART,IN Lv.16,16.0,32分+变速
49387,わちゃ・もちゃ・ぺったん行進曲,AT Lv.15,15.5,多押+楼梯+32分+变速
49402,Angel fall down,SP Lv.17,17.100012,多押+楼梯+32分+变速+位移
49412,Autumn Fall,IN Lv.15,15.600002,-
49421,Quon,IN,15.599998,底力+楼梯
49430,ouroVoros,IN Lv.15,15.600002,底力+楼梯+爆发+纵连+叠键
49448,空の箱,AT,15.999992,变速+纵连
4945,ニニ-邇々-,IN lv.13,13.0,-
4946,にっこり^^調査隊のテーマ,IN Lv.14,14.0,位移
49463,BPM = BPM + 1,IN  Lv.16,16.1,爆发
49472,落日余晖（Sunset Glow）,IN Lv.14,14.200001,32分
49493,Guns Blazing,IN Lv.14,14.200001,楼梯+32分
49499,ツムギボシ,IN Lv.15,15.200001,楼梯
49513,Echoes of Memoria,IN Lv.17,17.300001,底力+变速+耐力+位移+定轨
49515,Bloody Marquis,IN Lv.16,16.300001,底力+多押+楼梯+32分+变速+耐力+高BPM+位移
49541,AFTER PANDORA,IN Lv.14,14.0,楼梯+纵连
49546,终焉,UT Lv.17,17.300001,底力+楼梯+耐力+高BPM
49556,ひとりごつ,IN Lv.6,6.0,楼梯
49560,来起舞吧 / おどりゃんせ,IN 15,15.900001,耐力
49570,What's up? Pop! (tpz Overcute Remix),SP Lv.?,18.5,底力+多押+32分+变速+耐力+叠键+位移
49573,Between Boundaries,HD  Lv.12,12.900003,-
49578,Rafflesia,IN Lv.19+,19.9,底力+多押+32分+变速+耐力+叠键+位移+定轨
4958,More One night,IN  Lv.13,13.0,-
49580,コネクショん★コミュニケーショん,AT Lv.17,17.0,多押+32分+变速+位移
49610,K1LL SOMEBODY,IN Lv.17,17.0,多押+32分+变速+耐力+叠键+位移+定轨
49619,拝啓,IN Lv.12,12.0,-
49623,魔理沙は大変なものを盗んでいきました,AT Lv.16,16.4,底力+楼梯+变速+耐力+叠键+位移+定轨
49635,隰有苓,AT,14.900001,多押+32分+耐力
4964,ULTRA SYNERGY MATRIX,IN Lv.14,14.800001,多押+32分+爆发+位移
49648,笙 · 宴(MotiF-east),AT Lv.16,16.600002,楼梯+32分+变速+叠键+位移
4966,Do the Idol!! ～断崖絶壁チュパカブラ～,AT.16,16.4,底力+多押+32分+耐力+纵连+位移
49672,Black MInD,IN Lv.15,15.0,底力+爆发
4968,Phalaenopisis-reaction,LAN Lv.14,14.0,多押+纵连+叠键+位移
49686,東京シュノーケル,IN Lv.13,13.500002,-
49690,SToRY,IN  Lv.14,14.400002,-
49692,せかいしね,10,10.0,-
49701,The Order…,IN Lv.15,15.0,32分+变速+纵连+叠键
49708,GOODBOUNCE,IN Lv.14,14.700003,爆发
49713,Awakened,SP Lv.?,14.800001,-
49721,もぺもぺ,AT Lv.16,16.0,底力+楼梯+纵连
49745,Montagem Miau,SP Lv.Miau,10.0,多押+楼梯+32分+爆发+变速+位移+定轨
49750,just something,IN Lv.15,15.300001,楼梯+高BPM
49772,HARPY HARE,AT Lv.15,15.799999,32分
49778,Calamity of the Mystic Garden Doom,AT Lv.17,17.0,底力+多押+楼梯+32分+变速+耐力+纵连+位移
49786,くうになる,FM Lv.14,14.1,定轨
49800,MarbleBlue.,AT Lv.17,17.0,底力+32分+爆发+变速+耐力+位移
49814,cyanotype,IN Lv.15,15.500002,耐力
49816,キズナヒトツ,IN Lv.13,13.400002,32分
49842,SECRET BOSS,AT Lv.16,16.700003,多押+32分+变速+耐力+高BPM+纵连+位移
49863,Gray  Heaven,IN Lv.17,17.400002,底力+楼梯+变速+耐力+纵连+位移
4987,繁星间花,IN Lv.12,12.5,楼梯
4988,冬雨,IN Lv.14,14.0,-
49892,GOODMEN,IN Lv.15,15.400002,爆发
49905,Forbidden Area,AT Lv.16,16.9,底力+32分+变速+耐力+位移
49907,《Ж》,AT Lv.18,18.0,底力+多押+32分+变速+耐力+高BPM+位移+定轨
49915,Sinfonia Regalis,IN Lv.14,14.8,-
49975,At The Edge,IN Lv.14,14.800003,-
49986,イガク,IN  Lv.13,13.900003,-
49987,Fly To Meteor,Star Lv.14,14.3,爆发
5, 銀河鉄道のペンギン  (Stripe_P Remix),IN Lv.14,14.0,纵连
5001,VORTEX,Re Lv. 12,12.0,-
50028,流星物语,PM Lv.12,12.0,叠键
50036,Heathenism dogma（异见学说）,AT Lv.16,16.800003,底力+多押+32分+变速+耐力+位移+定轨
50044,色は匂へど散りぬるを,IN Lv.13,13.800003,32分
50046,チルノのパーフェクトさんすう教室 ⑨周年バージョン,SP  Lv.14,14.2,纵连
50049,The Seagull,EZ Lv.6,6.0,楼梯
50052,千本桜,IN Lv.14,13.5,耐力
50054,思草,IN Lv.14,14.1,-
50057,在云端提着花洒的女孩,IN Lv.14,14.0,-
50058,Silent Echochamber (feat. balxervant & Kobaryo),IN  Lv.16,16.200008,底力+爆发+耐力+位移
50059,神っぽいな,AT Lv.15,15.0,32分
50060,エゴイスト,IN Lv.15,15.700001,多押+楼梯+32分+变速+耐力
50065,Beyond,AT,15.799997,32分
50072,Glacier,IN Lv.15,15.0,楼梯
50076,あの夏のいつかは（2023ver.）,0,12.5,32分+耐力
50087,Dash,IN Lv.14,14.600002,楼梯+纵连
50089,怪獣になりたい,AT Lv.17,17.400002,底力+楼梯+32分+变速+高BPM+位移
50099,業 -善なる神とこの世の悪について-,IN Lv.16,16.400002,底力+楼梯+爆发+纵连
50106,Ad astra itur ≡☆,IN Lv.15,15.0,爆发
50123,Without You,AT Lv.14,14.800003,楼梯+32分+叠键
50126,Star light,IN Lv.14,14.0,-
50127,Winter（冬）,Legacy Lv.14,14.0,32分
50135,Eltaw,AT Lv.16,16.0,底力
50139,Party in the HOLLOWood feat. ななひら,Fm Lv.15,15.0,32分
50146,Attack of killer Queen,IN Lv.16,16.0,定轨
50150,我会等（节选）,IN Lv.13,13.2,-
50160,Bring Me Back,IN Lv.16,16.1,-
50174,Loki,AT Lv.17,17.300001,底力+多押+32分+爆发+变速+耐力+位移+定轨
50179,破釜沉舟,破釜沉舟,10.0,底力+多押+32分+爆发+变速+耐力+位移
50181,デッド・パロディ・ダンス,IN Lv.15,15.1,-
50188,伴月同眠,IN  Lv.7,7.2000003,-
50207,elegante,IN Lv.13,13.200001,-
50208,QQ,IN Lv.16,16.300001,底力+楼梯+爆发+变速+位移
50262,Trip,14,14.0,-
50264,Journey,AT Lv.16?,16.000006,底力
50265,生,VividCycle Lv.14,14.800003,32分
50282,Computer Cornflakes,IN Lv.16,16.300001,底力+高BPM
50283,靈,IN Lv.16+,16.6,底力+耐力
5029,ハッピーライフ,Milk,14.7,耐力+高BPM
50294,ギターと孤独と蒼い惑星,IN Lv.15,15.600002,楼梯+32分+变速
50298,I Can't Wait,IN Lv.9,9.0,-
5030,The World Ends Now,IN Lv.15,15.600002,多押+楼梯+变速+纵连+叠键
50300,圣诞星,2k.lv12,12.0,32分
50301,macro.wav,IN Lv.15,15.500002,变速
50308,驟雨の狭間,Legacy. Lv.16,16.400005,底力+楼梯+爆发+耐力+位移
50309,Flow Into You,IN Lv.15,15.6,-
50320,MegiddØ,AT Lv.16,16.6,底力+楼梯+变速+耐力+位移
50332,Fragment of Memories,AT Lv.16,16.300001,底力+爆发+耐力
50333,国士無双(RYE特考V4.0.1）,RYE LV.18.3,20.0,底力+多押+楼梯+32分+变速+耐力+高BPM+叠键+位移
50338,I Can t Wait,4K-LV.12,12.0,32分
50342,Love Story,AT  Lv.17,17.400002,32分+耐力+高BPM
50346,Hope Is the Thing With Feathers (Raphiiel Remix),SR Lv.14,14.300001,楼梯+纵连
50347,Flower Forever,AT Lv.18,18.0,底力+多押+楼梯+32分+爆发+变速+耐力+位移
50348,怪獣になりたい,AT Lv.16,16.400003,底力+多押+32分+高BPM+位移+定轨
50349,魔法的起点I,IN Lv.5,10.8,-
50357,Green World,AT Lv.15,15.0,32分
5036,熱帯夜の祭り,IN Lv.12,12.400002,-
50371,Crystal Skies (Sped Up),IN Lv.15,15.500002,32分
50381,「???」 Battle Theme,IN  Lv.15,15.500002,楼梯+爆发
50388,残機,IN Lv.14,14.600002,-
50389,STARRY DAYS,IN Lv.12,12.500001,楼梯
50390,"Good bye, Merry-Go-Round.",AT Lv.14,14.0,-
50391,寒いからあいすが食べたい,IN Lv.14,14.5,32分
50394,どりーむもーど,IN Lv.14,14.400003,-
50399,妄想感慯代償連盟,IN Lv.13,13.7,-
50401,反乌托邦,IN Lv.13,13.700001,-
50404,Initialize,AT Lv.15,15.800003,变速
50417,Enchanted Love,IN Lv.15,15.0,-
50419,Lapis,AT Lv.16+,17.1,底力+耐力+位移
50449,イガク,IN Lv.14,14.800003,多押+楼梯+32分+变速+位移
50457,Ruins,IN Lv.12,12.400005,-
50462,冲破穹顶,800,15.599999,多押+32分+变速+耐力+纵连+位移
50477,冬日,SP Lv.14,14.400002,爆发
50485,Eviternity,AT,18.099997,底力+多押+32分+变速+耐力+高BPM+位移
50487,せかいから____がきえるとき,IN Lv.16,16.0,楼梯+耐力+纵连
50491,Glacier,AT Lv.17,17.1,底力+楼梯+耐力+位移
50495,妖精小姐的魔法邀约,IN Lv.14,14.0,楼梯+32分
50498,Regulus,AT 16.2,16.2,底力+32分+爆发+变速+高BPM+位移
50508,まにまに 2025 Edit,IN Lv.⚡,15.400001,楼梯+耐力
50513,Strombringer,IN Lv.14,14.499996,32分+变速
50527,夏祭り,IN  Lv.14,14.200001,-
50557,The Last Page,IN Lv.15,15.500002,底力+楼梯+爆发
50568,外のヒト,AT  Lv.14,14.800003,32分
50571,The Last Page,AT,17.7,底力+爆发+耐力+位移+定轨
50573,雨女,IN Lv.14,14.800003,多押+32分
50575,雨女,HD Lv.9,9.500002,-
50577,雨女,EZ Lv.7,7.4999986,-
50579,Snowflakes,IN Lv.14,14.0,底力+楼梯
50588,Χάρων,IN Lv.Ω,15.700003,爆发+位移
50590,HYPER MEMORIES,AT Lv.18,18.2,底力+楼梯+32分+变速+耐力+高BPM+位移
50596,Inevitability,AT Lv.16,16.0,变速+耐力+叠键+位移
50604,反乌托邦,IN.,15.400002,高BPM
50625,The Last Page,IN  Lv.15,15.400002,底力+楼梯+爆发+定轨
50626,VIIIbit Explorer,IN Lv.15,15.8,32分+纵连
50628,shelter,IN Lv.15,15.300001,-
50635,Theme_88,HD Lv.10.6,10.600002,楼梯+32分+纵连
50638,テトリス,IN Lv.15,15.0,32分+变速
50658,Love U More,LV Lv.XV,20.0,楼梯+32分
50672,Menghua,IN Lv.15,15.200001,-
50682,Empire,IN Lv.15,15.400002,耐力
50695,MONTAGEM XONADA (FUNK NA FAVELA),鸡蛋啊 Lv.13,2.0,多押+楼梯+32分+变速+纵连+位移
50702,靈,AT Lv.17.5,17.0,底力+多押+楼梯+32分+变速+耐力+纵连+叠键+位移
50714,魔魔魔☆マジカル(feat. Sister MAYO,15,15.0,楼梯+高BPM
50720,イイコと妖狐,IN Lv.14,14.0,32分
50731,Re：End of a Dream,AT Lv.17,17.100004,底力+多押+32分+变速+耐力+高BPM+位移
50733,The Show's Over,FM Lv.16,16.500002,底力+爆发+变速+位移
50735,八重回归 · 真,Return Lv.14,14.0,楼梯
50741,Manasha (Over Slowed),IN,15.000007,多押+32分+变速+耐力+位移+定轨
50742,九重现实,Reality Lv.13,13.5,-
50747,系ぎて,AT Lv.16.3,16.300001,底力+楼梯+纵连+定轨
50751,BlazinG AIR,IN Lv.15,15.600002,楼梯
50766,BLUE NOAH 2006,AT Lv.18,18.300001,底力+多押+32分+爆发+变速+耐力+位移
50768,もしも,IN Lv.15,15.0,-
50777,真偽,IN Lv.13,13.300001,楼梯+32分
50790,好运来(Haocore Mix),AT  Lv.17,17.1,底力+楼梯+变速+耐力+纵连+位移
50791,Comet Panto Men！,In 15,15.099999,-
50796,Flyway,AT Lv.16,16.400002,多押+32分+变速+位移
50798,πevergod,AT Lv.17,17.2,底力+多押+楼梯+32分+变速+耐力+叠键+位移
50801,ATLAS RUSH,AT  Lv.16,16.800003,多押+32分+变速+耐力+叠键+位移
50809,悔_,∽,16.300001,楼梯+爆发+位移
50811,転生林檎,IN Lv.15,15.400002,耐力
50815,ハナタバ,IN  Lv.15,15.300001,楼梯
50816,Imperishable Night 2006 (2016 Refine),AT Lv.17,17.2,底力+多押+32分+爆发+变速+耐力+位移
50820,∑mβraciиg /ntelligзncзs,AT Lv.17,17.300001,底力+32分+耐力+高BPM+位移
50830,Alea jacta est!,AT Lv.16,16.0,32分+变速+位移
50845,有求必应,AT  Lv.16,16.600002,底力+楼梯+32分+变速+纵连+位移
50849,雷切-RAIKIRI-,IN Lv.16,16.800003,爆发+变速+纵连
50854,INFiNiTE ENERZY -Overdoze-,Ex Lv.16,16.1,底力+多押+爆发+读谱+耐力+位移
50867,豪大大鸡排,鸡排 Lv. ?,10.0,楼梯+位移
50875,アリア (Aria),IN Lv.14,14.0,-
50878,绒空FuLov - Fireworks in the Snow,IN Lv.14,14.0,32分
50896,ネビュラの方程式,IN  Lv.14,14.500002,定轨
50903,macro.wav,IN Lv.15,15.700003,多押+楼梯+变速+纵连
50911,让风告诉你,IN Lv.15,15.0,耐力+高BPM+纵连+叠键
50918,Battle Against A True Herо,IN Lv.15,15.200001,-
50922,嘿咻狂想曲,Lv.12,12.0,楼梯+纵连
50941,いますぐ輪廻,IN Lv.15,15.0,-
50956,Exitium,AT Lv.18,18.0,底力+多押+楼梯+32分+变速+耐力+高BPM+叠键+位移
50960,茉子の日常,IN Lv.15,15.1,多押+32分+耐力+位移
50965,霓虹(Neon),AT Lv.15,15.900003,-
50971,バゥムクゥヘン・エンドロゥル,NT  Lv.R,15.6,32分
50983,HARD-COREMATA,IN Lv.15,15.500002,底力+楼梯+耐力+定轨
50988,Poppy,AT Lv.16,16.0,底力+楼梯+耐力+高BPM+位移
50992,FARAWAY,HD.12,12.0,楼梯+纵连
51,Fading Wind,IN,15.200001,32分+读谱+耐力
51000,冰风暴,IN Lv.14,14.0,-
51001,Flower Dance,IN Lv.15,15.700003,32分+耐力
51011,高速素粒子衝突型加速器,IN Lv.16,16.0,楼梯+耐力+高BPM
51028,Sphalerite,AT Lv.17,17.2,底力+多押+楼梯+变速+耐力+高BPM+位移
51031,Dementia,AT Lv.16.69,69.0,楼梯+32分+变速+耐力+纵连+叠键+位移+定轨
51041,食通万物 修心修身,AT LV.15,15.700003,多押+32分+读谱+耐力+位移
51050,Latent Kingdom,AT ,16.1,底力+32分+耐力
51058,世界上的另一个我,IN Lv.15,15.1,楼梯
51065,悔_,IN Lv.16,16.2,底力+楼梯+位移
51069,目撃！テト31世,IN Lv.14,14.800003,楼梯
51071,il,IN Lv.15,15.400002,32分+变速+耐力
51082,靈,IN Lv.16,16.400002,底力+楼梯+爆发+纵连
51084,Ditto,IN Lv.12,12.1,-
51088,INTERNET YAMERO,IN  Lv.16,16.0,32分+耐力+纵连+叠键+位移
51105,望断心绝,RO Lv.16.7,16.0,多押+32分+变速+耐力+高BPM+叠键+位移
51107,Knight Rider,IN,15.700002,楼梯+变速+纵连+位移
51111,ただ声一つ,AT Lv.15,15.1,32分
51122,星茶会,IN Lv.13,13.8,-
51123,Yorugao,IN 15,15.400001,-
51130,流萤之森,IN Lv.14,14.300001,-
51135,ウィマーマ・サーガ,MA  Lv.9+16,15.5,-
51141,-SURREALISM-,Ex Lv.16,14.400001,楼梯
51142,殉道之人,IN Lv.14,14.600002,楼梯+纵连
51154,千里饿殍行,IN Lv.14+,15.400001,楼梯
51168,UwU Funk,IN Lv.10,10.599995,-
51175,靈,AT  Lv.17+,17.8,底力+32分+变速+耐力+纵连+叠键+位移
51193,Tiny Giant,IN,13.7,-
51200,星降る夜と一輪の花,IN Lv.15,15.500002,爆发
51202,LiFE Garden(1.05x),AT Lv.18,18.0,底力+多押+32分+爆发+变速+耐力+叠键+位移+定轨
51206,SAN値直葬,MI Lv.15,15.0,楼梯
51219,+ERABY+E CONNEC+10N,IN LV.16,16.6,底力+变速+耐力+高BPM+位移
51222,ただ病名が欲しかった,DD Lv.15+,10.0,耐力
51238,eden,AT Lv.17,17.0,底力+多押+32分+变速+耐力+高BPM+位移+定轨
51263,before the love,IN Lv.14,14.599999,楼梯
51266,ただ病名が欲しかった,DD Lv.16,10.0,耐力
51277,qualia -ideaesthesia-,IN Lv.15,15.900003,楼梯
51279,Scrutinised,AT.16,16.800007,变速+纵连+位移
51289,Exist(TV Version),IN Lv.13,13.0,楼梯+纵连
51298,輪廻,IN Lv.14,14.200001,楼梯
51304,You're Mine,AT.14,14.000012,32分
51307,断腿进行曲,AT Lv.14,14.300001,多押+楼梯+32分+变速+定轨
51326,ヒビカセ,HI Lv.13,13.0,-
51332,だーいすきだよ (feat_ をとは),IN Lv.14,14.599999,楼梯+纵连
51338,赛飞儿-举手之劳,IN Lv.14,14.600002,楼梯
51343,ABYSSMOTION192.333,AT Lv.15,15.800003,楼梯+纵连
51352,トリックハート,IN Lv.14,14.6,多押+位移
51361,snooze,AT Lv.16,16.0,楼梯+32分+耐力
51364,SAIKAI,AT  Lv.15,15.1,32分
51371,Hoshizora no Kanransha,IN Lv.15,20.0,-
51372,七ツ風,IN Lv.15,15.0,楼梯+耐力
51376,Individualistic Heroism,UT.15+,16.299994,32分+变速
51377,The Ocean,AT Lv.15,15.0,-
51382,STRONG 280,AT Lv.17,17.0,底力+多押+变速+耐力+高BPM+位移
51396,Qliphyshivh,AT Lv.17+,10.0,底力+多押+32分+变速+耐力+位移+定轨
51402,Virtual to LIVE,Re:Master Lv.12+,12.8,32分
51414,Le Porteur d'Ombre,HD Lv.14-,14.200001,高BPM
51419,Fantasia Sonata Arcadia,PR Lv.28,28.0,32分
51431,Far Away,IN Lv.14,14.0,多押+32分+耐力
51450,耀斑,IN Lv.15,15.900003,楼梯+纵连+叠键
51460,反乌托邦,Dystopia,14.399999,-
51461,嬢王,AT Lv.16,16.300001,底力+32分+变速+耐力+位移
51484,+ERABY +E CONNEC +10N,IN Lv.16,16.0,底力+楼梯+读谱+变速+纵连+叠键
51488,覆灭重生 Come Alive,SL Lv.12,12.0,楼梯+纵连+定轨
51494,ウォーアイニー,IN  Lv.14,14.600002,-
5151,Gamol Hundgēar,HARD 10+,10.500002,楼梯+高BPM
51513,群青讃歌 (short ver.),PR Lv.26,26.0,楼梯+32分
5152,Lifeline,IN Lv.14,14.600002,耐力
51531,MOTTAI,IN  Lv.14,14.800003,-
51538,Before the Story,FM  Lv.5,5.4999995,32分
51546,UNDERGROUND,IN Lv.16,16.0,耐力
5155,OCCHOCO-REST-LESS,IN Lv.14,14.500002,多押+32分+位移
51552,Eligos,IN Lv.16,16.400002,底力+楼梯+变速+高BPM+叠键+位移
51553,不死身ごっこ feat. 初音ミク,HD Lv.12,12.200001,纵连
51563,晚夜微雨问海棠,IN Lv.15,15.200003,耐力
51586,Bosssa Gabba,AT Lv.18,18.0,底力+多押+32分+变速+耐力+位移+定轨
51587,竞速小英雄,AT.13,13.500003,-
51588,殿ッ！？ご乱心！？,IN Lv.16,15.0,底力+变速+纵连+叠键+位移
51589,《Ж》,HD Lv.14,14.0,32分+变速+高BPM+叠键
51605,The Last Page,AT Lv.16,16.7,底力+爆发+位移
51608,SUPERNOVA,IN Lv.16,16.400002,底力+多押+楼梯+32分+变速+耐力+高BPM+位移
51609,哈哈一笑あっはっは笑,IN Lv.14,14.0,耐力
51613,再生,IN Lv.15,15.000004,楼梯+纵连
5162,Butterfly Core,IN,15.400002,32分+纵连
51649,不死身ごっこ,EZ  Lv.8,8.500002,-
51650,JETLAGG!,IN Lv.16,16.300001,楼梯+爆发+变速+耐力
51657,The Purge March,IN Lv.14,14.1,-
51669,Infinity Heaven,AT Lv.17,17.300001,底力+32分+爆发+变速+耐力+位移+定轨
51688,Miss Elf's Magical Invitation,IN Lv.15,15.1,-
51699,NULCTRL,IN Lv.15,15.500002,楼梯
51704,Gregorius Battle Theme,AT Lv.17,17.1,底力+爆发+耐力+位移
51707,DIST SQUAD,AT Lv.19,19.0,底力+多押+楼梯+32分+爆发+变速+耐力+纵连+位移+定轨
5171,VORTEX,TIME Lv.14,17.300001,32分
51722,Terrasphere,AT Lv.15,15.0,-
51730,再度和你,AT13,13.800019,楼梯
51734,嘻哈闯世界,IN Lv.15,15.300001,楼梯+纵连
51746,アリスのマジカルハッピーワールド,IN Lv.14,14.0,高BPM
51758,Encroached Sky,IN Lv.14,14.8,-
51764,Tales of Neverland,IN Lv.12,12.0,-
5177,Bad Apple!!,AT Lv.14,14.700001,多押+32分+耐力
51773,The River,IN Lv.14,14.0,楼梯+读谱
5179,千本桜,IN,14.9,多押+32分+变速
51795,Credits,HD Lv.12,12.500006,-
51818,emp,IN Lv.15,15.0,底力+爆发+耐力
51837,GOODWORLD,AT Lv.16,16.500002,底力+多押+爆发+变速+耐力+位移
51840,天使のクローバー,IN Lv.15,15.1,多押+32分+变速+位移
51841,不乱不破,IN,13.900001,纵连
51848,:3c,AT Lv.16,16.7,底力+楼梯+爆发+变速+耐力+高BPM
51850,Furry Adventure Triad,IN  Lv.15,16.0,耐力+纵连
51851,宙天,IN Lv.16,16.7,底力+楼梯+变速+纵连
51860,志铭,AT Lv.16,16.2,楼梯+32分+耐力
51861,青春のアーカイブ,Blue Archive Lv.16,16.0,耐力
51864,我ら!ゴミ分別団,SP Lv.?,10.0,-
51868,Sakura Fubuki,IN Lv.14,14.200009,-
51883,残痕字,IN Lv.13,13.900001,-
51889,I Can't Wait（feat GUMI）,↑ Lv.12,12.0,32分
51894,青い果実,IN Lv.15,15.600002,楼梯+位移
51904,TremENDouS,TrueEnding,15.000004,底力+多押+楼梯+32分+变速+耐力+位移+定轨
51914,飾って,IN Lv.13,13.1,楼梯+32分
51924,おにあい（讴溺爱）,AT Lv.15,15.700003,楼梯+32分
51929,The Power Of Underground,AT Lv.19,19.0,底力+多押+楼梯+32分+爆发+变速+耐力+位移+定轨
5194,刹那の誓い (TV Version),IN  Lv.14,14.300001,-
51941,ドッペルゲンガー,IN  Lv.14,14.800003,-
51952,stεganography,AT Lv.17,17.700003,底力+楼梯+32分+变速+耐力+叠键+位移
51955,Vindicate Me,SP Lv.NL,10.0,纵连
51959,相见欢,IN  Lv.12,12.0,-
51964,Play,14,14.3,-
51984, 不死身ごっこ feat. 初音ミク,AT Lv.17,17.0,多押+32分+变速+耐力+纵连+位移
52019,Limen,IN Lv.15,15.300001,楼梯
52032,黑神话：悟空 (PIKASONIC Remix),AT Lv.15,15.600002,多押+楼梯+32分
5204,さよならプリンセス,IN Lv.14,14.7,楼梯
52049,トリックハート,IN Lv.15,15.399998,-
52051,Armageddon,IN Lv.16,16.0,底力+位移
52052,INFINITE HYPERDRIVE,IN Lv.16,16.2,多押+32分+变速+耐力
52053,あのね,IN Lv.15,15.8,耐力
52055,Ex-Otogibanashi (Anime ver.),IN  Lv.15,15.0,楼梯
52056,お願い！コンコンお稲荷さま,AT.16,16.0,32分+耐力+纵连
52061,Wer ich bin,IN Lv.14,14.0,32分
52086,悠久の翼 (ef - the first tale.より),AT Lv.17,17.600002,底力+多押+32分+变速+耐力+位移+定轨
52087,Lost Requiem,SE Lv.17,17.900003,底力+楼梯+耐力
52095,Catharsis,IN Lv.16,16.400002,底力+爆发+定轨
52097,逆_,IN Lv.15,15.0,楼梯+耐力+位移
52099,DANÇA DO VERÃO,AT Lv.15,15.0,32分
52101,限りなく灰色へ,IN Lv.15,15.400002,32分+变速
52104,KENSEI,IN Lv.14,14.0,爆发+纵连
52136,Dahlia,AT Lv.16,16.0,楼梯+32分+变速
52138,Algebra,IN Lv.16,16.0,楼梯+耐力+纵连
52145,驟雨の狭間 (Rainshower),IN  Lv.16,16.0,底力+楼梯+耐力+纵连+位移
52146,Eureka,AT Lv.16,16.900003,底力
52174,Seven,IN Lv.12,12.900001,-
52178,LAIGN,IN Lv.16,16.400002,底力+楼梯
5218,上海紅茶館~Chinese Tea Orchid Remix Yooh,Lunatic Lv.15,15.0,楼梯+32分+变速
52182,星と僕らと (tofubeats Remix),IN Lv.15,14.999999,纵连
52190,Aoharu Band Arrange,IN Lv.14,14.500002,-
52193,°F,AT Lv.15,15.0,多押+32分+耐力
52201,Fatalisme,IN Lv.16,16.0,底力+高BPM+位移
5221,廻廻奇谭,IN Lv.13,13.5,多押+32分+变速+位移
52211,皮肉,MI Lv.14,14.0,楼梯
52219,Journey,IN Lv.16,20.0,多押+32分+耐力
52237,L.O.V.E.S.I.C.K,IN Lv.15,15.700001,32分
52244,あのね,IN  Lv.15,15.0,高BPM
52253,不乱不破,AT Lv.13,15.3,楼梯
52263,英雄主义,IN Lv.13,13.199997,-
52276,_,IN  Lv.16,16.600002,楼梯+变速+耐力
52286,異想天,IN Lv.16,16.1,楼梯+爆发+变速+位移
52293,fun TIME,IN Lv.15,15.600002,定轨
523,回レ! 雪月花,SP Lv.14,14.0,-
52316,Mado,SP Lv.?,16.000002,底力+楼梯
52322,BF2014,AT Lv.18,18.0,底力+多押+32分+爆发+变速+耐力+位移
52324,霜雪千年,VC Lv.14,14.9,32分
52326,Tithonus,IN Lv.14,14.500002,楼梯+定轨
52328,カナデトモスソラ,AT Lv.15,15.400002,32分+耐力
52329,Re:Sin,IN Lv.16,16.1,楼梯
5235,星茶会,Star  Lv.13,13.500002,高BPM
52351,Singularity,IN Lv.14,14.1,32分
52361,stεganography,AT Lv.17,17.700003,底力+楼梯+32分+变速+耐力+叠键+位移
52382,英雄,IN Lv.15,15.300001,楼梯+变速+位移
52391,天方地園,AT  Lv.16+,16.900002,32分
52397,BLUE SKY,AT Lv.17+,17.600002,底力+多押+32分+变速+耐力+叠键+位移+定轨
52398,CROSS†OVER,IN Lv.15,15.600002,楼梯
52411,ReDreaming Angel 复梦天使,AT Lv.16,16.200003,耐力+纵连
52417,匙ノ咒,IN Lv.15,15.500002,楼梯+32分+变速+耐力+位移
52419,情绪回收站（新）,IN Lv.13,13.400002,楼梯
52423,Exit This Earth's Atomosphere,AT Lv.17+,17.700005,底力+多押+32分+变速+耐力+叠键+位移
52426,世末积雨云,End Lv.14,14.900002,耐力
52427,LiFE Garden(Extended Mix),HD Lv.14.9,9.0,耐力+位移
52435,Orphe,IN Lv.15,15.300001,纵连+定轨
52443,Immaculate,AT Lv.17,17.0,底力+耐力+叠键+位移
52448,the EmpErroR,IN Lv.16.2,16.199999,底力+多押+32分+变速+耐力+高BPM+位移
52450,Bathin,AT Lv.17+,17.900002,底力+多押+32分+变速+耐力+位移
52452,DIGITAL:CANVAS,AT Lv.16,16.300001,底力+32分
52453,The JOJOLANDS OP：Make it rain,IN Lv.13,13.700003,-
52455,Safe Space,AT Lv.16,16.100004,耐力
52470,但,IN Lv.15,15.200001,底力+定轨
52476,生と死のある世界へ,IN Lv.13,13.1,楼梯
52480,Lose Control,AT Lv.15,14.999999,多押+32分+变速+耐力+纵连+位移
52482,Sphalerite,AT Lv.18,18.0,底力+多押+楼梯+变速+耐力+高BPM+叠键+位移
52484,猫化現象Lv.100,MI Lv.14,14.0,多押+32分+耐力
52527,Sterelogue,IN Lv.14,14.800003,底力+定轨
52539,惡靈,IN Lv.15,15.500002,变速
52541,超ナイト・オブ・ナイツ,AT Lv.18,18.1,底力+多押+楼梯+32分+变速+耐力+叠键+位移+定轨
52542,Gate Openerz,TB Lv.19,19.0,底力+多押+32分+爆发+变速+耐力+位移+定轨
52543,哀煉獄歌,AT Lv.19,19.0,底力+多押+楼梯+32分+爆发+变速+耐力+高BPM+叠键+位移+定轨
52549,Find You (Edit),AT Lv.17,17.2,底力+多押+32分+耐力+位移
52558,To:Be Continued,AT Lv.18,18.100004,底力+多押+32分+变速+耐力+高BPM+叠键+位移+定轨
52573,POTENTIAL,AT  Lv.17,17.1,底力+多押+32分+变速+耐力+位移
52574,He asked me if I exercise and I said I play Wii Sports Resort,AT Lv.18,18.0,底力+多押+32分+变速+耐力+位移+定轨
52578,Cries of a Spirit,IN Lv.16,16.600002,底力+楼梯+变速+耐力+位移+定轨
52586,白菊 -shiragiku-,IN Lv.14,14.700001,爆发
52592,RE Aoharu,Vol. Final,20.0,32分
52594,ジョーファイ子-だって、音割れちゃ^うんだもんっ★,AT Lv.?,7.1,多押+32分+变速+耐力+位移+定轨
52597,Eternal SubconsciencƎ,AT Lv.18,18.900003,底力+多押+楼梯+32分+读谱+变速+耐力+高BPM+叠键+位移+定轨
52599,EDM Jumpers,AT Lv.18,18.0,底力+多押+32分+变速+耐力+叠键+位移
52602,Mement Mori,IN Lv.15,15.0,底力+耐力+高BPM
52619,Out of Control,AT Lv. 16,18.4,楼梯+32分+变速+叠键
52630,HIDE & SEEK,FM Lv.14,14.200001,楼梯
52639,盗墓笔记十年人间,IN Lv.12,2.9999998,楼梯
52647,春嵐,AT Lv.15,15.700003,-
52649,CALAMITY RHAPSODY,AT  Lv.18,17.0,底力+32分+变速+耐力+叠键+位移+定轨
52674,Shizuku(feat.NEONA),AT Lv.17,17.300001,楼梯+32分+变速
52675,ヒアソビ,IN Lv.15,15.700003,耐力
52678,Rise into the Ray -Funkot ver.-,AT Lv.16,16.0,底力+多押+32分+变速+耐力+高BPM+叠键+位移
52679,Inverted  World,IN Lv.15,15.0,-
52687,BRAVE：ROAD,IN Lv.16,16.400002,底力+楼梯+高BPM
52691,愛言葉V,IN Lv.14,14.300001,-
52697,星云,AT  Lv.16,16.1,底力+32分+爆发+耐力+位移
52706,Infinity Heaven,IN Lv.13(.9),13.900001,-
52709,In Love,IN Lv.Love,10.0,-
52710,Solace,IN Lv.16,16.0,楼梯+32分+变速+耐力+叠键+位移
52731,「哥伦比娅：飞往何方」,IN Lv.14,14.0,-
52734,除夕,CNY Eve  Lv.14,14.0,-
52744,Comet,AT  Lv.16,16.600002,底力+多押+楼梯+32分+变速+耐力+位移
52745,Totality and Infinity,IN Lv.16,16.0,楼梯+变速+位移
52746,Bathin,IN Lv.16,16.600002,底力+多押+32分+耐力
52756,吴织速核,SHINOBI Lv.18,18.2,底力+多押+32分+变速+耐力+叠键+位移+定轨
52757,完美偶像,SP Lv.Aha!,10.0,底力+楼梯+变速+纵连+定轨
52764,Celestial Horizon,AT Lv.16,16.7,底力
52767,火花,IN Lv.14,14.1,-
52784,ABYSS MOTION 192.333,AT Lv.16,16.800003,楼梯
52785,In Love,IN Lv.Love,10.0,-
52792,Solace,IN Lv.15,15.500002,楼梯
52794,Greeting into Abysschaos,AT Lv.17,17.300001,底力+多押+32分+变速+耐力+高BPM+位移
52799,Unlimited Hyperlink,Unlimited,16.999998,底力+多押+32分+变速+耐力+高BPM+叠键+位移+定轨
528,可愛くてごめん,qwq Lv.14,14.0,楼梯+32分
5280,VORTEX,IN Lv.12,12.900001,-
52816,春节序曲 (Cut ver.),IN  Lv.10,10.900003,-
52817,神のまにまに,IN.Lv.14,14.0,耐力
52819,End Time,IN Lv.16,16.300001,底力+爆发+位移
52826,HELLO （BPM）SUPERMIX,AT. Lv 17,17.1,底力+楼梯+32分+变速+耐力+高BPM+纵连+叠键+位移+定轨
52827,ズットキット・プライマリ,IN Lv.14,14.900004,耐力+位移+定轨
52828,Disorder,AT Lv.17,17.0,底力+楼梯+32分+位移
52832,蜘蛛の糸,AT Lv.17,17.0,底力+爆发+耐力+纵连
52836,Pyrocrypt,IN Lv.16,16.400002,变速+耐力+高BPM+位移
52848,俯瞰する廃墟(ZENITH 2026),RUINS Lv.19,19.1,底力+楼梯+32分+变速+耐力+高BPM+位移
52857,Hoshizora no Kanransha,IN Lv.15,20.0,-
52871,Quadruplicity,IN  Lv.16,16.0,爆发
52876,IA_V6_30sSongs,AT Lv.14,14.0,-
52890,Mizuoto to Curtain,AT Lv.17,17.000004,楼梯+32分+变速+耐力+定轨
52892,QZKago Requiem,HD Lv.14,14.8,32分+高BPM
52896,IA_V6_30sSongs,IN Lv.14,15.0,-
52897,Last Resort,AT Lv.17,17.800003,底力+多押+32分+变速+耐力+高BPM+叠键+位移
52923,Encountered(PV6bgm),IN Lv.15,15.700003,楼梯
52925,Doomer,IN Lv.13,13.7,楼梯+纵连
52928,Dreamseeker,AT Lv.17,17.800003,底力+多押+32分+变速+耐力+叠键+位移+定轨
52943,Bismuth,Bi Lv.?,18.300005,底力+多押+32分+变速+耐力+高BPM+位移
52967,庙会,IN Lv.14,14.500002,32分
52976,Luv Letter (Wisp X Remix),IN Lv.15,15.200001,-
52980,Regrets and Dream,IN Lv.15,15.400001,-
52982,MarbleBlue.,AT 17,17.300001,底力+多押+32分+爆发+变速+耐力+位移+定轨
5300,LyriC,IN Lv.15,15.200001,爆发+位移
53011,一千零一夜,IN Lv.13,13.200012,楼梯
53015,Grin,IN Lv.15,15.900003,底力+耐力+位移
53017,Bon Voyage!,IN Lv.12,12.800003,-
53022,IF = Infinity,IN Lv.15,15.600002,耐力
53030,Innocent,AT Lv.18,18.0,底力+多押+32分+变速+耐力+位移+定轨
53056,循迹,HD Lv.10,10.0,叠键
53070,Immaculate,AT Lv.17,17.2,底力+32分+耐力+位移
53075,αterlβus (2025 Remaster),AT Lv.16,16.900003,底力+爆发+位移
53080,Infinity Heaven,AT Lv.15,15.0,-
53081,うそつきマカロン,LOVE Lv.14,14.3,楼梯+32分+变速
53089,トリックハート,PR Lv.31,31.0,多押+32分+变速+位移
53092,Cradle your moments,IN Lv.15,15.0,楼梯
53094,Raina,IN Lv.14,14.6,楼梯
53109,Precipice,IN Lv.15,15.200001,-
53115,イコラト,IN Lv.15,15.1,多押+耐力
53117,Inevitability,IN Lv.15,15.500002,楼梯
53118,宵焔桜火,IN Lv.16,16.2,多押+楼梯+耐力+位移
53127,Korolev十字绽开，卡门线上化作花束,IN Lv.15,15.200001,位移
53147,うそつきマカロン (feat. 重音テト),EZ 7,7.0,-
53150,うそつきマカロン (feat. 重音テト),IN 15,15.0,多押+32分+定轨
53151,ループザルーム,IN.LV.14.9,14.900001,-
53153,Krave,IN Lv.16,16.0,多押+楼梯
53154,Dusk Till Dawn,IN  Lv.13,13.600002,楼梯
53170,今までの軌跡,IN Lv.9,9.0,-
53173,Suger Crash,IN Lv.13,13.199999,楼梯
53188,優しさに触れて,IN Lv.12,12.0,-
53193,Survivors,IN Lv.15,15.0,-
53211,コントロールできない感情という変数,IN 15.3,15.500001,-
53215,うそつきマカロン,IN Lv.15,15.0,楼梯+32分+变速+高BPM
53224,REACTOR(REMAKE),AT Lv.17,17.0,底力+多押+楼梯+32分+变速+耐力+高BPM+位移
53226,Eviternity,AT Lv.16+,16.9,底力+多押+楼梯+32分+变速+耐力+高BPM+位移
53233,土坡上的狗尾巴草,IN,13.5,楼梯
53235,Subterranean Blastoff,IN Lv.15,15.0,底力+多押+楼梯+32分+变速+位移
53239,IF = Infinity,AT Lv.17,17.299997,底力+32分+变速+耐力+叠键+位移
53252,IF = Infinity,AT Lv.17,17.600002,32分+变速+耐力+位移
53257,群青シグナル,IN Lv.15,15.1,多押
53265,Ex-Otogibanashi,IN Lv.16,16.2,楼梯+32分+纵连
53269,メッちゅう殴打(feat.山田じぇみ子),AT Lv.16,16.400002,多押+楼梯+32分+变速+纵连+位移
53272,Zone 22 (From Rolling Sky),IN Lv.15,15.0,纵连
53295,Schwarzschild,AT Lv.17,17.2,底力+32分+爆发+位移
53300,星降る夜と一輪の花,IN Lv.14,14.800003,纵连
53302,croiX,IN Lv.16,16.100004,底力+楼梯+爆发+耐力+位移
53316,伊天珀凌,IN Lv.15,15.0,底力+爆发+位移
53317,Dreamseeker,SP Lv.?,17.6,底力+楼梯+32分+耐力+位移
53320,Finixtahv,AT 16,16.0,多押+楼梯+32分+变速+耐力+位移
53350,Deda Dash,RM Lv.15,15.599998,耐力
53351,Astronomy,IN Lv.14,14.400002,32分
53355,Hellblaze,IN Lv.16,16.400002,多押+32分+变速+位移
5336,GLACIES,IN Lv.15,15.300001,多押+32分+变速+耐力
53365,バッドビートベイビー,PR Lv.31,31.0,变速
53368,LiFE Garden(Extended Mix),IN Lv.16.7,16.7,多押+变速+耐力+位移
53372,Infinity Heaven,AT LV.16,16.1,底力+爆发+位移
53379,bi,AT,14.200001,32分
53382,きらめき＊Chocolaterie,IN Lv.13,13.0,多押+32分
53393,ツキミチシルベ (feat. 初音ミク & 可不),IN Lv.14,14.200001,多押+32分+变速
53411,Era Breath,IN Lv.16,16.0,底力+多押+耐力+位移
53436,FORViDDEN ENERZY-Fataldoze-,AT Lv.17,17.0,底力+多押+32分+爆发+变速+耐力+位移
53439,Automaton Waltz,IN Lv.14,14.6,耐力+纵连
53460,Queen Aluett -女王アルエット-,AT Lv.17,17.400002,底力+多押+变速+耐力+高BPM+位移
53464,「ray」 (超かぐや姫! Ver.),IN Lv.14,14.400002,32分
53473,Mystery of Love,IN Lv.13,13.0,-
53475,Time Tears,IN Lv.15,15.400001,-
53476,Inverted World,AT  Lv.16,16.400002,多押+32分+位移
53491,Fallen,IN Lv.14,14.7,多押+32分
53495,親愛なるあなたは火葬,IN Lv.16,16.2,多押+楼梯+32分+变速+耐力+位移
53496,「僕は…」,IN Lv.14,14.0,-
53497,LegenD.,IN Lv.16,16.300001,多押+32分+变速+位移
53502,幸福刑,IN Lv.14,14.600002,32分
53510,虚幻曙光,IN Lv.15,15.0,-
53528,无呼吸义务,IN,16.000004,多押+变速+耐力+位移
53530,ABYSS MOTION 192.333,AT Lv.16,16.300001,楼梯
53532,TEmPTaTiON,IN Lv.16,16.0,爆发+位移
53553,Mipha's Theme,IN.11,11.0,32分
53555,僕らの記憶を掠わないで,IN Lv.13,13.900001,-
53591,GIGANTØMAKHIA,AT Lv.17,17.0,底力+多押+楼梯+32分+变速+耐力+位移
53593,伴月同眠,AT  Lv.12,12.200001,32分
53600,Journey,IN Lv.15,15.0,纵连+叠键
53601,少年游,IN Lv.15,15.0,-
53602,勾指起誓,IN Lv.13.0,13.000001,32分
53609,Forest of Clock,IN Lv.15,15.0,-
53613,First Step,IN Lv.15,15.300001,-
53620,Engraved Fox,IN  Lv.16,16.0,楼梯+变速
53627,Atamytai II,AT Lv.15,15.0,多押+楼梯+32分+变速+耐力+位移
53634,诀别无尽夏,AT Lv.14,14.000004,-
53635,トレセン音頭 ,IN Lv.15,15.500002,楼梯
53636,四基·冬,IN Lv.16,16.400002,底力+楼梯
53638,Aces(Sped up Version),AT Lv.16,16.2,32分+变速+位移
53642,Abyss Traps,AT Lv.15,15.0,底力+楼梯+叠键
53645,Reverse Solidus,AT Lv.16,16.5,32分+爆发+变速+耐力+位移
53646,SHIOMI YORU,IN,15.000007,楼梯+变速+纵连
53656,ノンブレス・オブリージュ,IN Lv.15,15.6,-
53672,Sleeping City Funk,AT Lv.14,14.0,32分
53675,虛無さん,IN  Lv.15,15.800001,纵连
53678,嗵嗵,Lv.15,15.0,32分+耐力
53682,Constant Moderato,IN Lv.12,12.9,-
53717,Emeralda,IN Lv.16,16.2,底力+楼梯+爆发
53731,ループザルーム(Looping The Rooms),IN  Lv.14,14.500002,多押+32分+位移
53732,イガク,IN  Lv.14,14.299999,多押+32分+位移
53735,恭喜发财 (bobawhale remix),IN  Lv.15,15.0,楼梯+定轨
53737,星降る海(Anime ver.),IN Lv.13,13.700003,32分
53744,庙会,IN  Lv.13,13.0,楼梯+32分
53746,I,AT Lv.17,17.000004,底力+楼梯+变速+高BPM+位移
53753,ドッペルゲンガー ,BTR Lv.15,15.8,楼梯+耐力
53757,Break the Speakers,IN Lv.16,16.0,底力+楼梯+32分+变速+位移+定轨
53761,臙脂,IN Lv.15,15.3,-
53762,Daylight,IN  Lv.13,13.1,-
53770,Akage(feat.Hatsune Miku),IN Lv.14,14.700003,32分+变速+位移
53783,【AI音理x狩叶】動く、動く（Edited Version）,IN Lv.14,14.700003,楼梯
53788,5tarlight*Departure,IN Lv.15,15.600001,底力
53789,Calamity of the Mystic Garden  Doom,AT Lv.17+,17.800001,底力+多押+32分+变速+耐力+纵连+叠键+位移
53791,5tarlight*Departure,AT Lv.17,17.400002,底力+楼梯+32分+变速+耐力+位移
53792,プレイ,IN,15.099999,楼梯+纵连
53794,愛の残滓,IN Lv.15,15.600002,楼梯
53804,痴人说梦,HA Lv.14,14.900003,多押+32分+位移
53823,食通万物 修心修身(冰火歌会ver.),IN  Lv.16,16.300001,多押+32分+变速+耐力+位移
53832,Xenophobia,IN Lv.16,16.2,底力+爆发+耐力+纵连
53837,Masquerade,IN Lv.15,15.700003,-
53840,Fueled by Determination,IN Lv.15,15.700001,-
53848,Journey,IN  Lv.15,15.200001,定轨
53854,Comet,AT  Lv.15,15.700003,-
53862,the world of scarlet,IN Lv.16,16.1,-
53879,Mario Paint,EX Lv.18,18.000004,底力+楼梯+耐力+纵连+位移+定轨
53884,Quaoar,IN Lv.16,16.600002,底力+爆发+耐力
53895,Biri-Biri,POKE Lv.14,14.700003,楼梯
53897,ワールドイズマイン (かぐや&月見ヤチヨ ver.),IN  Lv.14,14.300001,楼梯
53903,纵此生,IN  Lv.14.5,14.500001,32分
53905,暮色浓妆,IN Lv.13,13.0,-
53906,T氏の話を信じるな,IN Lv.12,12.0,-
53908,氷滅の135小節,IN Lv.16,16.300005,底力+楼梯+耐力+纵连+位移
5391,Rainy heart,Rain.14,14.300001,楼梯
53920,山海,easy.6,6.0,-
53934,Say Yeah,MAR.7th-Lv.13.7,13.7,-
53944,新年,AT Lv.16,16.300001,多押+32分
53955,πevergod,IN Lv.15,15.700003,底力+楼梯+变速
53958,Pastel Lines,EZ Lv.1,1.0,-
53961,AIone InteIIigence,IN Lv.16,16.5,底力+楼梯
53962,うそつきマカロン (feat.重音テト),IN Lv.15,15.0,多押+32分+耐力+高BPM
53967,枢纽,IN Lv.14+,15.400001,楼梯
53975,Mare Maris,IN Lv.14,14.0,-
53983,Akage(feat.Hatsune Miku),IN Lv.14,14.700003,32分+变速+位移
53993,温柔的回忆,AT Lv.17,17.0,底力+楼梯+爆发+变速+耐力+纵连+位移
53998,I Lost My Mind (feat. Lizzie Freeman & Michael Kovach),IN,14.700002,-
54000,Fight Against the Past,Exorcise Lv.14,14.800003,底力+32分+爆发+变速+耐力+叠键+位移+定轨
54015,カラフルビート(feat.ユメ&ユウ),IN Lv.15,15.600002,多押+楼梯+32分+位移
54016,ユダ,IN Lv.14,14.800003,楼梯+耐力+纵连
54028,My First Phone,IN Lv.13,13.8,-
54032,甜蜜出逃,IN  Lv.14,14.1,-
54039,Third Sun,AT Lv.15,15.799997,32分+变速
54048,Disorder,AT Lv.16,16.800003,底力+多押+32分+变速+耐力+叠键+位移
54056,月华游,IN  Lv.13,13.500002,32分+变速
54079,驟雨の狭間,HD Lv.12,12.0,爆发
54084,巫术之夜,IN Lv.15,15.500002,楼梯
54086,Chrono,YEAR Lv.2026,2026.0,爆发
54093,ミライパスポート,AT Lv.17,17.0,底力+多押+32分+变速+耐力+叠键
54096,Nick of Time,AT Lv.16,16.400002,底力+32分+定轨
54117,潜リ在ル,IN Lv.16,16.1,楼梯+变速+纵连
54126,Episodic Rain,IN 14.7,14.700002,32分
54135,ニッヨと遊ぼう,IN Lv.12,12.099999,-
54138,空月,月 Lv.15,15.500002,楼梯+32分+变速
54139,神話,IN  Lv.14,14.0,32分
54150,Sumi,IN,15.299995,底力+爆发
54160,トゥルーエンド,IN Lv.12,12.0,高BPM
54165,Tsathoggua,IN Lv.16,16.0,底力+多押+变速+耐力+位移
54169,Le Porteur d'Ombre,IN Lv.16,16.0,底力+多押+32分+变速+耐力+叠键+位移
54176,立春,IN Lv.13,13.900001,楼梯+爆发+纵连
54194,Ohhhhohohoho!,IN Lv.4,4.0,爆发+纵连
54200,ゴーカ！ごーかい！？ファントムシーフ！,IN  Lv.15,15.700003,变速+高BPM
54218,Unlimited Hyperlink,IN.16,16.300001,变速+耐力+纵连+位移
54220,Sakuyahime (Game ver.),AT Lv.16,17.000004,底力+多押+楼梯+32分+变速+耐力+位移
54228,意外,12,12.000001,-
54243,Jade Star,IN Lv.13,13.0,爆发
54244,colorful,IN Lv.13,13.900003,楼梯
54259,天使加载中 Angel Loading,IN Lv.15,15.600002,-
54284,エンパープル,IN Lv.14,14.0,-
54287,T氏の話を信じるな,IN Lv.11,11.400001,-
5429,狂桜,IN Lv.15,15.300001,-
54292,痴人说梦,IN Lv.13,13.6,多押+32分
54308,Straight into the lights,IN Lv.15,15.700001,纵连+定轨
54337,Theme of SSS,IN Lv.12,12.0,32分
5434,光の中へ,AT Lv.15,15.2,32分+耐力
54349,半道英雄,IN,15.49999,32分+耐力
54363,深海少女,EZ  Lv.5,5.899999,楼梯+32分
54366,UNBOUNDED,IN Lv.16,16.5,底力+楼梯+变速+高BPM+位移+定轨
54367,I Can't Wait,AT Lv.13,13.0,-
54372,星河追梦,HD Lv.9.9,9.0,-
54378,追寻,IN Lv.14,14.0,-
54379,Lockdown(feat.NEONA),IN Lv.14,14.800003,-
54409,Beyond the way,lN Lv.14,14.099999,32分+变速+高BPM+位移
54412,Fantastic Sweet House,IN Lv.13,13.500002,楼梯
54415,FUNK DO ELEVATOR,AT/SP Lv.?,15.299997,32分
54420,パノプティコン,r-Lv.14,14.100004,纵连
54429,I LOVE U TOO（CoryTheWolf remix）,Furry Lv.14,14.600002,纵连
5443,劲敌,IN Lv.14,14.300001,高BPM
54432,Curtain Call Suite - Treasured Melodies,AF Lv.15,15.0,楼梯+耐力
54433,PARTY ROCK ETERNITY ,POKE Lv.15,15.0,-
54456,Final Resonance,IN Lv.15,15.0,楼梯
54459,Alfheim's faith,IN Lv.15,15.9,-
54460,粗线条的雨,IN Lv.13,13.0,-
54463,ABYSS MOTION 192.333,AT Lv.16,16.0,楼梯+32分+变速+纵连+定轨
54467,月が綺麗ねと言われたい！,IN Lv.14,14.400002,多押+楼梯+位移
54496,时·忆 TiMe-mory ,AT Lv.17,16.699999,-
54502,Still Alive (feat. WaMi),IN Lv.14,14.799999,楼梯
54507,未完成ランデヴー,IN Lv.13,13.0,-
54513,唤醒秋天,IN Lv.13,13.500002,-
54514,ループザルーム,AT Lv.13,13.0,多押+楼梯+32分
54520,Merry Christmas Mr.Lawrence,IN Lv.15,15.900001,32分+耐力
54526,バイバイキノコ,IN Lv.14,14.300001,多押+楼梯+32分+变速+纵连+位移
54530,裏表ラバーズ,IN Lv.14,14.900003,爆发
54536,Night of Knights,AT LV.17,17.200027,多押+32分+变速+位移
54538,FORViDDEN ENERZY -Fataldoze-,AT Lv.16,16.400002,底力+多押+爆发+位移+定轨
54544,Give Me Something,IN Lv.13,13.500002,-
54551,晨光熹微,CY Lv.14,14.600002,-
54552,ニニ-邇々,IN Lv.14,14.500002,-
54559,"Fragile, Aberrant Blossom",AT  Lv.17,17.500002,底力+32分+变速+耐力+位移
5457,菅野祐悟-JOJO的奇妙冒险白金之星处刑曲电音版（Kirara Magic Remix）,JO Lv.13,13.7,纵连+定轨
54581,Fire Horse,IN Lv.15,15.0,32分+变速
54590,Montagem Miau,Lv.Miau,15.299997,-
54596,时间尽头,AT  Lv.16,16.1,32分+叠键
54598,余花にみとれて,ena,12.0,纵连
54603,愛の流れ星,IN Lv.13+,10.0,多押+32分
54608,Toumei Chukudo,SV Lv.?,10.0,-
54611,祈雨の菖蒲,IN,15.0,楼梯
54630,Ref:rain(for 7th Heaven),IN Lv.15,15.700003,楼梯+耐力
54647,WINTER FEELS LIKE FUNK,AT/SP Lv.15,15.0,32分
54650,7th Avenue,AT Lv.13,13.9,-
54659,Fated Dest1ny,AT Lv.18,18.1,底力+多押+32分+变速+耐力+位移
54661,World of the happiness!(虚拟新春会ver.),AT  Lv.17,17.2,32分+变速+耐力
54671,碎浪之舞 Virelai des marees,IN  Lv.14,14.0,-
54677,♥×♥,IN Lv.15,15.0,定轨
54678,Remember,Yearning Lv.8000,8000.0,32分+耐力
54680,失態生態実験体,IN Lv.15,15.7,-
54681,WITHOUT U,IN Lv.15,15.0,楼梯+变速+位移
54683,愛し愛(short ver.),IN Lv.14,14.0,楼梯
54690,Give (Me) Your Love,IN  Lv.15,15.400002,楼梯
54700,心,IN  Lv.14,14.500002,爆发
54703,Thumb,WAW Lv.15+,16.0,多押+32分+耐力+位移
54707,Mmmmmmm,Mm Lv.18,18.0,底力+多押+楼梯+32分+爆发+变速+耐力+位移
54711,7 Wonders,IN Lv.15,15.800001,底力+爆发
54712,Hello (BPM) 2026,AT Lv.16,16.9,底力+楼梯+变速+耐力+高BPM+位移
54730,Shooting Athletes,EZ Lv.3,3.0,-
54731,Shooting Athletes,HD Lv.10,10.0,-
54732,Shooting Athletes,IN Lv.15,15.0,楼梯
54734,Unkraut Mädchen,IN Lv.15,15.2,-
54744,Super Fructose,AT Lv.15,15.399998,32分
54750,Kisaragi,IN Lv.16,16.5,底力+变速+耐力+高BPM
54755,Hello,IN Lv.15,15.700003,楼梯+变速+耐力
54769,ATLAS RUSH,IN Lv.16,16.0,爆发
54802,DOMiNUS_GRAiL,AT Lv.17,17.0,底力+楼梯+爆发+耐力+叠键+位移+定轨
5481,光,IN Lv.12,12.3,-
54816,列车谋sha案,IN Lv.13,13.700003,-
54818,光るなら,IN Lv.14,14.1,楼梯+32分
54824,ephemeralization,IN  Lv.15,15.600002,楼梯+爆发
54836,エム,IN Lv.15,15.700003,楼梯+定轨
54851,うい麦畑でつかまえて,IN Lv.15,15.1,楼梯+32分+耐力
54853,朧月夜,AT Lv.13,13.900003,32分
54858,Get Back,SP Lv.?,10.0,楼梯+纵连+定轨
54869,命日,IN Lv.16,16.700003,底力+楼梯+变速+耐力+高BPM+位移
54870,Reincarnation,AT Lv.17,17.0,底力+多押+楼梯+32分+变速+耐力+位移
54877,Red Empire,IN Lv.15+,16.199997,32分
54890,Night Walk (Dreams of Our Generation),SP Lv.?,6.9,-
54908,ゴーストルール,IN Lv.15,15.5,32分+耐力
54910,Fallen,IN Lv.14,14.7,多押+32分
54923,Aconsma,IN Lv.13,13.600002,-
54926,Le Rouage s'estompe ~ The End of Bell'époque,IN Lv.16,16.1,底力+楼梯+耐力
54952,Astronautica,IN Lv.14,14.1,楼梯
54954,Circumzenith Arc,IN Lv.16,16.2,底力+多押+爆发+变速+位移
54955,I was arrested for makin complextro.,IN Lv.14,14.0,楼梯
54961,ILLEGAL LEGACY,IN Lv.16,16.500002,楼梯+爆发+变速+位移
5497,BIG SHOT (Camellia Remix),IN Lv.15,15.0,楼梯+变速+高BPM
54970,Catch Me If You Can,IN Lv.14,14.799998,楼梯+爆发
54974,宴,IN Lv.14 ,14.8,楼梯
54975,夢重力,IN Lv.14,14.400001,-
54977,「私は、わたしの事が好き」,IN Lv.14,14.599999,楼梯
54996,GOT YOU,IN Lv.15,15.400001,32分
55016,Horoscope Express,IN Lv.16,16.1,高BPM
55032,Kneading,AT Lv.15,15.0,纵连
55045,Winter↑Cube↓,AT Lv.14,14.200001,变速
55060,MAXRAGE,AT Lv.16.3,3.0,多押+32分+变速+耐力+高BPM+叠键+位移
55062,穢れなきユーフォリア,IN Lv.14,14.900003,纵连
55065,洲来！！！,IN Lv.15,15.500002,-
55070,ReDreaming Angel,IN Lv.16,16.0,底力+多押+变速+耐力+纵连+位移
55072,Penrose triangIe,FM Lv.14,14.400002,爆发
55080,ヒロイン (nakotanmaru ver.),IN Lv.15,15.0,楼梯+32分+耐力
55083,时间尽头,IN Lv.15,15.0,楼梯+爆发
55087,BREAK OVER,IN  Lv.14,14.400006,-
55093,crystallized(short Ver.),IN  Lv.16,16.2,楼梯
55096,Looping the rooms,in 14,14.0,楼梯+32分
55098,Eternal Aria,IN Lv.15,15.400002,楼梯+耐力+位移
55102,Matusa Bomber,AT Lv.19,19.2,底力+多押+楼梯+32分+变速+耐力+高BPM+位移
55109,Metal Crusher,IN Lv.15,15.300002,高BPM
55110,超预告篇,AT Lv.16,16.300001,楼梯+耐力+纵连
55115,命に嫌われている。,IN  Lv.14,14.0,-
55124,躯樹の墓守,AT Lv.17,17.500002,底力+多押+32分+变速+耐力+高BPM+位移
55126,ウンウン。クソ世界。,IN Lv.13,13.200001,32分
5514,Find You,IN Lv.15,15.500001,多押+32分+变速
55142,刻俄柏号，出发！,IN Lv.13,13.600002,-
5515,静寂に咲く,IN Lv.13,13.500002,32分
55150,霜雪千年「2024官方重置版」,IN Lv.13,13.1,-
5516,Berry Go!!,IN Lv.14,14.0,楼梯+32分
55162,Blue Archive OST 305,IN Lv.13,13.099999,-
55168,Limen,AT Lv.15,15.100004,楼梯
55182,Pneumatic Tokyo,IN Lv.15,15.599999,32分
55194,流光（Light me Up）,HD Lv.8,8.500002,-
55202,Bismuth (Cut ver.),IN Lv.16,16.300001,底力+楼梯+变速+高BPM+位移
55207,FLOWER,IN  Lv.14,14.600002,爆发+变速
55215,Helados Flores y Estrellas,IN Lv.15,15.1,耐力
55216,有明/Ariake,IN Lv.15,15.700003,底力+楼梯+位移
55217,WORLDINVADER,IN Lv.15,15.0,爆发
55220,恋愛＝精度×認識力,IN Lv.15,15.499998,多押+变速+位移
55223,ソワカの声,IN Lv.15,15.0,楼梯
55233,Yellow Shining!! feat. 成田なる,EZ Lv.5,5.0,-
55234,Yellow Shining!! feat. 成田なる,HD Lv.11,11.1,-
55235,Yellow Shining!! feat. 成田なる,IN Lv.14,14.400002,-
55236,はぐ,AT  Lv.15,15.500002,32分+变速+耐力+位移
55237,はぐ,IN  Lv.13,13.9,楼梯+变速
55243,花弁、それにまつわる音声,IN Lv. 14,16.9,高BPM
55287,KLYN(轻Funk),IN Lv.13,13.499997,32分
55361,MOTTAI,IN Lv.15,15.700003,-
5541,MARENOL 1mg,IN Lv.14,14.0,底力
55440,Infinity Heaven,AT Lv.15,15.799999,爆发+纵连+叠键+位移+定轨
55443,MOVIN'IN CIRCLES 2024,IN Lv.14,14.700003,-
55465,World.execute (Me);,14,14.1,-
55508,Dustwind,IN Lv.16,16.2,底力+爆发+位移
55538,What's My Name?,AT Lv.17.2,17.200003,多押+楼梯+32分+变速+耐力+叠键+位移+定轨
55542,绝世丑角,Legacy Lv.13,13.0,楼梯
5563,Fervidex,IN Lv.15,15.0,-
55672,PP BREAKER,AT Lv.17,17.000004,底力+楼梯+变速+耐力+高BPM+叠键+位移+定轨
55724,晚祷的铃歌 Dzwony na nieszpory,IN Lv.11,11.0,-
55740,負けヒロインのテーマ,IN Lv.12,12.7,-
55756,Lost City,IN Lv.13,13.799999,-
5579,Crazy Tek,AT Lv.18,18.000008,底力+多押+32分+变速+耐力+叠键+位移+定轨
55790,のだ,IN Lv.15,15.800003,底力+位移
55812,ヒバナ -Reloaded-,IN Lv.15,15.0,多押+32分+变速+位移+定轨
55871,フォニイ,IN Lv.14,14.900003,楼梯+32分
55889,Arbtration,IN Lv.14,14.400002,楼梯+纵连
55909,Viyella's Destiny,AT Lv.17+,18.200005,底力+多押+楼梯+32分+变速+耐力+位移
55946,Finale,IN  Lv.15,15.0,楼梯
55970,Sphalerite,Final  Lv.16,16.300001,底力+楼梯+高BPM+纵连+定轨
55972,Inverted World,SP,16.1,底力+爆发
55992,Anti Safety Zone,IN Lv.16,16.400002,底力+耐力+位移
55993,Compass,IN Lv.14,14.300001,楼梯
56015,Lily Toxicity,IN Lv.14,14.600001,32分
56040,IF:U,IN Lv.15,15.500002,底力+楼梯+位移
56053,Ré：Ré,IN Lv.16,16.499998,底力+变速+耐力+高BPM+位移
56103,Aoharu Band Arrange,IN  Lv.15,15.500002,多押+32分+变速+位移
56125,Phantigma,IN Lv.16,16.400002,底力+爆发+耐力+位移
56166,疾风骤下,AT Lv.17,17.300001,底力+多押+32分+爆发+变速+耐力+叠键+位移
56185,白線を渡って,IN Lv.15,15.600002,纵连
56201,某国のハロウィン,IN  Lv.14,14.599989,-
56230,悔_,AT Lv.17,17.0,底力+多押+32分+位移
56241,絶望から見いだした希望,IN Lv.16,16.100002,底力+爆发+耐力+位移+定轨
56260,Our New Story,AT Lv.16,16.1,底力+多押+32分+爆发+叠键+位移
56286,バゥムクゥヘン・エンドロゥル,"IN.14
",13.999999,-
56287,Clockwork Paradox,IN Lv.16,16.0,楼梯+位移
5631,HIT,AT Lv.15,15.0,多押+32分+变速
56314,XwX,IN.15,15.400002,楼梯
5632,短裙你太美,14,14.0,-
56326,ザムザ,HD Lv.11,11.699999,-
56417,Inverted World,IN Lv.14,14.0,纵连
56430,Lose You Now,IN Lv.12,12.300001,楼梯
56438,新月的幕演,IN Lv.15,15.700003,-
56444,悔_,IN Lv.16,16.300001,底力+楼梯+位移
56456,愛の残滓,IN Lv.15,15.0,楼梯
56459,我本将心向明月,IN Lv.13,13.0,-
56478,Mystic Light Quest,IN Lv.14,14.200001,-
56479,Somniomancer[null set],IN Lv.16,16.0,-
56480,……已至。,IN Lv.15,15.800003,-
56487,MORNINGLOOM,IN Lv.15,15.400002,-
5650,あのバンド,IN lv.15,15.600002,底力+耐力
56556,ツキミチシルベ (feat. 初音ミク & 可不),IN Lv.14,14.200001,多押+32分+变速
56565,雪男,AT Lv.17.2,17.2,底力+多押+32分+变速+耐力+高BPM+叠键+位移
56566,放光酸化,IN Lv.16.2,16.2,底力+楼梯+32分+变速
56602,真空都市,IN Lv.15,15.0,楼梯
56611,星碎,IN Lv.12,12.1,-
56634,Adstract Dreamgazer,IN Lv.16,16.400002,底力+耐力+位移
56637,THANK YOU FOR PLAYING,AT Lv.19,19.0,底力+多押+楼梯+32分+变速+耐力+位移+定轨
56642,痴人说梦,IN  Lv.15,15.300001,楼梯+变速+纵连+定轨
56645,Ēvocator,AT Lv.16,16.0,底力+多押+楼梯+32分+变速+耐力+位移
56665,DARLING LIGHTNING LOVE BEAM,IN Lv.16,16.0,底力
56683,ぽわわん劇場,FM Lv.14,14.900001,-
56702,Lemonade,IN Lv.14,20.0,多押+楼梯+32分
56706,SAN値直葬,IN Lv.16,16.1,楼梯+32分+变速+位移
56714,ブレインロット feat. 重音テト,IN Lv.13,13.800003,楼梯
56723,Cutter,IN Lv.15,15.300001,楼梯+位移
56740,花弁、それにまつわる音声,IN Lv.15,15.100007,纵连
56748,壱雫空,AT Lv.17+,17.8,底力+多押+32分+变速+位移+定轨
56760,Storyteller,IN Lv.11,11.0,-
5679,Sinkhole,IN Lv.15,15.600002,高BPM
56848,Sendan Life(Katagiri Bootleg),AT Lv.18,18.0,多押+32分+变速+耐力+高BPM+叠键+位移
56852,Zitronectar,IN Lv.16,16.0,底力+楼梯+变速+高BPM
56856,Time Leaper,IN Lv.14,14.500003,多押+楼梯+纵连
56873,GOODTEK,AT Lv.16,16.7,底力+多押+楼梯+32分+爆发+变速+耐力+叠键+位移
56885,複製された空の記憶,IN Lv.15,15.900003,底力+楼梯+高BPM
56889,愛言葉V,LOVE Lv.?,15.1,-
56904,Kronos,IN Lv.14,14.1,-
56913,unhappy,AT Lv.14,14.5,32分
56919,By My Side,IN Lv.13,13.800003,-
56940,关注塔菲谢谢喵,IN,14.800001,耐力
56941,The Other Side,IN Lv.15,15.000001,楼梯+爆发
56981,Asphodelium_Eschatologia,AT Lv.17,17.0,底力+多押+32分+耐力
56995,終の舞姫(Extended Mix),AT Lv.16,16.0,底力+32分+爆发+耐力+位移
57002,"even at the end of the world, you left it",EN  Lv.15,15.0,楼梯
57038,Furry Adventure Triad,AT Lv.16,16.0,耐力
57060,Reply,AT Lv.16,16.700003,楼梯+32分+耐力
57073,love in 561.3mb,IN  Lv.15,15.700003,楼梯+位移
57081,サワーチェリーガ◇イタカラ ハツ橋荟肉肉 JUMPSTYLEREMIX,IN Lv.16,16.0,32分+定轨
57084,Ai đưa em về (Cukak Remix),LC Lv.12,12.0,-
57107,HoYoHoYoにしてあげる♪,EZ  Lv.6,6.0,-
57115,ロウワー,IN Lv.16,16.300001,楼梯+变速+高BPM+位移
57147,春暖花开,IN Lv.12,12.400002,楼梯
57164,ネクストドア,IN Lv.15,15.900002,楼梯+定轨
5718,夜に駆ける,IN LV.14,14.600001,32分
57187,R,IN Lv.14,14.300001,-
57188,終わらない旅,IN Lv.12,12.1,32分
57211,Ρoppy,IN Lv.16,16.0,底力+楼梯+高BPM+位移
57221,Last Wish(vivid/stasis ver.),IN Lv.16,16.1,底力+耐力+位移
57246,HiTNEX ViRTUAL SHiFTERZ,AL Lv.15,15.900003,楼梯+耐力+高BPM+定轨
57250,蜘蛛の糸,IN  Lv.16,16.2,底力+楼梯+爆发
57252,The Box,CY Lv.14,14.799999,-
57257,Ennor,IN Lv.16.7,6.0,底力+爆发+耐力+位移
57259,終の舞姫,IN  Lv.16,16.500002,底力+爆发+耐力+位移
57293,42,IN Lv. 42,42.0,-
57315,Burning Desires 绝望吧台,IN,14.6,纵连
57343,Wonder Night Land,AT  Lv.15,15.0,-
57364,Autumn Wind,IN,14.699997,楼梯+32分
57377,Khronostasis Katharsis,IN Lv.14,14.400001,-
57379,Invisible Frenzy,IN Lv.16,16.300001,楼梯+变速+高BPM+纵连
57380,the EmpErroR,IN Lv.15,15.799999,底力+高BPM
57388,Future Downloader,IN Lv.16,16.2,楼梯+耐力+高BPM
57389,snooze (feat. SHIKI),IN Lv.14,14.799986,-
57405,Higher,IN Lv.15.8,8.0,楼梯+32分+耐力
57417,SUPER EMULATOR,AT Lv.18,18.500002,底力+多押+32分+变速+耐力+叠键+位移
57424,命に嫌われている,IN Lv.14,14.0,32分+耐力+位移
57425,爱言叶Ⅲ,IN Lv.13,13.0,-
57431,the world of scarlet,a&&^^L8dO&(V)?dxrE,10.0,32分
57438,メテオ,AT Lv.15.9,15.900001,多押+楼梯+32分+耐力
57448,回転を止めた惑星(feat.初音ミク),IN Lv.15  ,15.100001,底力+楼梯+耐力+叠键
57449,phone kisses,IN Lv.13,13.0,32分
57450,ばーちゃるめいどさん！じゅーいちがた,IN Lv.14,14.1,楼梯+32分
57451,KiLL∀ DEA7H,AT Lv.17,17.0,底力+多押+楼梯+32分+变速+耐力+高BPM+位移
57456,拝啓,IN Lv.14,14.0,32分
57487,KiLL∀ DEA7H,AT Lv.17,17.0,底力+多押+楼梯+32分+变速+耐力+高BPM+位移
57504,Forever,IN  Lv.12,12.0,-
57508,雷切-RAIKIRI-,IN Lv.15+,16.0,底力+爆发+位移
57509,Viyella's Malice,AT Lv..16,16.0,底力+32分+变速+耐力
57516,化けの花,IN Lv.15,15.0,-
57536,Theatore Creatore,IN Lv.16,16.2,楼梯+爆发
57547,Moon of Noon,IN Lv.15,15.400002,多押+32分+变速
57548,NO x,AT Lv.16,16.900003,底力+楼梯+变速
57553,枫刃徊舞,IN Lv.16,16.300001,楼梯+位移
57561,ヒバナ(Game size.),AT Lv.16,16.100004,底力+多押+楼梯+变速+耐力+纵连+位移
5757,Rap God (Full Ver.),EX Lv.15,15.800003,耐力
57586,马蒂亚斯,MF Lv.16,16.299997,多押+32分+变速+耐力+位移
57588,Unraveling Stasis,AT Lv.16+,16.9,底力+多押+32分+变速+耐力+高BPM+位移
57590,Amnéhilesie,SKY  Lv.17,17.0,底力+32分+耐力+高BPM+位移
57592,ÅMARA(大未来電脳),IN Lv.16,16.5,变速+高BPM
57614,Moon Halo,IN Lv.12,12.1,楼梯
57623,Essence,IN Lv.16,16.900003,底力+多押+32分+变速+耐力+位移
57628,燦々,IN Lv.14,14.900001,楼梯
57662,夜に駆ける (feat. 宵崎奏 & 初音ミク),IN Lv.14,14.9,耐力
57666,Electro Buzz,IN Lv.13,13.0,-
57667,Heart Message feat. 時守あおい,IN Lv.14,14.400002,楼梯
57671,whence,IN  Lv.15,15.500002,楼梯
57672,CO5M1C R4ILR0AD,IN Lv.15,15.300001,爆发+位移
57695,Unknown suffering,IN  Lv.16,16.1,-
57709,爱言叶V feat. 初音未来,IN Lv.14,14.700003,-
57710,KING,IN Lv.14,14.7,多押+32分
57718,Macropolis,IN Lv.13,13.700001,楼梯+纵连
57721,リ·フィクション·O,Ex Lv.16,16.500002,底力+多押+耐力+高BPM+位移
57737,THANK YOU FOR PLAYING,IN Lv.15,15.1,底力+楼梯+爆发
57742,夢重力,AT Lv.15,15.0,-
5775,强手,IN Lv.13,13.1,-
57761,X-COOL!,IN Lv.15,15.500002,高BPM
57765,サイエンス（科学）,IN Lv.15,15.700003,多押+楼梯+32分+变速+耐力+位移
5778,起风了,IN Lv.14,14.200001,楼梯+耐力
57787,GOODBOUNCE,IN  Lv.14,14.800003,楼梯+爆发
57804,泡沫快速急行,HD Lv.13.5,13.499997,32分+变速+纵连+位移+定轨
57814,スコーピオンガールの貴重な捕食シーン,IN Lv.15,15.400002,变速+耐力+叠键+位移
57816,GRAVITY ZOИE,IN Lv.16,16.0,楼梯+变速
57842,Still Shining (feat. 重音テト),IN Lv.16,16.2,底力+楼梯+耐力+纵连
57855,立春,IN Lv.13,13.900003,楼梯+爆发+纵连
57856,Cheerio!,IN Lv.13,13.0,楼梯+纵连
57866,seven,IN Lv.14,14.399996,耐力
57867,Melodiniq,MX  Lv.?,10.0,底力+耐力
5787,facts of rain,IN Lv.14,14.300001,楼梯
57892,Innocence,IN Lv.15,13.0,楼梯+爆发
57896,しう,IN  Lv.15,15.0,耐力
57904,SHIAWASE FOR YOU!,IN Lv.14,14.599999,-
57923,削いで,IN Lv.12,12.600002,楼梯
57928,Deep Blue,AT  Lv.17,17.700003,底力+楼梯+32分+变速+耐力+高BPM+位移
57929,Polyridia,AT  Lv.15,15.300001,读谱
57934,聚光,AT  Lv.15,15.400002,32分
57971,好きなことだけでいいです,IN Lv.15.7,7.0,-
57974,ダイダイダイダイダイキライ,IN Lv.15,15.900003,变速
57977,BOSS,SP Lv.¿¿¿,10.0,-
57987,春日影 (Haruhikage),IN Lv.13,13.200001,楼梯+纵连
57992,“诺言”,IN Lv.16,16.600002,32分+纵连
57993,Χάρων,SP Lv.？,0.2,32分+叠键
57995,玉米,IN  Lv.13,13.800003,耐力
58,らくらく安楽死,IN.14,14.0,多押+32分
58031,明け星,IN Lv.15.5,15.500001,楼梯+32分+变速
58034,Twinkle Shower,IN Lv.15,15.400002,32分
58044,Crisscrosser,IN Lv.16.2,16.2,底力+耐力+纵连
58080,夜咄ディセイブ,IN Lv.15,15.700003,高BPM
58089,Innocence Keeper,IN Lv.15,15.1,-
58109,Get Back to sixty four bit Cities,IN Lv.16,16.0,楼梯+32分+变速+高BPM+叠键+位移+定轨
58128,Phony,IN.15,15.1,纵连
5813,Days of Love,ATRI Lv.11,11.299999,32分
58135,Accelerate,AT Lv.18,12.0,底力+多押+32分+变速+耐力+位移
58137,どきどきデエト,IN  Lv.15,15.200001,耐力
58143,豪大大鸡排,雞摆,13.0,叠键+定轨
5817,God sees all,GSA Lv.14,14.799999,楼梯
58178,少女A,IN  Lv.14,14.0,爆发
5818,Alea jacta est!,AT Lv.15,15.900003,底力+多押+爆发+耐力+位移
58187,Ephemeric World,IN Lv.16,16.300001,底力
5820,五重空洞,IN Lv.14,14.700003,32分
58203,Shining (Remake),IN Lv.14,14.600002,多押+耐力+位移
5822,最炫民族风,IN Lv.14,14.0,多押+楼梯+32分+变速+定轨
58250,Alice in 冷凍庫(cover by花谱),IN Lv.15,15.0,32分+耐力
58251,人生進行形,IN Lv.14,14.300001,-
58287,しう(四有),IN Lv.14,14.4,耐力
58303,うそつきマカロン,IN Lv.14,14.500002,楼梯+高BPM+叠键
58322,XLIX,IN Lv.16,16.0,多押+32分+变速+耐力+位移
5834,LAMIA,IN Lv.16,15.799999,底力+楼梯+爆发+位移
58345,HATE ALL,AT Lv.16,16.800001,多押+楼梯+32分+变速+耐力+叠键+位移+定轨
58397,ヒロイン (nakotanmaru ver.),AT,15.3,楼梯
5842,只因你太美,15,15.200001,多押+32分+变速+高BPM+位移
58493,I HATE MY PUTER -ALL MY ENEMIES ARE INSIDE IT-,15,15.500001,耐力
58496,Cheerio!,AT Lv.17,17.1,多押+32分+变速+耐力+位移
58501,IIII IIII IIII,IN Lv.14,14.0,-
58523,Pete's Song,EZ  Lv.2,1.9999999,-
58529,Celestial Exploring,EX Lv.17,17.600004,底力+32分+爆发+变速+耐力+位移+定轨
58553,Moonflutter,AT  Lv.16,16.300001,32分+变速
58557,ABYSS MOTION 192.333,EX Lv.15+,15.7,楼梯
58566,超える,IN Lv.16,16.2,多押+32分+变速+耐力+位移
58567,Luminous Entities Lost Heart,AT Lv.17,17.0,底力+32分+变速+耐力+位移+定轨
58576,神鳴,IN Lv.17,17.0,底力+多押+楼梯+32分+变速+耐力+位移
58577,完美偶像 (Perfect Idol),IN Lv.15,15.1,32分
58592,私は、わたしの事が好き。(Short ver.),IN,13.900001,楼梯
58598,NO BATIDÃO,AT Lv.15,15.0,多押+32分
58657,Looking for the lost past,IN Lv.16,16.0,楼梯
58671,Grayed Out-Antifront-,IN LV.15,15.6,底力+多押+32分
5868,药,IN Lv.14,14.8,爆发+耐力+位移
58698,Final Step！,14,14.0,多押+楼梯+位移
58710,自己肯定感爆上げ↑↑しゅきしゅきソング,IN Lv.9,9.0,-
58716,AzazeL-REGINX-,SP Lv.？,10.0,底力+楼梯+变速+纵连+位移
58744,ムリムリ進化論,IN Lv.14,14.8,耐力
58745,Emergence Failure,IN Lv.14,14.900003,楼梯+定轨
58785,ダイダイダイダイダイキライ,IN Lv.15,15.400002,变速
58798,バカみたいに,IN Lv.15,15.0,-
58831,Broken Fruitz,AT  Lv.18,18.0,底力+多押+32分+变速+耐力+高BPM+位移
58879,Breakcore WTF!?,IN Lv.15,15.0,底力+楼梯+爆发+高BPM+位移+定轨
5889,Exitium,IN Lv.16,16.600002,底力+多押+楼梯+变速+耐力+高BPM+叠键+位移
58917,Deviloverdose,IN Lv.14,14.400002,楼梯+32分+变速
58935,Kwik Flip | YTPMV,IN Lv.14,15.2,多押+耐力
58949,DAMIDAMI,IN,14.0,楼梯+高BPM
58951,デビルじゃないもん (人家才不是恶魔呢),IN Lv.15,15.000001,-
58957,永恒 (Eternity),IN Lv.12,12.0,纵连
59032,Destr0yer,IN Lv.15,15.300002,楼梯+变速
59033,灵光沙海,AT Lv.16,16.500002,楼梯+定轨
59057,AeroXea ( Full Ver. ),IN Lv.16,16.1,底力+爆发+耐力
59077,Berrymelody Cut,IN  Lv.13,13.0,纵连
59087,No Such Thing as a Happy Marriage,IN Lv.13,13.0,-
59093,Last Goodbye,IN      LV.15,15.0,-
59108,これは、ステキな魔法！,1N Iu。|s,15.0,叠键
59109,20XX's Phantasm Myths,AT Lv.16,16.900003,底力+楼梯+变速+位移+定轨
59127,8bit Adventurer,AT Lv.16,16.700003,底力+多押+楼梯+耐力+位移+定轨
59137,Collapse Of Ego,DJ! Lv.18+,18.600002,底力+多押+楼梯+32分+变速+耐力+高BPM+叠键+位移+定轨
59143,Dance,IN Lv.14,14.600002,-
5916,改革春风吹满地,IN Lv.14,14.0,32分
59174,夏霞,IN Lv.14,14.600002,耐力
59223,蜘蛛の糸,AT Lv.17,17.0,底力+楼梯+爆发+耐力
59227,ナイトピア,IN Lv.14,14.0,-
59231,超ナイト・オブ・ナイツ,AT  Lv.16,16.700003,底力+多押+32分+变速+耐力+位移+定轨
59273,Project_67,AT Lv.16,16.0,32分+变速+耐力+位移
59286,MI RESPIRAR,AT15,15.0,楼梯+32分
59288,枯音染秽无凭裂章,IN Lv.15,15.700003,楼梯+耐力
59292,Oracle,AT  Lv.17,17.2,底力+多押+32分+变速+耐力+位移
59294,Montagem pitty,IN Lv.13,13.300001,多押+32分
5932,The 7 Seas,IN Lv.15,15.3,32分
59321,DEVOTION,IN Lv.14,14.200001,楼梯+32分+位移
59332,稻香,IN  Lv.14,14.0,32分
59385,Never Forget That Rainbow,IN  Lv.16,16.400002,底力+楼梯+变速+耐力+位移+定轨
59386,镜中女,AT  Lv.15+,15.900001,32分
59444,"G.V.N. (Glitter,Vomitus and Neon)",AT.Lv17,17.600002,底力+楼梯+爆发+变速
59462,Alice in a xxxxxxxx,IN Lv.14,14.0,定轨
59478,Fragmentation,IN Lv.16,16.2,底力+爆发+变速+纵连+位移
5951,Promise Under The Star ,IN Lv.13,13.0,-
59510,世界函数~World Function~,IN Lv.14,14.000001,-
59562,Lapis,IN Lv.14,14.0,-
59569,It's A Big World Outside,AF Lv. 14,14.000004,-
59571,Giselle,IN Lv.15,15.0,爆发
59607,Theme_44,IN Lv.11.9 ,11.900002,楼梯+32分+纵连
5962,White Noise,IN Lv.13,13.400002,-
59624,……已至,IN Lv.15,15.200001,-
59645,ごまかし,IN Lv.13,13.0,-
59657,Wake(cut ver.),IN Lv.12+,12.900001,楼梯+32分+高BPM
59709,夏霞,IN Lv.14,14.800003,耐力
59717,聖人君子でありたい ,AT Lv.16,16.700003,多押+32分+变速+位移
59730,DIGITAL CIRCUS FUNK,AT Lv.15+,15.6,32分
59743,Future Downloader,IN  Lv.16,16.500002,底力+楼梯+耐力+高BPM+纵连+定轨
59750,Sink To The Deep Sea World,IN Lv.16,16.0,底力+爆发+变速
59779,VOID,IN Lv.15,15.600002,32分+变速+位移
59793,Complexˣ Genki,IN Lv.16,16.1,底力+爆发+耐力+纵连
59841,勾指起誓,♡AT♡,14.000001,纵连
59855,Evaniscentia,AT Lv.17,17.0,32分+耐力
5990,極楽浄土,IN Lv.14,14.0,楼梯+纵连
5994,いちげき！のテーマ,IN Lv.14,14.400002,叠键
59945,夜空中最亮的星,IN  Lv.12,12.9,-
59949,酋长,CY Lv.14,14.899999,-
6,新•轮回尘世,IN,14.0,楼梯+32分+叠键
60014,樱落繁花,IN Lv.15,15.600002,楼梯
6004,マネマネサイコトロピック -XIV- (MARETU Remix),AT Lv.16,16.600002,多押+32分+变速+耐力+位移+定轨
60062,Riot in tнe Syзtёm,Riot Lv.15+,15.800004,多押+32分+变速+耐力+位移
60063,Bring Me Back,IN Lv.15,15.000004,楼梯+32分+耐力
60066,有兽焉,IN Lv.14,14.1,楼梯+32分
60086,VEM MEU AMOR,SP Lv.15,15.1,32分
60097,理想的パラドクスとは,IN  Lv.14,14.0,位移
60124,Komorebi,IN,15.0,纵连
6013,低音轰炸机（音量注意),Lv 14,14.0,纵连
60137,Melodiniq,IN Lv.16,16.500002,底力+楼梯+爆发+耐力+位移
60152,Inferno Combusts II Pt.2,AT Lv.16,16.500002,耐力+定轨
60196,Alea jacta est!,IN Lv.16,16.500002,底力+楼梯+爆发+位移
60199,Who Is She,AT Lv.15,15.800003,楼梯+32分
6020,Life is PIANO,IN Lv.13,13.600002,-
60200,bad apple,EZ Lv.0,14.5,-
60207,夜猫子,IN Lv.14,14.5,纵连
60233,Southern Cross,AT Lv.16,16.0,底力+爆发+耐力+纵连+位移
60284,えんじぇる☆てすと！ (feat. 初音ミク),AT Lv.17,17.000006,底力+多押+32分+变速+耐力+位移
60304,Towards the Light,IN Lv.14,14.200001,-
60339,Spider Dance,IN Lv.14,14.0,-
60346,Light Dance,AT Lv.14,14.600002,-
60353,ヤラララ',IN Lv.14,14.700003,-
60361,室内系的TrackMaker,哈哈哈,15.2,-
60372,我又一次找到你,Love Lv.14,14.0,32分
60413,Hottest Take Machine,IN Lv.15,19.9,楼梯+变速+耐力+纵连
60414,TV WORLD,IN Lv.15,15.1,32分
60451,地区 Shangri-LA,IN Lv.16,16.500002,楼梯+纵连+叠键
60477,溶けてゆく,AT Lv.15,15.500002,楼梯+纵连
60488,はやくにげなきゃ,AT,16.300001,底力+爆发+纵连+位移
60491,靈,END Lv.18,18.0,底力+楼梯+耐力+纵连+位移
60497,So Far Away,IN Lv.14,14.6,楼梯+32分+变速+位移
60501,The World Revovling,IN  Lv.15,15.300001,-
60509,Altale,IN Lv.13,13.0,爆发
60515,おでこテレパス,IN Lv.13,13.0,32分+耐力
60540,You've Got Mail !,IN  Lv.15,15.0,楼梯
60541,歌姫失格,IN Lv.14,14.500001,-
60582,Dinnon,AT Lv.15,15.400002,-
60607,Anti You,IN Lv.14,14.799992,楼梯
60652,古海复涌之时 Parousia Diluvi,AT Lv.16,16.400002,-
60679,Still Shining (feat. 重音テト),IN Lv.16,15.799999,楼梯+耐力+纵连
60680,ダダダダダル,IN Lv.15,15.0,32分
60685,Frost Walker,AT Lv.18,18.600002,底力+多押+楼梯+32分+变速+耐力+高BPM+叠键+位移
60746,MeteorSnow,AT Lv.16,16.900002,底力+32分+变速+耐力+高BPM+位移+定轨
60808,bi,AT,15.300003,32分
60812,NIGHT DANCER,IN  Lv.14,14.1,楼梯
60823,トキメキ☆ボムラッシュ(corok Remix),IN Lv.14,14.400002,32分+纵连
60840,求＆影,IN Lv.14.5,5.0,底力+楼梯+纵连
60850,Level !(Remix),IN Lv.13,13.800007,楼梯
60854,绒空FuLov - Fireworks in the Snow,IN Lv.14,14.3,耐力+纵连
60866,フィクションです。,AT Lv.16,16.800001,多押+楼梯+32分+变速+耐力+位移
60868,The Final Gates,AT Lv.16,16.9,耐力
60870,Reaching Light (寻光而至),HD,8.7,楼梯+32分
60876,[協] Love You,SP  Lv.?,12.500001,楼梯+32分
609,R.I.P.,IN Lv.14,14.0,定轨
60938,AnRiS,IN Lv.16,16.0,楼梯+耐力+纵连
60952,差不多得了,EZ  Lv.3,3.5000014,-
6097,YUMEND,IN  Lv.13,13.5,多押+楼梯+32分
60991,GEOLOGICAL//IRRESOLUTION,IN Lv.17,17.0,底力+楼梯+高BPM+位移+定轨
61025,Heavy Serenade,IN Lv.14,14.0,楼梯
61026,ฅ'ω'ฅ♪QwQ,IN Lv.14,14.200001,高BPM
61044,はやくにげなきゃ,IN Lv.15,15.800003,-
61048,浮生梦  探窗,IN 11,11.0,-
61057,Scorpion Dance,AT Lv.17+,17.700003,多押+32分+变速+耐力+位移+定轨
61063,That Girl,IN Lv.14,14.1,-
61101,Tempest,IN Lv.15,15.900001,底力+爆发
61114,稻香Remix摇滚版,IN Lv.14,14.0,楼梯+纵连
61166,停燕,IN Lv.13,13.500001,-
6117,Traveler ~stand aloof~,AT Lv.16,16.900002,底力+多押+32分+变速+耐力+位移
61184,Melodiniq,IN Lv.16,16.5,底力+耐力+位移
61199,pixel pig,IN Lv.15,15.0,楼梯+纵连
61210,thrinos;pygmailon,IN Lv.16,15.0,纵连
61235,STYX HELIX,IN Lv.13,13.0,32分
61240,Nerve,IN Lv.15,15.6,爆发+变速
61241,Nerve,HD Lv.10,10.0,爆发
61258,W,AT Lv.19,19.2,底力+多押+楼梯+32分+爆发+变速+耐力+叠键+位移+定轨
61259,Threat - Outskirts,IN Lv.15,15.3,-
61262,繁星，黯夜,IN Lv.15,15.0,楼梯+32分+纵连
61269,J. K.,IN Lv.16,16.800003,-
61298,China-Light,IN Lv.13,13.600001,-
61301,人マニア (人狂热症),IN14,14.700003,多押+32分+变速+位移
61318,Crush the Dystopia,HD  Lv.13,13.700003,-
61320,KiLLKiSS,IN,15.600001,耐力+纵连
61329,You've Got Mail !,IN  Lv.15,15.0,楼梯
61332,コントロールできない感情という変数,IN 15,15.500001,-
61339,ReDreaming Angel,AT Lv.14,14.0,-
61349,你我的最终曲,IN Lv.14,14.499999,32分
61371,PUPA,IN Lv.13,13.400001,-
61427,Singularilari,IN Lv.15,15.900003,底力+爆发
61461,F(R)IEND,IN  Lv.15,15.1,多押+楼梯+纵连
6148,PHAZE UPPER,IN Lv.14,14.900003,爆发
61514,MONTAGEM ALQUIMIA,SP,15.2,32分
61537,花开在回家的路上,HD Lv.8,8.0,-
61540,Noiris,IN Lv.15,15.800003,楼梯
61596,机械动力,HD Lv.16,16.1,爆发
61599,ブルアカ 7th TV,IN Lv.15,15.200001,-
61608,サイエンス,IN Lv.15,15.300001,多押+32分+变速+耐力+位移
61614,c.s.q.n. (2026 Remaster),4K Lv.32,32.0,底力+多押+32分+爆发+变速+耐力+位移
61618,ヨミビトシラズ,AT Lv.16,16.9,底力+楼梯+爆发+变速+叠键+位移
61619,NEO,11,11.0,32分
61630,Rhythmos Ananke,AT Lv.17,17.9,底力+爆发+耐力+叠键
61632,Beyond The Rainbow,IN Lv.15,15.2,高BPM
61635,"Approve Please, Genie!",IN Lv.13,13.0,-
61663,Last Dance,AT Lv.15,15.500002,32分
61701,若我生来无梦,AT Lv.17,17.300001,楼梯+32分+耐力+叠键
61744,电量满满手势曲,BT+LL Lv.?,10.0,楼梯+32分+纵连
61760,Tuatha Dé Danann,IN 16,16.6,底力+变速+耐力+高BPM+位移
61763,MarbleBlue.,AT  Lv.17,17.300001,底力+爆发+耐力+位移
61766,蜚蠊皇帝[limbus company],AT 16.4,16.4,底力+楼梯+耐力+纵连+叠键+位移
61772,Collapsing World,IN Lv.15,15.0,-
61775,activity log,夏夜 Lv.14,14.0,楼梯
61793,速通满级攻略,IN Lv.999 (15.2),10.0,32分+高BPM
61804,ポップ・スナック・ジャンクなHUNNY,IN Lv.14,14.1,多押+楼梯+32分
6182,Bad Elixir,AT  Lv.17,17.4,底力+多押+32分+爆发+变速+耐力+叠键+位移
61841,准备出发,IＮ.14,14.6,32分
61847,Whispers from a Distant Star,IN Lv.15,15.3,-
61848,Cryolight,AT Lv.16,16.300001,底力+楼梯+爆发+耐力+位移
6185,Real intention,IN Lv.14,14.0,多押+32分
61865,TAIDADA,IN Lv.15,15.0,楼梯+纵连
61896,アダチ・レイ (feat. 足立レイ),IN Lv.14,14.0,32分
6191,Fin.ArcDeaR,AT Lv.17,17.0,底力+多押+32分+爆发+变速+耐力+高BPM+位移
61933,新页 New Page,IN.15,15.0,-
61964,十万伏特,,10.0,-
61993,Night Drawmers,IN Lv.14,14.6,楼梯+爆发
62006,Class Memories,AT Lv.15,15.700003,楼梯
62008,……已至,直面魂灵·16,16.0,纵连
62070,maxi,IN Lv.15,15.6,多押+楼梯+变速+位移
6211,At the Edge,IN.14,14.0,-
62140,晚风吹吹,IN 13.9,9.0,多押+32分
6215,Dandelion's Daydream,IN  Lv.14,14.699999,-
62150,lulu.,AT Lv.14,14.700003,32分
62151,ビビデバ,IN Lv.15,15.400001,楼梯+32分+变速
6216,镜花堂,IN Lv.13,13.800003,变速
62163,余晖(gloaming.),12,12.100008,-
6217,囍,IN Lv.13,13.400002,爆发+纵连+叠键
62173,Architect,SP Lv.?,7.4,耐力+纵连
62180,ハナタバ,IN Lv.15,15.300001,多押+楼梯+32分+变速+位移
62222,Fear,AT Lv.14,14.400001,-
62263,落在生命中的一束光,IN Lv.10,10.0,-
6230,以超新星爆发般的势头学会拆谱吧！,PT 全换！,15.7,底力+耐力
62310,Regression,IN Lv.13,13.1,-
62314,Hype Invader,IN Lv.14,14.800003,楼梯
62344,The Truth That You Leave,AT,20.0,楼梯+32分+变速+纵连+叠键
62386,macro.wav,IN Lv.16,16.0,爆发+定轨
62397,フューチャー・イヴ,IN Lv.15,15.0,楼梯+变速+耐力+纵连+位移
6240,LAMIA,AT Lv.16,16.300005,底力+多押+楼梯+变速+耐力+位移
62420,folern,IN Lv.15,15.0,耐力+位移
62423,神灯 (Enchanted Lamp),IN Lv.14,14.0,-
62442,Love Para feat. Hatsune Miku,IN Lv.15,15.0,位移
62446,Dream Away feat. Yukacco,IN Lv.15,15.100004,楼梯+耐力
62449,PSYCHOKINESIS,IN Lv.14,14.200001,位移
6245,试↓bass↑,IN Lv.15,15.0,32分+变速
62470,星降る夜と一輪の花,AT Lv.17,17.0,耐力
62485,笙·宴(MotiF-east),IN Lv.15,15.200001,-
62506,蒼天,AT Lv.18,18.0,底力+32分+爆发+变速+耐力+叠键+位移
62563,αterlβus（2025 Remaster）,IN Lv.17,17.0,底力+变速+位移
62569,Sanctum Bellum,IN Lv.16,16.1,爆发+位移
62576,Knight Rider,IN 16,16.1,多押+楼梯+32分+变速+耐力+位移
62637,The Crimson Empire-Malody Reg4 ver.,IN Lv.16,16.1,楼梯+32分+变速+位移+定轨
62643,雨之城,DC Lv.?,10.0,-
62648,克苏鲁 (Cthulhu),IN Lv.16,16.0,底力+爆发+变速+耐力+纵连+位移
62662,Memory Locked,EX Lv.16,16.0,底力+耐力+位移
62664,生命不詳,IN Lv.14,14.0,楼梯+纵连
62698,Wonderland,IN Lv.14,14.0,楼梯
62713,How To Make 音ゲ～曲！,IN.14,14.0,爆发+位移
62728,Future Downloader,AT Lv.17,17.400002,底力+楼梯+32分+变速+耐力+高BPM+纵连+位移
62741,Xenophobia,AT Lv.16,16.900002,多押+楼梯+32分+变速+耐力+位移
62748,ZENITHALIZE,AT Lv.18,18.1,底力+多押+32分+变速+耐力+叠键+位移
62759,Renascitur in luminum tenue,IN Lv.14,14.9,-
62760,EMOMOMO,IN Lv.15,15.400002,多押+纵连+位移
62764,海馬成長痛,IN  Lv.15,15.500002,楼梯
62774,hyperreality,AT Lv.19,19.000002,底力+多押+32分+变速+耐力+叠键+位移+定轨
62779,Greeting into Abysschaos,AT Lv.17+,17.599998,底力+多押+32分+变速+耐力+高BPM+位移
62800,The Final EndGame,ENDGAME  Lv.19,19.0,底力+多押+32分+变速+耐力+叠键+位移
6283,ぱぴぷぴぷぴぱ,IN Lv.15,15.899998,多押+32分+变速+耐力+位移
62843,Execution Clap,IN  Lv.14.2,14.200015,-
62925,Styx 257,IN Lv.15,15.3,底力+爆发
62934,Echoes Forage,IN Lv.16,16.300001,底力+位移
62940,デビルじゃないもん,IN Lv.15,15.300001,多押+32分+耐力+位移
6297,アスノヨゾラ哨戒班,IN Lv.14,14.900003,耐力
62980,雨露霜雪,IN Lv.16.4,14.7,底力+多押+耐力+高BPM+位移
63002,炜WARD ROMANCE,AT Lv.15,15.0,-
63011,终焉拨奏曲,FM  Lv.13,13.600002,楼梯+32分
63021,終の舞姫,AT  Lv.17,17.900003,底力+多押+32分+变速+耐力+叠键+位移
63030,numb numb,7,7.0,-
63039,Life is PIANO,IN  Lv.14,14.800003,位移+定轨
63053,Kaleidoscope,IN Lv.14,14.900003,-
6307,冬の花,IN,12.000008,楼梯
63082,Signaling,IN Lv.15,15.1,-
63090,Lots of X Against the World,IN  Lv.15,15.8,多押+楼梯+变速+耐力
63101,Angel (Game version),IN Lv.13,13.500002,楼梯
63103,Lost Civilization,IN  Lv.15,15.0,多押+32分+变速+位移
63117,【梦之遗痕】Shoujo Delight,IN Lv.13,13.300001,-
63123,心の記憶,AT.16,16.4,楼梯+纵连
63138,STARDUST,IN Lv.15,15.300001,位移
63139,Pendulum of Doom,AT Lv.16,16.500002,底力+32分+变速+耐力+位移
63208,浆果,IN.12,12.0,-
63210,不乱不破,IN Lv.15,15.700003,32分+纵连
6324,MAGAMIX 2,SP Lv.!,10.0,底力+爆发+耐力
63240,numb numb,IN Lv.14,14.0,-
63253,Cutie Mew Mew Magic,IN Lv.14,14.0,-
63254,ヤラララ,Ylll Lv.14,14.0,-
63270,やラララ (YARARARA) ft. 重音テト,IN 15,20.0,-
63288,Access Denied,IN Lv.15,15.500002,楼梯+爆发+纵连+定轨
63289,shop,IN Lv.13,13.200001,-
63292,Orphen,FINALE Lv.15,15.800003,纵连+定轨
63296,constant moderato (the animation version),HD Lv.10,10.0,-
63320,幻想ロードオブキング,AT  Lv.17,17.2,底力+多押+32分+变速+耐力+位移
63413,Apeiroscopy,IN Lv.15,15.000004,位移
63423,※Memory Locked,EX Lv.16,16.800003,底力+耐力+位移
63427,Χάρων,IN  Lv.15,15.600002,楼梯
63431,左道的胜义尊,IN lv.15,15.0,-
63436,献向镜水的月光,IN Lv.13,13.700002,-
63441,左道的胜义尊,EX lv.17,17.0,32分+变速+叠键
63466,Upload Your Mind::Download My Soul,AT Lv.17+,18.000004,底力+多押+楼梯+32分+变速+耐力+叠键+位移
63473,Spark!e,IN Lv.15,15.500002,底力+楼梯+爆发
63475,Travel with me under the stars,IN Lv.16,16.2,底力+变速+高BPM+位移
63495,Grayed Out-Antifront-,IN Lv.15,15.400002,底力+楼梯+变速+位移
63522,MONTAGEM KOE,AT Lv.13,19.300001,32分+叠键
63560,SABE QUEBRAR,Lv13,13.0,多押+32分
63575,Animal Panic Ensemble!《动物急疾集》,IN lv.16,16.300001,变速+叠键+位移
63576,The Fallen (Corruption Carnage),AT Lv.16,16.0,爆发+耐力+叠键
63577,リテラチュア (文学) (Anime Size),In Lv.12,12.1,32分
63591,人是猫,IN  Lv.12,12.800003,-
63660,雑踏、僕らの街,AT Lv.17,17.0,32分+变速+耐力+位移
63755,°F,AT Lv.17,17.0,底力+32分+变速
63756,燐寸と緞帳,AT Lv.17,17.899998,底力+爆发+耐力+位移
6377,ぱぴぷぴぷぴぱ,IN Lv.15,15.0,32分+变速+耐力
63770,Pastel Lines,IN Lv.12,12.3,-
63805,Anterior Everywhere,IN Lv.13,13.500002,32分
63819,Fission,AT Lv.16,16.0,楼梯+32分+变速
63821,うそつきマカロン,AT Lv.15,15.0,32分
63844,Cierr's Lac,AT Lv.18,18.2,底力+多押+32分+变速+耐力+高BPM+位移+定轨
63845,Xperanza,AT Lv.16,16.600002,底力+多押+32分+变速+耐力+位移
63866,midnight glory,IN Lv.13,13.700003,-
63891,Sakazuki,IN Lv.16,16.700003,底力+多押+楼梯+32分+变速+耐力+高BPM+位移+定轨
63894,さよなら異世界の旅,AT Lv.18,18.0,底力+楼梯+32分+变速+耐力+叠键+位移
63910,MONTAGEM PITTY,IN Lv.13,13.0,多押+32分+位移
63916,redemptione,IN Lv.15,15.400002,楼梯+变速+耐力+纵连+位移
6400,吉原ラメント,IN,13.8,32分
64023,Memento mori0,AT Lv.17,17.0,底力+32分+耐力
64024,Memory Fragments,IN Lv.15,15.400002,楼梯
6405,sølips,IN Lv.16,16.000004,底力+楼梯+定轨
64077,That Girl,AT  Lv.14,14.500002,32分
64091,青春のアーカイブ,AT Lv.15,15.700002,32分+变速+高BPM
64105,第57次取消发送,IN Lv.13,13.0,-
64117,赤と青,NI Lv.14,14.0,楼梯
64121,初岚,IN Lv.16,16.400002,楼梯
64151,我和你,IN 8,8.2,-
64152,痴人说梦,AT Lv.14,14.499994,32分
64168,気まぐれメルシィ,IN Lv.14,14.8,楼梯+变速+耐力
64178,亂★舞,IN Lv.15,15.300001,底力
6421,萨卡萨卡班班甲鱼鱼,IN LV.14,14.600002,位移
64228,妄想哀歌 (feat. 初音ミク & 可不),AT to 4K Lv.16,16.500002,多押+32分+耐力+位移
64248,夢現妄想世界,AT Lv.17,17.9,底力+多押+楼梯+32分+变速+耐力+叠键+位移
64253,十拳剣,AT Lv.17,17.7,底力+多押+楼梯+32分+爆发+变速+耐力+高BPM+叠键+位移+定轨
64257,astral.exe,AT Lv.17,17.300001,底力+楼梯+32分+变速+耐力+纵连+位移
64302,Secret Illumination,IN  Lv.15,15.800004,多押+楼梯+变速+耐力+纵连
64317,NEW GENERATION,AT Lv.17,17.2,底力+多押+变速+耐力+高BPM+位移+定轨
64325,ヤラララ ,IN  Lv.15.1,15.1,-
64370,Да Да Да,IN Lv.15.7,7.0,耐力
64372,field of hopes and dreams,HD. Lv.13,13.0,高BPM
64422,Araya,IN Lv.15,15.0,楼梯
64480,처형박수 (Execution Clap),IN Lv.15,15.400002,耐力
64508,Cutie Mew Mew Magic,IN Lv.15,15.0,楼梯+耐力
64520,終わらない道,IN Lv.16,16.1,底力+楼梯+纵连
64538,Billy Mode,IN Lv.14,14.7,-
6458,Wicked,IN Lv.14,14.599995,纵连
64599,Phigros Song,Shit Lv.?,10.0,楼梯+32分+变速+高BPM+纵连+叠键+位移
6462,メランコリック,IN Lv.14,14.200001,楼梯+32分+耐力
64646,処刑拍手（しょけいはくしゅ）,IN Lv.16,16.3,多押+32分+耐力+位移
6466,国士無双,AT,16.400002,底力+楼梯+变速+耐力+叠键+位移
64690,汚れっちまった悲しみの色 (t+pazolite Remix),IN Lv.14,14.900003,楼梯+耐力
64705,MEGALOVANIA(Camellia Remix),RE Lv.18,18.0,底力+多押+楼梯+32分+变速+耐力+高BPM+位移
64706,YOUNITHM,FM Lv.16,16.900003,底力+耐力+高BPM+叠键+定轨
64709,R.I.P.,IN Lv.15,15.0,-
64729,ときめきジェットコースター,IN Lv.15,15.199998,多押+楼梯+32分+变速+位移
64773,小小的舟,HD11（11.6）,11.0,楼梯
64784,Boom Clap,IN Lv.13,13.500002,楼梯+纵连
64795,缄色症候,IN Lv.15,15.700003,楼梯
64854,求&影,AT Lv.16,16.300001,32分+变速+耐力+位移
64968,100%,AT Lv.17,17.400002,底力+多押+楼梯+变速+耐力+位移
64973,Hypernaid,AT Lv.16,16.199999,多押+32分+变速+耐力+位移
64998,バベル,IN Lv.16,16.400002,32分+变速+位移
65,珐露珊：机巧深诣,IN,12.899999,-
65093,自无垠处归航之星,13,13.0,楼梯+32分+高BPM
6510,みずいろレインドロップ（水色雨滴）,IN Lv.15,15.200001,32分
65115,把回忆拼好给你 (DJ),L.v13,13.0,-
6514,The Everlasting Rain,IN Lv.16,16.400002,底力+多押+楼梯+耐力+位移
65249,唯一,IN Lv.14.2,14.2,楼梯+32分+高BPM
65298,超主人公,IN Lv.13,13.500002,多押+32分+耐力
65316,反乌托邦pt.2,IN 14,14.900003,楼梯+纵连
65321,4nim0sity|%|,HD,14.0,-
65377,九万字DJ,LV.13,13.000001,-
6538,Wind Of Change,IN Lv.13,13.1,-
65381,Åntinomiз,AT Lv.17,17.399998,底力+多押+楼梯+32分+变速+耐力+高BPM+位移
65384,六兆年と一夜物語,AT Lv.17,17.500002,底力+多押+32分+变速+耐力+位移
65390,Cutie Mew Mew Magic,IN Lv.15,15.0,楼梯
65405,拝啓,IN Lv.14,14.0,耐力
65413,PUPA,AT Lv.17,17.4,底力+爆发+变速
65450,Highscore,SP Lv.?,14.999994,32分+变速+耐力+叠键
65457,千本樱,BOSS Lv.10,10.0,耐力
65492,抑人(e),e人,13.0,-
65503,ぼくらの16bit戦争,IN Lv.16,16.0,-
65526,きゅびびびびずむ,AT Lv.15,15.400003,多押+楼梯+32分+变速+耐力+位移
65545,LibrariA,MASTER 15.3,15.299999,底力+楼梯+爆发+变速+耐力+纵连+位移
65640,Inverted World,AT Lv.16,16.0,爆发+纵连
65656,ロストアンブレラ,IN Lv.15,15.0,32分+耐力
65698,RUN FOR YOUR LIFE,RUN Lv.15,15.400002,32分
65699,无题,IN Lv.14,14.200001,-
65738,凛冬之舞,IN  Lv.15,15.7,-
65878,アプリコット,EZ Lv.6,6.0,-
65917,The Devil Incarnate,AT Lv.18,18.300001,底力+楼梯+32分+变速+耐力+高BPM+位移+定轨
65918,怪物,IN15,15.600002,多押+32分+耐力+位移
65921,Future Downloader,IN Lv.16,16.500002,底力+变速+耐力+高BPM+纵连+位移+定轨
65950,夏日，海边，橙味汽水,IN Lv.13,13.8,-
65972,人为的困境,AT Lv.16,16.900002,底力+多押+32分+变速+耐力+位移
65992,黄金数(2024 ver.),IN Lv.16,16.0,耐力+高BPM
66003,Dahlia,AT Lv.16,14.900001,楼梯+32分+变速
66007,七里香,IN Lv.13,13.7,-
66040,AstrøNotes.,AT Lv.18,18.0,底力+多押+楼梯+32分+爆发+变速+耐力+位移
66047,Colorful Universe,AT Lv.16,16.700003,底力+楼梯+爆发+位移
66062,Enchanted Love,AT Lv.15,15.0,纵连
66066,反差,IN,10.2,-
66101,cry0ut！,IN Lv.14,14.500002,楼梯+爆发
66156,完美偶像Perfect Idol,Hanami Lv.14,14.300001,爆发+定轨
66162,ロストアンブレラ,HD Lv.10,10.0,-
66193,SUPERNOVA,ENCORE Lv.17+,10.0,底力+多押+32分+变速+耐力+位移
66227,CHINA - A,IN Lv.13,13.8,-
6623,Gaudium Resonance,IN Lv.15,15.0,底力+爆发+位移+定轨
66309,时雨,IN Lv.12,12.800001,-
66329,Unrequited Love,IN Lv.15,15.800003,楼梯
6637,桜樹街道,AT 14.8,14.800001,-
66405,なんもねえ,IN Lv.15,15.0,楼梯+变速
66436,伴月同眠,EZ Lv.1,1.0,-
6648,Final Phase,IN Lv.14,14.800003,楼梯
66493,HoYoHoYoにしてあげる,AT Lv.17.0,17.0,底力+楼梯+32分+变速+位移
66510,「ily,SP Lv.15,15.700003,底力
66525,Forsaken tale,IN Lv.16,16.6,-
66540,急性恋愛中毒,IN Lv.14,14.700003,楼梯
6657,Antipode,IN,14.0,-
66634,QuomodocunquizE,AT Lv.19,19.000004,底力+多押+楼梯+32分+变速+耐力+高BPM+纵连+叠键+位移
66643,it brings back memories. though there was nothing in those days.,AT Lv.18,18.700003,底力+多押+楼梯+32分+变速+耐力+位移
66666,MTMTM,IN  Lv.15,15.0,楼梯
66703,光年之外,RE  Lv.13,13.600002,32分
66724,Rebuff,AT  Lv.16,16.800003,底力+爆发+耐力+纵连
66783,曾有青鸟衔枝来,HD Lv.14,14.0,楼梯+32分
66787,君に会えた日 (TV size),IN  Lv.12,12.1,-
6679,笼,CAGE Lv.12,12.0,楼梯
669,Never Gonna Give You Up(Camellia Remix),IN Lv.15,15.0,-
66903,Burn (Haocore Mix),IN Lv.15,15.6,-
66908,Moonfall - 大月墜落狂想,IN  Lv.17,17.2,底力+楼梯
66939,Oceanus,IN Lv.15,15.900001,底力+楼梯+爆发+位移
66968,Stellaria,AT Lv.18,18.1,底力+多押+爆发+耐力+高BPM+位移
66995,分からない,AT Lv.18,18.2,底力+多押+32分+爆发+变速+耐力+叠键+位移+定轨
67027,芽吹くとき (TV size),IN  Lv.13,13.200001,-
67048,The Everlasting Rain,AT Lv.17+,17.5,底力+多押+楼梯+32分+变速+耐力+位移
67076,Infinity Heaven,AT Lv.14,14.0,底力+爆发
67100,Unsigned Amalgam,IN lv.16,16.6,楼梯+变速+高BPM+纵连+叠键+位移
67105,Cutie Mew Mew Magic,IN Lv.15,15.400002,多押+楼梯+32分+变速+耐力+位移
67127,BB88,HD Lv.10,10.200001,-
6722,Meta-Mysteria,IN LV.14,14.900003,多押+32分+变速+位移
67276,FUNK NA MIRA,AT Lv.15,15.0,32分
67290,El-Dorago,IN  Lv.16,16.400002,底力+楼梯+变速+纵连+位移
6730,Bad Apple！！,SB Lv.14?,10.0,32分
67311,Swift Swing,IN Lv.15,15.400002,楼梯+变速+位移
67314,Hectopascal (TV size),IN  Lv.14,14.699999,-
67339,春風 (feat.nakotanmaru),IN Lv.13,13.200001,-
67380,ユーレカ・エヴリカ,IN Lv.14,14.900003,楼梯+爆发+位移
67462,下一站 (Beyond This Station),IN Lv.16,16.0,底力+楼梯+爆发+耐力
67497,the EmpErroR(Full ver.),IN Lv.16,16.6,底力+耐力+高BPM+叠键
67499,Future Downloader(short ver.),AT Lv.17,17.400002,底力+楼梯+变速+耐力+高BPM+位移+定轨
67529,Thank you for playing,EME Lv.17,17.0,底力+多押+32分+爆发+变速+耐力+叠键+位移+定轨
6756,忘れてやらない,IN Lv.15,15.200001,底力+多押+楼梯+变速+耐力
67571,贄-nie-,14,14.0,32分+变速+位移
67573,レグルスリベリオン,AT Lv.17,17.0,底力+32分+变速+位移
67635,下一站,IN  Lv.16,16.1,楼梯+耐力+位移
6769,Valkyrie,IN Lv.15,15.200001,楼梯
67776,Atomic Disassembler,TIEBREAKER,10.0,底力+多押+楼梯+32分+变速+耐力+高BPM+叠键+位移
6778,Polumnia Omnia,IN LV.15,15.1,定轨
67783,"it brings back memories. though there was nothing in those days, ""nothingness"" was still there.",AT Lv.16,16.2,32分+变速+耐力+位移
67787,QuomodocunquizE,IN Lv.16,16.900003,底力+楼梯+变速+耐力+高BPM+位移
67788,The Promised Land,IN Lv.14,14.0,-
67804,感情グラス（牡丹ver.）,酔い,14.0,楼梯
6781,琵琶行,IN Lv.15,15.0,耐力
67817,siren's eye,AT Lv.17+,17.700006,底力+多押+楼梯+32分+变速+耐力+高BPM+纵连+叠键+位移+定轨
67836,GEOLOGICAL//IRRESOLUTION,AT Lv.17,17.0,底力+多押+32分+变速+耐力+高BPM+叠键+位移
67873,ΞxistentialisΣ,AT Lv.17,17.0,底力+32分+变速+高BPM+位移
6789,Time to beat the odds.,RE Lv.15,15.400002,多押+爆发+纵连+位移+定轨
67890,Time Machine,HD Lv.6,6.799999,32分
67892,色を喪った街 ～遺街～,THE LAST : LV. 19,10.0,底力+多押+楼梯+32分+变速+耐力+叠键+位移+定轨
67906,クチナシの木が朽ちる前に,AT Lv.14,14.900003,32分
67919,RENDA JOCEKY,AT Lv.16,16.900003,底力+楼梯+爆发+变速+耐力+纵连+叠键+位移
67921,千本桜,IN Lv.16,16.400002,楼梯+爆发+耐力
67945,Glitch Street (ARForest Remix),IN Lv.15,15.800003,底力+爆发
67951,TECHNiCAL REVOLUTiON,AT Lv.17,17.0,底力+多押+变速+耐力+位移
6798,Shinonome,IN Lv.15,15.300001,楼梯+变速+纵连
6800,Distortion!!,IN Lv.14,14.8,楼梯+32分+变速+纵连
68007,Fragments of You,AT Lv.17,17.2,底力+多押+32分
68029,SOAP MUMMIES,SV  Lv. ζ,15.0,-
68078,恋せよ乙女!（恋爱吧少女！）,AT Lv.16,16.5,多押+32分+变速+耐力+高BPM+位移
68088,Euphoria (feat. Tsugumi Nagahara),AT Lv.16,16.700003,32分+耐力
68240,Calamity of the Mystic Garden : Doom,AT Lv.18,18.300001,底力+多押+楼梯+32分+变速+耐力+位移
68246,petals,IN Lv.16.1,1.0,底力+爆发+耐力+位移
68248,怒槌,IN Lv.15,15.800003,底力+楼梯+爆发+耐力
68267,トゥルーエンド,AT Lv.15,15.1,32分
68282,ÅMARA(大未来電脳),IN Lv.16,16.300001,变速+高BPM
6832,Rush E,IN Lv.15,15.400002,底力+楼梯+爆发+纵连
68325,GOODWORLD,IN Lv.15,15.000005,多押+爆发+位移
68398,Life Goes On,IN Lv.13,13.200001,-
68528,Cutie Mew Mew Magic,IN Lv.15,15.6,楼梯+32分+变速+耐力+位移
68588,Fantasia Sonata Sky Syndrome,IN  Lv.15,15.199995,-
68591,イグニッション,IN Lv.14,14.0,楼梯
68609,夏影,IN Lv.12,12.1,-
6869,DEMONS IN MY SOUL,IN Lv.12,12.400001,读谱
68693,MARENOIA,SP Lv.?,10.0,-
68751,えがお･シング･あ･ソング,IN  Lv.14,14.899999,楼梯
68822,MARENOIA,AT  Lv.14,14.1,-
68840,晴天,IN Lv.11,11.300002,-
68848,起死開戰,IN Lv.15,15.900003,-
68865,Ocean Illustration,IN Lv.14,14.0,-
68882,Dance with Silence,AT Lv.17,17.099998,-
68885,閾限狀態(Liminα1 Stαte),IN Lv.16,16.1,变速+位移
68887,神鳴,IN Lv.16,16.600002,底力+楼梯+变速+耐力+位移
689,Star Fall in Evernight City,IN Lv.14,14.600002,32分
68917,神威,AT Lv.16,16.0,底力+32分+变速+耐力
68941,ephemeralization,AT Lv.17,17.100004,底力+32分+变速+耐力+位移
68967,Dahlia,IN Lv.15,15.500002,-
6900,LoonBoon,IN Lv.15,15.0,楼梯+32分
6901,トンデモワンダーズ,IN.15,15.0,-
69045,スピカ,15.2,15.200006,多押+32分+位移
69071,dream of utopia,IN Lv.15,15.600002,-
69077,Intervallo VII-1 Boss Battle Theme,lv.15,15.0,耐力
6910,Nostalgia,FM Lv.14,14.1,-
69112,Σquinoχ,IN  Lv.15,15.900003,楼梯
69143,衛星,IN Lv.15,15.1,楼梯+32分
69170,"it brings back memories. though there was nothing in those days, ""nothingness"" was still there.",AT Lv.17,17.500002,底力+多押+32分+爆发+变速+耐力+位移
69226,H O P E L E S S,IN Lv.15,15.900003,耐力
69230,La Fouldre,AT  Lv.17,17.2,底力+32分+变速+高BPM
69265,Trojan,AT Lv.16,16.600002,32分+变速+叠键+位移
69317,反乌托邦+拼接遗憾+Sinos De Natal,IN Lv.14,14.7,多押+32分
69319,Aimless Drifting,IN Lv.16,16.300001,楼梯+变速+高BPM+位移
69324,CLOVER,IN  Lv.16,16.0,楼梯
69413,熱風,AT Lv.17,17.300001,底力+32分+爆发+变速+位移+定轨
69419,Still Shining (feat. 重音テト),AT Lv.14,14.0,32分
69495,Unraveling Stasis,AT Lv.18,18.400003,底力+多押+32分+变速+耐力+高BPM+位移
69521,Callisto,IN  Lv.16,16.400002,-
69530,Poison (Live Edit),Fm Lv.15,15.0,楼梯
69555,La Fouldre,AT Lv.17,17.0,底力+多押+32分+变速+耐力+高BPM+位移
69556,ここから、ここから,Start Lv.15,15.0,楼梯+耐力+纵连
6956,Blackbird,AT  Lv.18,18.100004,底力+多押+32分+变速+耐力+位移
69561,时  (《时光□□人 第三季》OP),IN  Lv.14,14.2,-
69634,2021年の魔法使いたち,AT Lv.13,13.200001,爆发
6965,epilogue,IN Lv.13,13.900003,-
69692,ウミユリ海底譚,IN Lv.13,13.200001,多押+32分+耐力
69696,刀刃所栖之物,IN Lv.16,16.300001,底力+楼梯
69739,超·东方不眠夜,AT Lv.15,15.400002,-
69741,Fated Dest1ny,IN Lv.16,16.6,底力+爆发+耐力+位移
69752,Re Aoharu,IN Lv.13,10.0,多押+楼梯+32分+变速+纵连+位移
69754,神っぽいな,SP Lv.15,15.700003,32分+耐力
69816,ALL☆NIGHTER!,IN Lv.15,15.1,楼梯+变速
69832,Umikaze Moment,IN  Lv.14,14.7,-
69833,Travel Begins,IN  Lv.14,14.700003,-
6990,Constant Moderato,IN Lv.13,13.300001,多押+32分
69901,星降る夜と一輪の花,AT Lv.18,18.0,底力+多押+楼梯+32分+变速+耐力+位移+定轨
69939,Amore,Love Lv.14,14.600002,楼梯+32分
6995,外婆桥-雪狐桑的翻唱,IN Lv.12,12.300001,楼梯+32分
69964,BRAVE：ROAD,BR Lv.16,16.500002,底力+高BPM
69977,Viyella's Scream,IN  Lv.16,16.0,底力+爆发+耐力+高BPM
70000,三月雨,IN Lv.13,13.0,-
70019,雨露霜雪 (long ver.),Expert Lv.16+,16.6,底力+多押+耐力+高BPM+位移+定轨
70063,我愛你-上海蟹-,IN Lv.13,13.500002,32分
70097,逆转时光,IN 13,13.0,-
70117,ATLAS RUSH,AT Lv.16,16.700003,底力+多押+32分+变速+耐力+位移
70132,World's end BLACKBOX,IN Lv.16,16.400002,底力+爆发+耐力+位移
70154,极效方案 Note of Effective Settlements,IN  Lv.14,14.500002,楼梯+纵连
70173,初音ミクの消失,IN Lv.16,16.2,底力+耐力+高BPM+定轨
70183,World's Eclipse,IN Lv.16,16.400002,耐力+高BPM
70220,八荒 ~The Glorious World~,AT Lv. [Desolate],18.300001,底力+多押+楼梯+32分+变速+耐力+叠键+位移+定轨
70268,Eschatology,IN Lv.16,16.0,底力
70279,Night Theat+er Etude,AT Lv.16,16.0,多押+32分+爆发+变速+耐力+位移
70351,Gryphone,IN Lv.16,16.2,底力+楼梯+变速+纵连+定轨
70404,Song for Sprites,IN Lv.13,13.9,-
70419,树海晕动症,IN Lv.15,15.0,32分+高BPM
7043,情结,♡,11.499997,32分+高BPM
70437,シスターに懺悔を,IN Lv.14,14.300001,-
70465,China-P,IN Lv.14,14.0,-
70475,Amatsukami,AT Lv.18,18.1,底力+多押+32分+爆发+变速+耐力+位移+定轨
70497,连烦恼也融入天空,IN Lv.15,15.300001,-
7052,ギザバ怪文書,AT Lv.16,16.700003,底力+多押+32分+变速+耐力+高BPM+叠键+位移
70536,REINCARNA✝ION!! Idol Graduation,IN Lv.15,15.600002,-
70621,粉骨砕身カジノゥ,IN Lv.16,16.1,底力+楼梯+爆发
70629,Quaoar,AT Lv.16,16.400002,底力+爆发+耐力+位移
70693,Particles,IN Lv.14,14.0,-
70713,百鬼֎夜行,IN Lv.16,16.1,底力+爆发+位移
70727,REINCARNA✝ION!! Idol Graduation,IN Lv.15,15.600002,楼梯
70761,メシア,IN  Lv.15,15.200001,楼梯
70895,allurements,IN Lv.16,16.0,楼梯+变速
70898,Loadstar,IN Lv.12,12.400002,-
7090,Cryout,IN Lv.14,14.0,-
70923,The De[i]fied,IN Lv.15,15.4,-
70957,Disordered Space,AT Lv.16,16.0,楼梯
7100,Angel Dust,IN Lv.4,15.400002,底力+爆发+耐力+位移
7103,Faithtival,IN Lv.15,15.600002,多押+位移
71032,シリーテラー (feat. IA),IN Lv.15,15.200005,底力+耐力+纵连
711,Ice Flower,IN Lv.12,12.9000025,-
7112,国风鸡你太美（哦呼w remix）,IN  Lv.13,20.0,-
71146,起死開戦,IN  Lv.15,15.600002,楼梯
71184,Absolute Domination,IN Lv.16,16.900003,底力+楼梯+爆发+耐力+高BPM+位移
71186,神っぽいな,IN Lv.13,13.200001,-
71246,Night Drawmers,IN,14.0,爆发
71264,シェーク,IN Lv.15,15.400002,-
71266,-止水莲华-Muzi-,AT Lv.16,16.0,多押+楼梯+32分+爆发+位移
71272,Dream Of The Forest,IN Lv.14,14.0,-
7128,张宇宙,IN Lv.13,13.500002,-
71317,PROOF,IN Lv.13,13.2,32分+高BPM+定轨
7134,「±0」,IN Lv.14,14.0,耐力
71351,Fatum Cantabile,IN  Lv.16,16.300001,32分+变速+耐力+高BPM+位移
7137,Requiem Cataclysm,IN Lv.11,11.900003,-
7142,蜘蛛絲Monopoly,IN Lv.15,15.800003,32分+耐力
71434,STARGAZERS,IN Lv.16,16.0,楼梯+变速+耐力+位移
71547,Garakuta Doll Play,IN Lv.16.0,14.2,多押+32分+变速+高BPM+位移
71574,How To Make 音ゲ～曲！,AT Lv.16,16.0,多押+楼梯+32分
71656,KING,IN  Lv.14,14.200004,楼梯+纵连
71707,Resistance,AT Lv.17,17.400002,耐力+位移
71712,666,EXH Lv.17,17.0,底力+多押+楼梯+32分+变速+耐力+位移+定轨
71727,Candy Step,IN Lv.13,13.0,-
71731,"love me,love me,love,me（ft. Ado）",AT Lv.?,10.0,底力+耐力+高BPM
71803,一瞬֍幻夢,AT  Lv.17,17.900003,底力+多押+楼梯+32分+变速+耐力+高BPM+叠键+位移+定轨
71841,Comet Coaster,IN  Lv.16,16.1,-
71873,B1K2-Z3T4,AT Lv.17,17.400002,底力+变速+耐力+高BPM+位移
7191,Glory Steady Go!,PJSK,13.0,-
71924,Artificial Chariot(Ssimille remix）,IN Lv.16,16.1,底力+爆发
71941,爱情讯息,HD.8,7.999994,读谱
71964,Fine Logic,IN Lv.16,16.300001,楼梯
71994,c.s.q.n. (2026 Remaster),AT  Lv.17,17.0,底力+多押+爆发+变速+耐力+纵连+位移+定轨
72,%UnDeciphered-CryptoGraph in the Edifice%,IN,15.900003,底力+爆发+纵连+位移
72016,DOMINATOR,IN Lv.16+,16.6,底力+楼梯+变速+耐力+纵连
72026,残機,IN Lv.14,14.500002,32分
7204,寝起きヤシの木,IN LV.13,13.3,多押+32分
7205,Cosmic Quickness,IN Lv.14,14.200001,-
72075,-无隙命运之外-,AT Lv.16,16.800003,32分+读谱+变速+位移
72162,连烦恼也融入天空,AT Lv.16,16.300001,32分+变速
72203,Heart of Android： Even If It's Only By Mechanism,AT Lv.?,17.800001,底力+变速+耐力+高BPM
7222,遨游神秘洋,IN Lv.12,12.700003,-
72238,-Libra-,IN Lv.16,16.0,变速+耐力+高BPM
72277,Fatum Cantabile,AT Lv.17,17.0,底力+多押+32分+变速+高BPM+叠键+位移
7228,星穹铁道 - 太空漫步 (PIKASONIC Remix),IN Lv.14,14.600002,-
72310,QuomodocunquizE,SP Lv.?,20.0,底力+楼梯+读谱+变速+耐力+高BPM+叠键+位移+定轨
72367,バカみたいに,IN Lv.14,14.800003,-
72437,抜錨（ウォルピスカーター cover.),IN Lv.15,15.1,-
72444,Luminous,RS Lv.15+,15.900001,32分
72445,PlayStation 8,AT  Lv.17,17.700003,32分+耐力
72446,Vermilion,IMPRESSION Lv.14,14.500002,-
7247,Future,FUR,13.0,楼梯+纵连
7254,恋染色,IN Lv.14,14.0,-
72551,marguerite inorganique,AT  Lv.18,18.300001,底力+楼梯+变速+耐力+位移
7257,国士無双,AT Lv.16,16.5,底力+楼梯+变速+耐力+高BPM+位移
72600,Seimei no Genya,AT Lv.18,18.600002,底力+多押+楼梯+32分+变速+耐力+位移
7270,夏天幻游日记,IN LV.13,13.300001,-
7272,GIFT,IN Lv.15,15.600002,多押+32分+变速+耐力+位移
72746,Weaver & Wanderer,IN  Lv.16,16.0,爆发+位移
72750,remИant,AT  Lv.17,17.599998,多押+楼梯+32分+变速+耐力+位移
72777,Рорру,IN Lv.16,16.400002,底力+多押+楼梯+高BPM
72786,Ouvertüre,AT Lv.16,16.800003,底力+多押+楼梯+32分+变速+耐力+叠键+位移
72828,Crystallize,AT Lv.16,16.500002,耐力+位移
72933,在东北的小偶像,AT  Lv.14,14.800003,32分+耐力
72955,スプリットダンス,IN Lv.16,16.0,楼梯+32分
7298,それは、真昼の彗星,IN Lv.12,12.600002,32分+耐力
72988,Melodiniq,ULT  Lv.18,18.600002,底力+楼梯+爆发+变速+耐力+位移
72993,SPOOKY Abyssal Vow,AT Lv.18,18.500002,底力+32分+变速+耐力+定轨
73014,Kakera,AT Lv.16,16.900003,底力+楼梯+32分+耐力+位移
73061,Tales of Misery,AT Lv.16,16.0,底力+多押+耐力+位移
7308,囍,LV IN.6,6.4,楼梯+32分+变速+纵连+位移+定轨
73103,Amphisbaena,ST Lv.17+,17.700005,底力+楼梯+耐力+位移
73110,ループザルーム,IN Lv.15,15.0,楼梯+32分
73165,D8 ~Entry of the Apeirosifer~,EZ Lv.8,8.800003,定轨
7319,デッドマンズバラッド,IN Lv.15,15.9,楼梯+变速+耐力+高BPM+纵连+叠键+位移
7322,Where Are You,IN Lv.13,13.900001,32分
7328,Le Porteur d'Ombre,AT  Lv.17,17.0,底力+多押+楼梯+32分+变速+耐力+高BPM+纵连+位移
7334,Find_me,AT Lv.15,15.0,32分+变速
7425,夜的钢琴曲五,HD Lv.9,9.0,32分
7433,黑暗森林,IN Lv.14,14.600002,多押+32分
745,Rush E,AT Lv.16,16.800003,底力+多押+楼梯+变速+耐力+高BPM+纵连+叠键
7454,Nightglow,IN,8.499997,纵连
7472,Emulisy,AT.,16.500002,底力+多押+32分+变速+耐力+位移
7486,冰风暴,IN Lv.14,14.200002,-
7515,The Endless for Traveler,AT Lv.16,16.600002,底力+多押+32分+变速+耐力+叠键+位移+定轨
7518,Time Traveler,IN Lv.14,14.300001,楼梯+耐力
7519,BiBiC HEART,IN Lv.13,13.800003,-
7520,HERO,IN Lv.15,15.0,楼梯+32分+耐力
7534,よいまちカンターレ,もも Lv.14,14.400002,-
7543,Grasswalk,HD,12.000009,楼梯
7563,Jack Out Killer,AT Lv.17,17.000004,底力+多押+32分+爆发+变速+耐力+位移
759,Soulwind,AT Lv.16,16.800001,底力+多押+32分+爆发+耐力+位移
7591,無意識レクイエム (cosmobsp rmx) ,地灵殿,15.099999,32分+耐力
7601,Acht Streiks,IN  Lv.15,15.699999,耐力+高BPM+位移
7608,LIGHTNESS,IN Lv.13,13.8,读谱
7616,カサネテク,Player Lv.15,15.2,多押+32分+耐力+叠键+位移
7640,Bad Elixir,AT  Lv.17,17.2,底力+多押+32分+变速+耐力+位移+定轨
7698,航向未来,IN Lv.13,13.200001,-
7731,Winter ↑cube↓,AT Lv.14,14.0,多押+32分
7734,Anything,IN Lv.14,14.400001,-
7746,视界巡航,SPACE Lv.13,13.0,-
7762,粉骨砕身カジノゥ,IN Lv.14,14.0,多押+楼梯+32分+变速+叠键
778,蜘蛛糸モノポリ,IN Lv.15,15.200001,多押+32分+耐力
7791,Effervescence,IN.Lv.14,14.0,-
7794,冉冉升起，直播新星,SP.14,14.1,多押+32分
7796,水龙吟 Samudrartha,In Lv.13,13.900001,32分+叠键+位移+定轨
7799,RASeed,AT Lv.17,17.000004,32分
7804,Shed a Light,IN Lv.14,14.1,32分
7832,天空の華,IN  Lv.15,15.099999,爆发
784,Never Gonna Give You Up(speed 1.25),IN,14.400002,-
7852,NightTheater,AT Lv.16,16.300001,爆发+变速+纵连+叠键+位移
7882,R.I.P,IN Lv.14,14.0,-
7883,Siegfried,Lv. 14,13.400002,-
7898,NightTheater,Legacy Lv.14,14.899999,爆发
7907,When We Wish a Upon a Star,哇呼,11.000004,-
7913,起风了,IN Lv.13,13.0,-
7917,キメラ,キメラ Lv.17,17.2,底力+多押+32分+变速+耐力+高BPM+叠键+位移
7918,恋愛サーキュレーション(恋爱循环),IN  Lv.13,13.8,-
7932,Deda Dash,IN Lv.15,15.500003,纵连
795,田中,AT Lv.16,16.2,底力+楼梯+耐力+纵连
7950,Komorebi,IN Lv.13,13.0,-
7953,Do Better(New Version),IN Lv.13,13.900003,-
7969,Baby,IN Lv.15,15.1,32分+耐力
7971,Love Kills U,AT Lv.15,15.1,多押+位移
7979,ЯeviveR,AT Lv.17,17.0,底力+多押+32分+爆发+变速+耐力+高BPM+位移+定轨
7981,Solitude Rain (TV Size) ,IN Lv.14,14.300001,楼梯
7985,野火 Wildfire,AT Lv.14,14.500002,-
7993,Step by Step,IN Lv.14,14.400002,-
7995,ANU,AT Lv.16,16.0,底力+变速+耐力+高BPM+叠键+位移
8026,Turn Back Time,IN Lv.13,13.0,32分
8031,Luminous Memory,IN Lv.12,12.700003,-
8033,妄想PARANOIA,ME Lv.NaN%,14.0,-
8053,マリンブルーに沿って,IN Lv.13,13.200001,-
8063,エンドマークに希望と涙を添えて,IN Lv.15+,15.900003,底力+多押+耐力+高BPM+位移
8064,Vs. Frisk [Battle In Chaos],SP Lv.15,15.0,楼梯+读谱
8107,子狼と星からのお姫様,IN Lv.13,13.400001,32分
8110,群青,IN  Lv.14,14.700003,32分+叠键
8113,航向未来,EZ Lv.7,7.0,-
8115,Far away,FURRY Lv.14,14.0,楼梯
8121,朧月,lN Lv.14,14.400002,爆发
8145,わたしたちのクエスト(Short Ver),Game,11.999996,-
8149,Fluctuate,Legacy Lv.15,15.599999,底力+楼梯+爆发
8151,异变危机,IN LV.14,14.1,楼梯
8155,火花,IN Lv.13,13.400002,-
8165,mopemope,IN LV.12,12.6,-
8184,冲破穹顶,IN Lv.14,14.800003,-
8205,MapleCamp☆ (Phira UI Ver.),TS Lv.11,11.800003,-
8219,Forest Nusi,IN Lv.14,14.500002,-
8225,雪月舞华-Snow dance,HD Lv.11,11.1,楼梯
8231,SWAG!!,IN Lv.14,14.300001,叠键
8237,すずめ,IN Lv.11,11.0,-
8239,东京不太热,IN Lv.13,13.800003,32分+耐力
8270,mimizuqu (feat. ダズビー),IN Lv.11,11.000004,32分
8273,恋ひ恋ふ縁,YZ Lv.14,14.500002,32分
8307,Misty Memory (Night Version),IN Lv.14,14.300001,-
8323,憾,IN  Lv.11,11.500002,-
8341,Avantgarde,IN Lv.15,15.900003,底力+爆发+耐力+位移
8352,BREaK! BREaK! BREaK!,HD  Lv.13,13.300001,爆发
8410,What Makes You Beautiful(Piano Ver.),IN Lv.13(13.8),10.0,-
846,不老不死,FM Lv.14,14.5,-
8494,MILK,SP Lv.?,14.599999,楼梯+纵连
8504,桃花舞姬,IN 13,13.499998,-
8562,Fluctuate,IN Lv.15+,15.900003,底力+楼梯+爆发+位移
8569,ブーケガルニ,IN Lv.14,14.200001,楼梯+32分+变速
8579,1212。,IN Lv.14,14.0,楼梯+32分
8618,ハッピーフェイクショー,IN Lv.15,15.0,纵连
8619,深夜徘徊,IN Lv.13,13.3,楼梯
8632,绍兴,IN Lv.13,13.0,-
8636,THE END,16.1,16.100002,底力+爆发+耐力+位移
8653,アイドル (feat. 初音ミク),AT Lv.16,16.300001,多押+32分+变速+耐力+位移
8667,Running in The Night,IN Lv.15,15.900003,多押+32分+耐力
8684,Snow Halation (SIF ver.),Master,10.0,楼梯
8693,霞光,IN Lv.12,12.800003,楼梯+爆发
8695,Echo,IN Lv.15,15.300001,爆发+定轨
8713,Shot at night,IN Lv.14,14.0,32分
8718,Left & Right （3rd）,IN Lv.13,13.1,楼梯+高BPM
8720,洞穴,RF Lv.6,14.7,楼梯+纵连
8728,Pray,IN Lv.13,13.0,32分
8730,Pixel Time,IN LV.14,14.0,纵连
8736,The NightScape,IN Lv.14,14.6,-
8737,Southern Cross,IN Lv.15,15.200001,底力+爆发+耐力+位移
8740,Broken Altair,IN Lv.16,16.0,多押+楼梯+32分+读谱+变速+耐力+叠键+位移
8741,Bring It On,IN Lv.夕,10.0,32分
8746,小城夏天-雪狐桑的翻唱,IN lv.13,13.0,32分
8747,Mid Night Metropolitan Highway（90s Version）,IN Lv.14,14.0,多押+32分
8749,月华舞,IN Lv.14,14.400002,32分+耐力
8756,The Last Page,IN  Lv.15,15.0,底力+爆发+位移
8758,Star Fall in Evernight City,AT  Lv.16,15.500002,多押+楼梯+32分
8760,スタートリップ,IN Lv.12,12.200001,-
8765,Eligos,EG Lv.16,16.500002,底力+多押+爆发+耐力+高BPM+叠键+位移
8767,ABABABA BURST,IN,14.600006,定轨
8770,マネキン,MIKU LV.39,15.2,变速+纵连
8786,ナイト・オブ・ナイツ (USAO Remix),IN Lv.15,15.900003,多押+32分+变速+位移+定轨
879,ねぇねぇねぇ,Na Lv.14,14.700003,多押+32分+耐力
8810,Starry Night and A Flower,IN Lv.14,14.0,楼梯
8815,Star Fall In Evernight City,IN Lv.14,14.200001,楼梯
8827,XODUS,AT LV.16,16.1,底力+多押+32分+爆发+变速+耐力+位移+定轨
8836,Starlight,IN  Lv.13,13.0,32分
8840,Unlimited Hyperlink,IN Lv.16,16.2,底力+多押+变速+耐力+高BPM+纵连+叠键+位移
8841,くうになる,IN Lv.14,14.799999,多押+32分+变速+耐力
8842,野火 Wildfire,,14.9000025,-
8855,疾風忍殺わらにんじゃ,IN,13.500005,楼梯+耐力
886,拝啓,IN Lv.14,14.900003,多押+32分+耐力
8860,HIGHLIGHT(PERFORMANCE TEAM),IN Lv.13,13.400001,楼梯+高BPM
8881,NightTheater,IN,15.200002,爆发
8897,The King's Return,IN LV.15,15.200001,多押+32分
8899,緋色月下、狂咲ノ絶 (nayuta 2017 ver),IN Lv.15,15.400002,-
891,太空电梯,N\.OSS,14.200018,-
8923,Moonlight Sonata (3rd movement)(Megeneko Remix),IN Lv.14,14.0,底力+耐力
8931,不识月,IN Lv.13,13.200001,-
8939,SPOOKY GLITCH NIGHT,IN Lv.15,15.2,变速+耐力+纵连
8975,Startail,IN Lv.15,15.300001,-
8986,The Crisis,IN Lv.13,13.7,-
9002,虚,IN Lv.14,14.0,楼梯
9003,星屑ユートピア,IN Lv.14,14.5,32分+耐力
9032,Falling Again,FALLING Lv.15,15.100004,楼梯+纵连+叠键
9044,Ascension to Heaven,IN  lv.15,15.7,底力+爆发+耐力+位移
9047,TWINKLE★MAGIC,IN Lv.15,15.300001,楼梯+32分
9049,The Station,Station Lv.13,13.6,-
9059,Bookmaker (2D Version),IN Lv.15,15.400002,底力+多押+爆发+耐力+叠键+位移+定轨
9067,Dawn Saga,AT Lv.16,16.9,底力+多押+位移
908,コトダマ紬ぐ未来,IN Lv.14,14.0,-
9098,Memento(inst.),In Lv.14,14.700003,32分+定轨
9105,モア！ジャンプ！モア！,IN Lv. 14,14.1,32分
9113,The Last Page,IN Lv.15,15.699999,底力+爆发+位移
9146,蝎虎天体 -Lacertid-,FR Lv.15,15.600002,多押+32分+变速+高BPM+位移
9153,Dipantrea,IN Lv.13,13.0,-
9168,Code Paradiso,IN Lv.13,13.400002,-
9172,secret star,IN  Lv.14,14.0,32分
9189,月詠に鳴る,IN Lv.15,15.0,楼梯
9198,Angel's Salad,AT Lv.16+,16.9,底力+多押+32分+变速+耐力+叠键+位移
9203,九龍霓虹街,AT Lv.16,16.4,楼梯+位移
9220,室内系的Trackmaker,IN LV.14,14.0,多押+楼梯+32分+变速+耐力+纵连+位移
9222,Constellation,IN  Lv.14,14.1,楼梯+爆发+纵连
9246,Vedfolnir,AT Lv.17,16.9,底力+多押+爆发+耐力+位移
9276,ハートダッシュ,Birthday! Lv.14...?,14.8,32分
929,Journey To The Rainbows,IN Lv.13,13.599997,楼梯+32分
9296,ダーリンダンス,IN Lv.14,14.700003,多押+32分+位移
9299,Palescreen,IN Lv.14,14.0,底力+爆发+叠键+定轨
930,ショウタイム・ルーラー (Game ver.),IN Lv.14,14.500002,-
9307,Xetta,HD Lv.15++++,15.999998,底力+多押+耐力+纵连+位移
9314,NULCTRL,IN Lv.13+,13.9,纵连
9322,Bloody Mary x Skibidi Bop Yes Yes (Tik Tok Edit) (Remix),IN,14.400001,32分+定轨
9323,God Knows...,IN Lv.14,14.1,-
9324,ACID is my DNA,Fm Lv.15,15.300005,楼梯+纵连
9325,Cold Pizza,Fm Lv.15,15.299999,底力+楼梯+高BPM
9343,Colorful Days♪,Colorful Lv. 14,14.0,-
9384,PUPA (uma Remix),IN Lv.15,15.600002,底力+多押+爆发+耐力+位移
9385,ARTEMiS,IN Lv.15,15.1,楼梯
9392,回レ! 雪月花（HHW.ver）,IN Lv.14,14.500002,位移
9416,oppressive,AT Lv.15,15.800003,楼梯
9432,Regeneraxion(EndCat Remix),IN Lv.15,15.0,楼梯+定轨
9436,v!rtuaresort,IN Lv.15,15.500002,位移
9452,Le Porteur d'Ombre,IN Lv.16,16.400005,底力+高BPM
946,R.I.P.,IN Lv.14,14.800003,-
9464,Recollection,IN Lv.15,15.099999,-
9465,星相运轨-The End of Time-,IN Lv.15,15.0,楼梯+爆发+定轨
9502,Xb10r,IN,15.0,底力+爆发
9523,Best Song Ever,IN Lv.14,14.900004,32分
9528,驟雨の狭間,AT Lv.15,15.500002,底力+楼梯+爆发+耐力+纵连
955,私は、私達は (Game ver.),IN Lv.13,13.700003,32分
9555,SWAG!!,IN Lv.14,14.900003,多押+32分
9568,Deep Eclipse,IN,12.000008,叠键
9593,室内系的Trackmaker,IN Lv.14,14.400002,多押
9615,Termination of Desires 何妄何执,FM Lv.14,14.6,-
9621,Halloween,FM Lv.14+,14.8,爆发
9627,R,IN Lv.13,13.700003,纵连
9640,Knight Rider,IN Lv.15,15.300001,多押+变速+纵连+位移
9653,Dreamin' Attraction !!,IN  Lv.15,15.6,底力+爆发+位移
9655,What's up? Pop!,AT Lv.16,16.0,底力+多押+楼梯+32分+变速+耐力+位移
9656,Dustwind,IN  Lv.15,15.800003,底力+爆发+耐力+位移
9669,シルエット（剪影）,13,13.9,耐力
9671,Ascension To Heaven,IN Lv. 15,15.9,底力+爆发+耐力+位移
9687,ouroboros-re;birth-,IN.15,15.800001,楼梯+爆发+耐力
9688,Sound Chimera,IN,15.400001,底力+楼梯+位移
9690,Dream It Possible（曙光版）,IN Lv.13,13.300001,32分
97,罂粟花冠 Forgotten ver.,IN,14.600002,-
971,777,$P,16.0,底力+多押+楼梯+32分+变速+耐力+位移+定轨
9711,The Survivor (Game Edit),IN Lv.14,14.0,底力+定轨
9727,self-dissociation,IN Lv.15,15.500002,底力+爆发
9736,猫之茗片尾曲,HD Lv.12,12.0,32分
9750,有兽焉,SP Lv.?,10.0,楼梯+32分+纵连
9761,1/100のアイ,IN Lv.13,13.300002,32分
9762,Comet Coaster,IN  Lv.15,15.1,楼梯+叠键+定轨
9768,朧月夜,IN Lv.13,13.4,32分
9798,Revelation,IN Lv.15,15.5,底力
9830,Infection,AT Lv.15,15.700003,底力+楼梯+纵连
9851,初识之歌,Cycle Lv.14?,13.999999,32分
9869,p.h. (Magens remix) 【Full ver.】,IN Lv.14,14.700003,32分
9877,Midnight,IN Lv.15,15.200001,-
9883,PANDORA PARADOXXX,HD Lv.13,13.400002,位移
9889,Waves,AT Lv.16,16.1,32分+定轨
99,Sanctuary,IN Lv.15,15.400002,32分
9903,Fractures,IN  Lv.13,13.800003,楼梯+定轨
9907,One Last Kiss,EVA Lv.14,14.0,定轨
9909,"Kiss Me,Kill Me",LV.13,13.0,-
9912,只有0人的华尔兹(0人ぼっちのワルツ),IN Lv.0,15.2,-
9913,地势坤,IN Lv.13,13.300001,32分
9919,αterlβus,IN Lv.15,15.600002,底力
9924,★lost umbrella (yuigot Remix),AT Lv.14,14.900004,-
993,初音未来的消失,IN Lv.15,15.6,底力+爆发+耐力+高BPM+位移
9966,ギャンビット,IN Lv.14,14.500001,楼梯+32分+变速+纵连
9977,Fly Away,IN Lv.14,14.0,-
