id,name,diff,level,pred,gb,boost,notes,dur
3,Hyperspace,15.0,IN.15,15.22,13.86,1.36,1483,220.8
4,撥条少女時計,12.0,IN,12.76,12.37,0.39,459,114.8
5, 銀河鉄道のペンギン  (Stripe_P Remix),14.0,IN Lv.14,15.35,14.28,1.07,1533,220.8
6,新•轮回尘世,14.0,IN,14.34,13.12,1.22,982,166.4
13,Nyarlathotep's Dreamland,16.0,AT,17.26,15.57,1.69,1800,139.5
30,夏花,13.700003,IN,14.95,13.51,1.44,1652,243.8
39,Seattle物语 II,12.1,IN,12.02,10.79,1.22,946,227.5
51,Fading Wind,15.200001,IN,15.3,13.59,1.71,1700,275.0
58,らくらく安楽死,14.0,IN.14,13.2,12.3,0.9,871,159.6
65,珐露珊：机巧深诣,12.899999,IN,13.76,13.31,0.44,350,65.4
72,%UnDeciphered-CryptoGraph in the Edifice%,15.900003,IN,16.62,15.37,1.26,1065,110.2
97,罂粟花冠 Forgotten ver.,14.600002,IN,14.83,13.93,0.9,1118,175.3
99,Sanctuary,15.400002,IN Lv.15,15.91,14.78,1.13,1104,146.4
125,Flowers,14.5,IN,12.83,11.76,1.07,738,89.3
126,Internet Overdose,10.0,CT,14.36,13.65,0.71,705,111.3
128,Ēvocator,17.500006,AT Lv.17,17.8,16.02,1.77,1520,138.7
129,浮水净华-Lumo-(Original_Mix),15.900003,IN,16.2,15.28,0.93,1195,146.3
131,Cryheart,14.400002,IN Lv.14,13.77,13.14,0.63,839,129.0
140,Keep Going,13.200001,FM,13.96,13.02,0.94,858,95.9
157,钢琴-アイデン貞貞メルトダウン,8.0,hd,13.3,12.14,1.16,600,89.5
160,春娇与志明,14.0,IN,14.19,13.29,0.9,890,195.2
162,Crossing Delta,16.2,AT,16.72,15.41,1.31,1337,132.2
173,隔岸 (DJ完整版),13.299996,FM,13.81,13.15,0.67,545,118.2
174,ガヴリールドロップキック,13.0,Gabriel,13.43,12.9,0.53,467,83.2
181,夜航星,13.500002,IN,12.21,11.43,0.78,496,111.1
185,★Transcendence,15.900001,IN,16.85,15.42,1.43,2160,189.8
190,Transcendence,15.900001,IN,16.85,15.42,1.43,2160,189.8
193,Terrasphere,13.0,AT,13.52,12.81,0.71,830,145.5
205,灰色鹦鹉,14.7,Gray Lv.14,14.83,14.01,0.83,986,178.6
208,POLKAMAИIA,15.0,IN,16.26,14.98,1.29,1402,111.9
215,失態生態実験体,15.0,IN,15.84,14.56,1.29,1357,193.5
217,T+ VS SHARK,15.500002,SP,16.43,14.85,1.58,2203,163.2
225,Aurora,16.0,AT,17.09,15.63,1.46,1444,134.8
226,目が覚めた時,15.0,IN,15.8,14.69,1.12,1260,138.7
228,核心共振,16.0,IN,16.72,15.57,1.15,1300,143.8
238,ω4,15.0,IN Lv.15,16.27,14.91,1.36,1209,157.0
239,Materialize Anything,15.0,IN,16.57,15.78,0.78,965,131.2
243,無意識レクイエム,514.0,Extra,14.94,14.08,0.86,802,130.8
259,not hummmman,14.300001,FM,14.65,13.06,1.59,1908,182.4
260,Akiba,14.5,IN,14.24,13.2,1.04,761,151.4
285,Quietus Ray,17.100004,"AT Lv.17


",18.1,16.09,2.0,1636,115.7
292,Àqua Prism,14.5,4thPecjam,14.0,13.0,1.0,853,131.0
294,XODUS,16.900002,AT,17.66,15.87,1.79,1670,122.4
295,Àqua Prism,14.5,4thPecjam,14.0,13.0,1.0,853,131.0
307,我在,14.1,Here,12.95,11.95,1.0,687,118.6
319,King Atlantis,17.0,AT Lv.17,18.57,15.48,3.1,4463,287.6
322,黄道、知希朋友と紡ぎありく。,18.0,"STAR""NEVER",18.92,15.83,3.09,2733,156.4
370,Astaroth,16.0,AT,18.28,16.24,2.04,2077,155.9
372,Hemisphere,16.1,AT,15.96,14.95,1.01,869,111.9
377,Horizon Blue,16.700003,AT,17.06,15.71,1.35,1482,160.5
383,Anniv.,13.200001,IN,13.91,12.87,1.04,940,199.0
400,でんでん心電図,15.0,IN Lv.15,15.75,14.3,1.44,1522,260.0
410,躯樹の墓守,16.400002,IN Lv.16,17.12,15.59,1.52,1131,124.5
414,记念,13.200001,IN,9.97,9.43,0.54,374,166.9
422,Between Boundaries,16.600002,AT,17.59,16.21,1.38,1259,114.9
425,Inferno,14.0,IN Lv.14,15.58,14.26,1.32,1125,112.2
439,Break Through Myself,15.500002,IN Lv.15,16.86,15.65,1.21,1185,136.8
442,"Bad Apple!! (Camellia's ""Bad Psy!!"" Remix) ",16.0,AT,16.78,15.23,1.55,2701,275.3
459,Hello (BPM) 2023,17.0,AT,18.62,15.34,3.28,5439,144.4
486,核心共振,16.2,AT,16.2,15.03,1.17,1344,143.8
488,Brainiac Maniac (Re),13.0,IN,14.34,13.77,0.57,666,108.0
523,回レ! 雪月花,14.0,SP Lv.14,13.66,13.11,0.55,553,87.4
528,可愛くてごめん,14.0,qwq Lv.14,14.45,13.16,1.29,1213,209.5
609,R.I.P.,14.0,IN Lv.14,15.22,14.21,1.02,1006,130.0
669,Never Gonna Give You Up(Camellia Remix),15.0,IN Lv.15,14.47,13.66,0.8,1225,166.3
689,Star Fall in Evernight City,14.600002,IN Lv.14,14.73,13.85,0.88,671,119.7
711,Ice Flower,12.9000025,IN Lv.12,12.75,11.95,0.79,587,149.2
745,Rush E,16.800003,AT Lv.16,17.34,15.84,1.5,1555,135.9
759,Soulwind,16.800001,AT Lv.16,17.97,16.22,1.75,2197,212.3
778,蜘蛛糸モノポリ,15.200001,IN Lv.15,15.42,14.13,1.28,1769,257.9
784,Never Gonna Give You Up(speed 1.25),14.400002,IN,14.82,13.61,1.21,1250,155.0
795,田中,16.2,AT Lv.16,17.23,16.05,1.19,1209,131.5
846,不老不死,14.5,FM Lv.14,12.14,10.93,1.22,985,202.3
879,ねぇねぇねぇ,14.700003,Na Lv.14,14.44,13.2,1.23,1270,204.8
886,拝啓,14.900003,IN Lv.14,14.49,12.89,1.59,1640,260.4
891,太空电梯,14.200018,N\.OSS,13.23,12.61,0.62,492,89.3
908,コトダマ紬ぐ未来,14.0,IN Lv.14,13.09,12.55,0.54,485,108.3
929,Journey To The Rainbows,13.599997,IN Lv.13,13.2,12.62,0.57,797,124.7
930,ショウタイム・ルーラー (Game ver.),14.500002,IN Lv.14,13.95,13.22,0.74,606,103.6
946,R.I.P.,14.800003,IN Lv.14,14.42,13.78,0.64,820,137.5
955,私は、私達は (Game ver.),13.700003,IN Lv.13,13.22,12.45,0.77,575,102.4
971,777,16.0,$P,17.91,15.72,2.19,1866,120.2
993,初音未来的消失,15.6,IN Lv.15,16.58,15.39,1.19,1272,135.1
1025,Le Porteur d'Ombre,16.0,AT Lv.16,17.92,15.96,1.96,1496,142.0
1051,666,16.800005,AT Lv.16,17.61,15.61,2.0,1578,117.5
1053,The Spectre,14.0,IN Lv14,14.44,13.38,1.06,1261,181.9
1072,WATER,14.900003,AT Lv.14,14.75,13.65,1.1,1377,208.9
1084,Hello (BPM) 2023,17.300005,EZ Lv.17,17.32,15.68,1.65,1874,136.7
1125,story（《异世界舅舅》op）,13.0,IN Lv.13,13.22,12.71,0.51,495,86.0
1139,Nyarlathotep's Dreamland,16.800003,AT Lv.16,17.45,16.05,1.4,1757,144.3
1161,乙女解刨,13.399995,IN Lv.13,13.51,13.11,0.41,560,108.2
1162,Big Daddy,15.199999,IN Lv.15,16.77,15.31,1.46,1538,147.8
1207,Carnival,13.600002,AT Lv.13,9.02,8.75,0.27,156,31.4
1218,TruE,10.0,Elysia Lv.Story,14.76,13.79,0.97,1121,159.7
1219,Da Capo,423.0,Kiana Lv.K423,10.81,10.3,0.51,432,130.5
1259,BZenith,15.400002,IN Lv.15,15.83,14.53,1.3,1294,139.2
1275,なにやってもうまくいかない,15.0,IN.15,14.57,13.66,0.91,914,144.0
1320,コネクト(Connect),12.1,IN Lv.12,13.06,12.51,0.55,530,112.5
1325,グランドエスケープ,12.0,WEATHER Lv.12,13.96,13.05,0.91,723,174.0
1332,Super Fructose,14.9,FURRY Lv.14,14.56,13.38,1.18,998,120.3
1334,Mystery Circles Ultra,16.800001,AT Lv.16,18.18,15.62,2.56,3386,226.8
1360,Shizuku (feat. NEONA),14.0,IN Lv.14,14.39,13.45,0.94,930,168.0
1394,ただ声一つ,13.0,IN Lv.13,14.74,13.86,0.88,885,147.7
1402,R.I.P.,15.0,IN Lv.15,15.08,14.23,0.85,1000,130.0
1432,Alteregoism,16.800003,AT Lv.16,17.68,16.09,1.59,1500,149.7
1449,Sterelogue,14.200001,IN Lv.14,13.63,12.78,0.86,666,136.3
1454,Masquerade,13.800003,IN Lv.13,14.08,13.15,0.93,895,170.2
1487,Pure Ruby,14.0,IN Lv. 14,14.37,13.67,0.71,941,110.6
1502,斷劍の獄,15.0,IN Lv.15,16.07,14.83,1.24,1200,117.8
1522,Miku Pipebomb Reharm,12.500002,IN Lv.12,13.21,12.61,0.6,615,114.0
1579,Raw Unfilltered Calamity,14.400002,IN Lv.14,14.04,12.93,1.1,1137,237.1
1608,宿星審判,16.500002,AT Lv.16,16.84,15.84,1.01,1115,134.6
1652,バグ,14.8,IN Lv.14,15.4,14.08,1.33,1275,166.5
1660,可愛くてごめん,15.0,ごめん Lv.15,14.94,13.52,1.42,1580,213.9
1674,光与影,14.500002,IN Lv.14,15.06,14.09,0.96,1034,156.1
1738,イルミナティ,15.8,IN Lv.15+,17.06,15.8,1.26,1199,89.7
1754,阳光彩虹小白马,14.200002,IN,13.6,12.95,0.64,556,98.8
1757,Originally,15.200001,IN Lv.15,15.03,13.88,1.15,1275,129.6
1769,life-line生命线,15.0,IN LV.15,15.24,13.71,1.54,1270,304.2
1800,Wolves Standing Towards Enemies,18.000004,AT Lv.18,17.84,16.14,1.69,1800,162.1
1829,Shooting Athletes,13.0,IN,12.8,12.1,0.7,616,116.4
1834,TremENDouS,17.500002,AT,18.85,15.8,3.05,5674,429.7
1849,Setsuna,14.0,IN Lv.14,14.77,13.69,1.07,900,167.6
1868,Le Porteur d'Ombre,17.0,AT  Lv.17,17.22,15.59,1.63,1483,142.1
1889,天翔ける蒼穹のセレナーデ,14.0,IN Lv.14,14.35,13.55,0.8,792,116.9
1890,R.I.P.,15.0,IN,15.53,14.24,1.28,1088,143.1
1908,Chartreuse Green,15.300001,IN Lv.15,15.24,14.11,1.13,959,127.3
1910,お願い！コンコンお稲荷さま,13.800003,IN  Lv.13,13.85,13.0,0.85,748,136.8
1940,センチメンタルクライシス,10.0,IN Lv.13,13.64,13.05,0.58,367,77.1
1966,创造未来,13.5,IN Lv.13,12.8,12.27,0.53,366,82.4
1989,蝎虎天体 -Lacertid-,15.900003,AT Lv.15,16.98,15.62,1.36,1275,122.3
1992,彼女は旅に出る,14.200003,IN Lv.14,14.74,13.6,1.13,1132,201.6
1996,Titania,16.400002,IN Lv.16,16.44,15.24,1.2,1054,130.9
2025,enchanted love,13.0,IN Lv.13,13.03,12.59,0.44,511,116.1
2032,TWINKLE★MAGIC,15.1,IN,14.91,14.09,0.82,862,122.3
2092,Rush-Hour,15.900003,AT Lv.15,16.54,15.47,1.07,1098,119.9
2103,生,10.0,SP LV.?,14.66,13.63,1.03,1000,181.2
2117,ひめごと＊クライシスターズ,12.600002,ONIMAI Lv.12,11.38,10.89,0.5,328,87.5
2142,Crush Alcohol,15.500002,IN  Lv.15,15.82,14.52,1.29,1230,150.7
2154,Abiogenesis,14.149999,IN Lv.14,13.72,12.9,0.82,895,160.4
2165,アイデン貞貞メルトダウン,13.800003,IN Lv.13,13.52,12.89,0.63,470,88.1
2201,Little Boy,15.700003,AD Lv.15,15.44,14.58,0.86,912,126.6
2215,Always Running,14.3,IN,14.42,13.67,0.75,870,173.1
2221,Oshama Scramble!,15.300001,IN Lv.15,15.11,14.15,0.96,930,114.9
2243,九重现实,14.0,IN,13.03,11.98,1.06,761,216.3
2252,T+ VS SHARK,15.600002,IN Lv.15,15.48,14.47,1.0,1420,153.6
2257,Enter The Universe,14.500002,IN Lv.14,14.51,13.76,0.75,832,109.6
2326,GREAT GREAT,14.900001,IN Lv.14,15.04,14.09,0.95,856,124.3
2330,Road With You,15.400002,IN Lv.15,15.14,14.1,1.04,1059,130.8
2331,开启新征程,14.0,IN Lv.14,14.26,13.53,0.72,626,108.3
2343,悪魔の子 ,13.0,IN.13,12.1,11.13,0.97,329,86.3
2357,恋愛脳,13.399998,IN Lv.13,13.33,12.71,0.63,570,93.5
2491,Fly To Meteor,13.499999,IN Lv.13,13.29,12.65,0.64,584,149.3
2507,クーネル・エンゲイザー ,14.0,IN Lv.14,13.8,12.72,1.09,931,223.8
2516,INTERNET YAMERO,16.300001,INTERNET SAIKO,16.33,14.96,1.37,1888,238.7
2518,春雨拥抱我,13.0,IN Lv.13,14.02,13.35,0.67,580,92.2
2561,フォニイ (phony),14.600002,IN Lv.14,14.37,13.37,1.0,1248,185.3
2612,INTERNET YAMERO,15.400002,IN Lv.15,16.58,14.87,1.71,2000,228.6
2618,Ethereal,14.0,IN,14.44,13.32,1.12,1050,186.1
2623,嘻哈闯世界,13.400002,IN Lv.13,14.25,13.2,1.05,619,80.9
2624,Alea jacta est!,15.600002,IN Lv.15,16.05,14.9,1.15,1318,128.3
2645,Infinity Heaven,14.1,IN Lv.14,15.12,13.93,1.19,1203,146.8
2653,Lost,12.499999,IN Lv.12,13.01,12.41,0.6,559,140.8
2671,雨之城,12.500002,IN Lv.12,11.64,11.08,0.56,280,71.8
2676,エータ・ベータ・イータ,15.7,IN Lv.15,16.13,14.51,1.62,1555,152.3
2700,Without You,14.400001,FM Lv.?,12.59,11.91,0.68,570,89.6
2701,通辽进行曲（Aunt Tagonist）,13.500002,FM Lv.13,12.13,11.51,0.62,240,50.2
2708,Avantgarde,16.300001,AT Lv.16,16.85,15.56,1.28,1440,142.8
2714,Pandemonium,16.300001,AT Lv.16,17.22,15.89,1.33,1578,175.2
2716,Journey To The Rainbows,14.300001,IN Lv.14,14.06,13.35,0.71,824,124.6
2726,天狐,15.300001,IN Lv.15,15.0,14.13,0.87,1005,143.0
2729,花の塔,14.0,IN Lv.14,14.87,14.34,0.52,551,73.8
2733,九重现实,13.0,IN Lv.13,12.09,11.28,0.8,514,92.7
2735,木偶戏,12.699999,IN Lv.12,13.12,11.95,1.17,929,164.0
2750,unleashed world,15.900003,IN Lv.15,16.1,14.94,1.16,1248,118.2
2756,夜に駆ける,13.0,FM Lv.13,14.22,13.47,0.75,817,141.9
2757,Ops:Limone,14.300001,IN Lv.14,15.39,14.22,1.16,1161,120.0
2758,secret of my heart,12.1,Lv.12,9.93,9.3,0.63,250,80.8
2770,即兴演出 fReeStyLE,12.0,IN Lv.12,13.98,13.43,0.55,509,82.5
2805,我不曾忘记,11.9,IN Lv.12,11.3,10.14,1.16,676,227.6
2806,フューチャー・イヴ,15.0,IN Lv.15,14.26,13.29,0.97,831,143.7
2845,ラグトレイン,14.500002,IN Lv.14,13.8,13.09,0.71,666,109.2
2866,Tempest,15.700003,IN Lv.15,16.08,15.05,1.03,1178,130.3
2878,スパークル,14.200001,IN 14.2,13.17,12.34,0.83,828,142.6
2897,Holy Knight,14.200001,IN Lv.14,14.42,13.52,0.9,801,129.1
2902,lifeline【重置】,15.0,AT LV.15,15.14,13.6,1.54,1396,304.2
2928,I really ∞,13.900001,WM Lv.13,13.2,12.36,0.84,728,125.5
2993,Aulture,14.0, IN Lv.14,15.42,13.84,1.58,1461,133.9
3000,まっさらな大地,14.2,IN  Lv.14,12.93,12.55,0.37,512,101.5
3007,Duplicity Shade,17.2,AT 17.27*,20.65,15.44,5.21,10000,408.4
3033,Realize,14.0,IN Lv.14,13.36,12.93,0.43,443,82.6
3045,Dead inside,7.0,HD Lv.7,9.36,8.96,0.4,308,105.6
3055,天国と地狱,14.5,IN Lv.14,12.8,12.28,0.52,666,95.4
3074,ローリンガール（翻滚少女）,14.500002,IN Lv.14,14.89,13.63,1.25,1089,177.1
3076,Parallel Skydive,14.0,IN Lv.14,14.78,13.89,0.88,769,109.1
3119,OverThink,13.0,IN Lv.13,13.59,13.16,0.43,357,73.6
3126,Eternal Snow,13.0,IN lv.13,13.8,12.89,0.91,674,126.5
3153,ナツノハテ,15.300004,SP,15.8,14.82,0.98,1242,247.8
3186,imaginary love story (feat. 初音ミク),6.0,EZ Lv.6,13.75,12.67,1.08,885,239.5
3205,海愿,12.0,IN.Lv.12,11.11,10.27,0.84,544,127.4
3207,Picasso,16.6,AT Lv.16,17.32,16.03,1.29,1393,147.9
3224,conflict,15.2,IN Lv.15,15.03,14.26,0.77,848,116.2
3269,室内系的TrackMaker,14.500002,IN LV.14,14.42,13.39,1.03,1361,194.1
3279,青柠,11.0,IN Lv.11,9.83,9.42,0.41,215,62.4
3281,Reinvent,13.0,IN Lv.13,13.51,12.72,0.79,703,165.5
3297,有兽焉,16.300001,AT Lv.16,17.62,15.88,1.73,520,37.8
3318,Seraphim,16.599998,AT Lv.16,16.83,15.24,1.59,1788,191.0
3376,别墅奇喵夜,14.0,IN Lv.14,14.44,13.64,0.8,1000,209.4
3392,Eutopia,13.400002,IN Lv.13,13.54,12.8,0.74,551,85.2
3416,KINGWORLD,15.800003,IN Lv.15,16.64,15.14,1.5,2018,210.4
3418,INTERNET YAMERO,15.400001,IN Lv.15,15.96,14.21,1.75,2119,228.6
3424,Beauty,13.300001,IN Lv.13,12.89,12.33,0.56,539,128.0
3504,心拍数#0822,13.2,IN lv.13,9.78,8.93,0.85,417,136.2
3527,Won(*3*)Chu KissMe!,13.200001,IN Lv.13,13.46,12.74,0.71,567,86.9
3557,遠い空へ,12.2,Legacy Lv.12,8.57,7.79,0.77,512,183.5
3583,Imaginary World,14.200001,IN Lv.14,14.99,13.87,1.12,996,117.3
3587,Wholeheartedness,13.900003,IN Lv.13,14.1,13.06,1.04,1000,127.8
3591,恋の氷結おてんば湯けむりチルノ温泉,14.2,BAKA Lv.14,14.71,13.91,0.81,531,65.9
3597,EMOMOMO,14.600002,LVLVLV.14,14.73,13.97,0.75,830,125.6
3607,青い春と西の空,14.600002,IN lv.14,14.11,13.33,0.79,781,152.0
3608,Sparkle New Life,13.600002,Legacy Lv.13,13.66,12.9,0.76,902,127.0
3611,ManaBlast,16.0,EX Lv.16,16.84,15.5,1.34,1440,140.8
3613,にゃーお！,13.5999975,IN Lv.13,14.34,13.08,1.26,1000,181.2
3618,アカリがやってきたぞっ,14.300001,IN Lv.14,14.81,13.69,1.12,1094,149.9
3639,INTERNET YAMERO,10.0,SP Lv.?,17.36,15.93,1.43,2023,241.3
3646,スパダリ,13.400001,IN Lv.13,13.59,12.74,0.85,742,134.9
3689,わちゅごなどぅー,14.600002,IN Lv.14,14.5,13.69,0.81,800,100.6
3701,Möbius,17.2,AT Lv.17,18.17,16.22,1.95,1897,140.9
3716,フォニイ(phony),14.8,IN Lv.14,14.45,13.28,1.18,1462,185.3
3722,Intruder,14.599999,IN Lv.14,14.37,13.62,0.75,726,103.9
3735,精神分裂症,14.0,IN Lv.14,14.39,13.82,0.57,633,121.2
3746,蜘蛛糸モノポリー,14.0,IN  Lv.14,14.55,13.32,1.23,1298,249.6
3761,♫～调色板～♫,12.2,IN Lv.12,10.7,10.07,0.63,574,160.5
3785,Lelya,14.0,IN Lv.14,13.63,12.85,0.78,765,120.3
3824,The Revival of Eighteen,15.1,IN Lv.15,15.41,14.51,0.9,883,121.8
3847,BATTLE NO.1,15.900003,AT Lv.15,16.78,15.59,1.2,1263,124.8
3864,astral ability,13.799999,IN Lv.13,13.61,12.93,0.68,548,89.5
3875,Tell Your World,15.9,AT Lv.15,15.12,13.87,1.25,1525,239.6
3878,It's Happening,15.3,IN ,15.66,14.85,0.82,951,141.6
3906,コネクト,13.400002,IN Lv.13,13.32,12.87,0.46,411,88.5
3924,winter.,13.0,IN,14.75,13.74,1.01,886,107.9
3983,Apex,14.8,IN Lv.14,14.36,12.96,1.41,1382,185.9
3987,Radiant,13.8,IN  Lv.13,13.03,12.17,0.87,767,130.9
4057,轟け！恋のビーンボール！,16.4,HARD Lv.16,16.92,15.53,1.4,1140,106.8
4064,BATTLE No.1,15.0,IN Lv.15,15.77,14.68,1.09,1150,124.8
4079,KING,15.0,FM Lv.15,15.0,13.7,1.31,979,132.5
4144,FULi AUTO SHOOTER,14.0,FM  Lv.14,14.59,13.66,0.93,931,125.4
4147,メフィスト（梅菲斯特）,13.2,13,13.5,11.83,1.67,1636,204.5
4187,Find You,16.2,AT Lv.16,16.74,15.35,1.4,1526,170.7
4190,lcyxis,16.8,AT Lv.16,17.46,15.2,2.25,1750,103.0
4193,GOODBOUNCE,15.300001,IN  Lv.15,15.28,14.31,0.97,1032,128.0
4197,QUEEN,14.400001,IN Lv.14,13.83,12.91,0.92,981,138.2
4219,Sacrifice,14.0,IN,15.67,14.93,0.73,795,93.4
4231,ill city,16.1,AT Lv.16,16.7,15.2,1.5,1688,160.8
4289,ふわふわ時間,14.400001,K-ON Lv.14,14.32,13.07,1.25,1445,227.0
4299,alphys takes action,10.999995,HD,14.21,13.17,1.04,1025,161.2
4321,派对之王,14.400002,Feast,14.33,13.27,1.07,1043,217.5
4326,チーズ,14.500002,IN Lv.14,14.13,13.34,0.79,875,157.6
4335,マネマネサイコトロピック -XIV- (MARETU Remix),15.9,AT Lv.15+,16.2,14.72,1.48,1792,190.1
4338,Gimme×Gimme,14.7,IN  Lv.14,15.01,13.58,1.43,1444,215.1
4372,"My Soul,Your Beats!",13.0,IN 13,13.23,11.95,1.28,720,265.9
4382,PSYCHOKINESIS,14.600002,IN Lv.14,14.52,13.78,0.74,856,132.4
4393,Neon,14.700003,IN  Lv.14,14.66,13.9,0.76,801,118.2
4398,The End,12.800003,Final Lv.12,13.09,12.46,0.62,657,105.3
4431,魔法少女とチョコレゐト,15.300001,IN Lv.15,15.23,14.2,1.03,1217,178.8
4447,unravel,15.900003,IN Lv.15,16.65,15.12,1.54,1900,231.6
4459,アイドル,14.300001,IN,14.62,13.37,1.25,1178,210.6
4461,LINK x LIN#S,14.0,IN Lv.14,14.27,13.44,0.83,870,131.1
4503,核心共振,16.3,IN Lv.16,16.36,14.95,1.41,2050,136.6
4528,Da Capo,13.0,IN Lv.13,13.18,12.58,0.59,520,130.1
4530,期待通り,15.0,IN Lv.15,15.27,14.07,1.21,1542,170.5
4534,Animals,13.0,IN Lv.13,12.72,12.18,0.54,558,86.2
4535,Sea Monster,15.600002,SM Lv.15,15.8,14.49,1.31,1137,176.0
4561,派对之王,14.000001,NB.5732,14.21,13.22,0.99,1200,217.5
4572,"Good bye, Merry-Go-Round.",14.0,IN  Lv.14,15.37,14.26,1.11,1047,119.4
4574,萨卡萨卡班班甲鱼鱼,13.7,IN Lv.13,14.12,13.74,0.38,512,86.6
4577,命ばっかり,14.800003,IN Lv.14,14.54,13.46,1.07,636,111.6
4599,Tiny Fate,15.400001,IN Lv.15,15.26,14.4,0.87,1244,145.0
4621,刹那の誓い（feat.由崎司）,13.400001,IN Lv.13,14.48,13.8,0.67,484,84.1
4675,	Maxi,14.500001,IN.14,14.97,14.29,0.68,820,110.5
4758,Make Up Your World,15.300001,IN Lv. 15,15.86,14.87,0.99,1094,191.5
4764,無法地点,12.899986,IN Lv.12,14.36,13.67,0.69,796,149.2
4794,Everlasting Liberty,15.900001,IN Lv.15,16.18,15.19,0.99,1100,130.8
4816,El último baile,14.5,IN Lv.14,14.59,13.89,0.71,738,105.6
4818,INTERNET YAMERO,16.0,AT Lv.16,16.92,15.33,1.59,2333,230.9
4874,Bliss,13.1,IN Lv.13,12.47,11.65,0.82,529,104.5
4884,ILLEGAL LEGACY,16.100002,IN  Lv.16,16.39,14.96,1.43,1245,138.6
4907,勾指起誓,14.0,IN Lv.14,12.44,11.33,1.11,780,158.8
4926,ULTRA SYNERGY MATRIX,14.700003,IN Lv.14,14.91,14.15,0.75,749,120.4
4945,ニニ-邇々-,13.0,IN lv.13,13.91,13.31,0.61,689,136.9
4946,にっこり^^調査隊のテーマ,14.0,IN Lv.14,15.03,13.96,1.07,886,124.0
4958,More One night,13.0,IN  Lv.13,13.41,12.89,0.52,445,87.3
4964,ULTRA SYNERGY MATRIX,14.800001,IN Lv.14,15.3,14.19,1.11,984,121.5
4966,Do the Idol!! ～断崖絶壁チュパカブラ～,16.4,AT.16,17.16,15.79,1.37,1401,160.9
4968,Phalaenopisis-reaction,14.0,LAN Lv.14,15.34,14.22,1.11,867,94.5
4987,繁星间花,12.5,IN Lv.12,11.83,10.9,0.93,464,136.6
4988,冬雨,14.0,IN Lv.14,14.51,13.6,0.91,972,130.3
5001,VORTEX,12.0,Re Lv. 12,10.57,10.18,0.39,214,92.8
5029,ハッピーライフ,14.7,Milk,15.55,14.52,1.03,1277,210.5
5030,The World Ends Now,15.600002,IN Lv.15,15.39,14.13,1.26,1363,111.0
5036,熱帯夜の祭り,12.400002,IN Lv.12,12.44,11.63,0.82,691,146.7
5151,Gamol Hundgēar,10.500002,HARD 10+,15.75,14.68,1.07,1130,128.4
5152,Lifeline,14.600002,IN Lv.14,15.29,14.14,1.15,1273,286.0
5155,OCCHOCO-REST-LESS,14.500002,IN Lv.14,15.02,14.13,0.89,886,120.4
5162,Butterfly Core,15.400002,IN,15.38,14.49,0.89,824,108.2
5171,VORTEX,17.300001,TIME Lv.14,12.94,12.3,0.64,535,90.9
5177,Bad Apple!!,14.700001,AT Lv.14,14.09,13.25,0.85,1188,215.5
5179,千本桜,14.9,IN,15.42,14.46,0.95,998,113.4
5194,刹那の誓い (TV Version),14.300001,IN  Lv.14,14.04,13.28,0.76,475,79.3
5204,さよならプリンセス,14.7,IN Lv.14,13.62,12.83,0.8,765,124.9
5218,上海紅茶館~Chinese Tea Orchid Remix Yooh,15.0,Lunatic Lv.15,15.57,14.31,1.26,1073,108.8
5221,廻廻奇谭,13.5,IN Lv.13,14.08,13.29,0.8,616,82.9
5235,星茶会,13.500002,Star  Lv.13,12.96,12.48,0.48,524,101.7
5280,VORTEX,12.900001,IN Lv.12,12.63,12.06,0.57,365,90.9
5300,LyriC,15.200001,IN Lv.15,15.27,14.26,1.01,1196,128.7
5336,GLACIES,15.300001,IN Lv.15,14.27,13.48,0.8,1142,136.0
5391,Rainy heart,14.300001,Rain.14,13.27,12.5,0.77,518,126.9
5429,狂桜,15.300001,IN Lv.15,14.76,13.87,0.89,1069,146.8
5434,光の中へ,15.2,AT Lv.15,15.29,13.82,1.47,1544,250.8
5443,劲敌,14.300001,IN Lv.14,13.94,13.4,0.54,523,72.5
5457,菅野祐悟-JOJO的奇妙冒险白金之星处刑曲电音版（Kirara Magic Remix）,13.7,JO Lv.13,13.63,12.84,0.79,787,105.7
5481,光,12.3,IN Lv.12,12.97,12.53,0.44,448,83.2
5497,BIG SHOT (Camellia Remix),15.0,IN Lv.15,14.89,13.91,0.98,1120,121.3
5514,Find You,15.500001,IN Lv.15,16.25,15.17,1.08,1049,121.5
5515,静寂に咲く,13.500002,IN Lv.13,14.27,13.23,1.03,980,189.5
5516,Berry Go!!,14.0,IN Lv.14,13.97,13.34,0.63,736,109.5
5541,MARENOL 1mg,14.0,IN Lv.14,14.61,14.06,0.54,772,117.4
5563,Fervidex,15.0,IN Lv.15,14.83,13.83,1.0,750,113.4
5579,Crazy Tek,18.000008,AT Lv.18,18.28,15.73,2.55,2204,136.9
5631,HIT,15.0,AT Lv.15,15.35,14.51,0.83,984,129.0
5632,短裙你太美,14.0,14,13.95,13.51,0.44,627,114.6
5650,あのバンド,15.600002,IN lv.15,15.59,14.32,1.26,1229,154.9
5679,Sinkhole,15.600002,IN Lv.15,15.38,14.55,0.83,972,142.4
5718,夜に駆ける,14.600001,IN LV.14,13.54,13.02,0.52,687,142.4
5757,Rap God (Full Ver.),15.800003,EX Lv.15,15.58,13.8,1.79,2641,347.0
5775,强手,13.1,IN Lv.13,12.17,11.73,0.43,303,59.4
5778,起风了,14.200001,IN Lv.14,13.9,12.46,1.44,1146,304.1
5787,facts of rain,14.300001,IN Lv.14,14.19,13.38,0.82,524,97.5
5813,Days of Love,11.299999,ATRI Lv.11,9.9,9.51,0.4,376,109.4
5817,God sees all,14.799999,GSA Lv.14,14.33,13.26,1.07,1095,190.6
5818,Alea jacta est!,15.900003,AT Lv.15,16.3,15.0,1.3,1222,128.3
5820,五重空洞,14.700003,IN Lv.14,14.96,13.91,1.05,1064,232.2
5822,最炫民族风,14.0,IN Lv.14,15.71,14.66,1.05,1000,109.1
5834,LAMIA,15.799999,IN Lv.16,16.46,15.24,1.22,1250,135.1
5842,只因你太美,15.200001,15,15.12,13.99,1.14,1320,137.9
5844,///Under Construxion///,16.900003,AT Lv.16,17.92,15.86,2.06,2421,198.1
5868,药,14.8,IN Lv.14,15.52,14.01,1.51,1461,177.8
5889,Exitium,16.600002,IN Lv.16,17.4,15.42,1.99,1798,135.0
5916,改革春风吹满地,14.0,IN Lv.14,14.18,13.09,1.09,781,139.4
5932,The 7 Seas,15.3,IN Lv.15,15.1,14.34,0.76,888,130.3
5951,Promise Under The Star ,13.0,IN Lv.13,13.28,12.49,0.79,596,150.4
5962,White Noise,13.400002,IN Lv.13,13.99,13.39,0.59,365,92.4
5990,極楽浄土,14.0,IN Lv.14,14.45,13.44,1.0,795,143.8
5994,いちげき！のテーマ,14.400002,IN Lv.14,13.95,13.17,0.78,663,146.9
6004,マネマネサイコトロピック -XIV- (MARETU Remix),16.600002,AT Lv.16,16.75,15.12,1.63,1853,190.1
6013,低音轰炸机（音量注意),14.0,Lv 14,14.0,13.01,0.99,897,128.0
6020,Life is PIANO,13.600002,IN Lv.13,13.46,13.01,0.46,667,115.5
6097,YUMEND,13.5,IN  Lv.13,14.76,13.53,1.23,847,126.7
6117,Traveler ~stand aloof~,16.900002,AT Lv.16,17.5,16.2,1.3,1198,115.3
6148,PHAZE UPPER,14.900003,IN Lv.14,15.04,14.2,0.84,971,120.0
6182,Bad Elixir,17.4,AT  Lv.17,18.05,16.19,1.86,1391,124.1
6185,Real intention,14.0,IN Lv.14,14.15,13.32,0.83,961,149.1
6191,Fin.ArcDeaR,17.0,AT Lv.17,18.22,16.29,1.93,2106,192.0
6211,At the Edge,14.0,IN.14,13.93,12.81,1.12,871,194.3
6215,Dandelion's Daydream,14.699999,IN  Lv.14,14.6,13.94,0.65,761,147.9
6216,镜花堂,13.800003,IN Lv.13,15.5,14.54,0.96,953,117.3
6217,囍,13.400002,IN Lv.13,13.05,11.83,1.23,1531,203.3
6230,以超新星爆发般的势头学会拆谱吧！,15.7,PT 全换！,15.37,14.33,1.05,971,152.1
6240,LAMIA,16.300005,AT Lv.16,16.66,15.15,1.51,1700,135.1
6245,试↓bass↑,15.0,IN Lv.15,15.57,14.72,0.85,1063,129.6
6283,ぱぴぷぴぷぴぱ,15.899998,IN Lv.15,16.19,14.66,1.53,1584,172.8
6297,アスノヨゾラ哨戒班,14.900003,IN Lv.14,15.25,14.07,1.17,1142,171.1
6307,冬の花,12.000008,IN,11.05,9.2,1.85,893,233.2
6324,MAGAMIX 2,10.0,SP Lv.!,17.97,15.36,2.61,5506,689.4
6377,ぱぴぷぴぷぴぱ,15.0,IN Lv.15,16.14,14.91,1.23,1387,168.3
6400,吉原ラメント,13.8,IN,13.74,12.82,0.93,679,126.0
6405,sølips,16.000004,IN Lv.16,16.15,15.02,1.13,1088,137.6
6421,萨卡萨卡班班甲鱼鱼,14.600002,IN LV.14,14.71,14.22,0.49,690,87.5
6458,Wicked,14.599995,IN Lv.14,15.22,14.06,1.16,1086,171.9
6462,メランコリック,14.200001,IN Lv.14,15.24,13.85,1.39,1400,219.0
6466,国士無双,16.400002,AT,17.59,15.76,1.83,2300,187.0
6510,みずいろレインドロップ（水色雨滴）,15.200001,IN Lv.15,13.86,13.24,0.62,836,144.4
6514,The Everlasting Rain,16.400002,IN Lv.16,17.5,15.52,1.98,1723,172.2
6538,Wind Of Change,13.1,IN Lv.13,13.06,12.45,0.61,424,98.4
6623,Gaudium Resonance,15.0,IN Lv.15,15.94,15.23,0.71,1008,120.3
6637,桜樹街道,14.800001,AT 14.8,13.94,13.19,0.75,692,156.2
6648,Final Phase,14.800003,IN Lv.14,15.65,14.36,1.29,1352,174.9
6657,Antipode,14.0,IN,14.65,13.9,0.75,692,131.6
6679,笼,12.0,CAGE Lv.12,13.74,12.74,0.99,700,152.2
6722,Meta-Mysteria,14.900003,IN LV.14,16.11,14.86,1.25,1378,145.2
6730,Bad Apple！！,10.0,SB Lv.14?,14.52,13.74,0.79,1210,208.7
6756,忘れてやらない,15.200001,IN Lv.15,16.06,14.34,1.72,1519,139.5
6769,Valkyrie,15.200001,IN Lv.15,15.64,14.72,0.92,787,130.5
6778,Polumnia Omnia,15.1,IN LV.15,14.78,13.9,0.87,1160,193.9
6781,琵琶行,15.0,IN Lv.15,16.2,14.87,1.33,2024,321.1
6789,Time to beat the odds.,15.400002,RE Lv.15,15.62,14.51,1.11,1052,109.5
6798,Shinonome,15.300001,IN Lv.15,15.53,13.78,1.76,1502,142.6
6800,Distortion!!,14.8,IN Lv.14,14.24,13.3,0.94,678,85.3
6832,Rush E,15.400002,IN Lv.15,16.04,14.74,1.3,1259,139.7
6869,DEMONS IN MY SOUL,12.400001,IN Lv.12,11.72,10.95,0.77,405,96.0
6900,LoonBoon,15.0,IN Lv.15,14.47,13.78,0.69,727,106.0
6901,トンデモワンダーズ,15.0,IN.15,14.89,13.97,0.92,746,119.3
6910,Nostalgia,14.1,FM Lv.14,13.14,12.62,0.52,402,128.0
6956,Blackbird,18.100004,AT  Lv.18,18.42,16.34,2.08,2375,209.7
6965,epilogue,13.900003,IN Lv.13,12.94,12.48,0.46,509,115.2
6990,Constant Moderato,13.300001,IN Lv.13,13.29,12.79,0.49,625,135.0
6995,外婆桥-雪狐桑的翻唱,12.300001,IN Lv.12,9.77,8.9,0.87,313,97.7
7039,A Lasting Promise,18.000004,AT Lv.18,18.07,16.19,1.88,1356,116.4
7043,情结,11.499997,♡,9.4,8.91,0.49,242,73.6
7052,ギザバ怪文書,16.700003,AT Lv.16,17.53,15.35,2.18,2235,155.3
7090,Cryout,14.0,IN Lv.14,14.7,13.92,0.79,763,117.2
7100,Angel Dust,15.400002,IN Lv.4,15.95,14.39,1.56,1420,135.5
7103,Faithtival,15.600002,IN Lv.15,15.24,14.42,0.81,787,103.9
7112,国风鸡你太美（哦呼w remix）,20.0,IN  Lv.13,13.97,13.61,0.36,500,93.3
7128,张宇宙,13.500002,IN Lv.13,12.98,12.25,0.73,481,150.9
7134,「±0」,14.0,IN Lv.14,15.41,13.66,1.75,1487,257.5
7137,Requiem Cataclysm,11.900003,IN Lv.11,13.39,12.64,0.75,1000,142.3
7142,蜘蛛絲Monopoly,15.800003,IN Lv.15,15.22,14.32,0.91,1205,232.8
7191,Glory Steady Go!,13.0,PJSK,13.57,13.17,0.4,425,91.0
7204,寝起きヤシの木,13.3,IN LV.13,13.93,13.36,0.57,679,110.6
7205,Cosmic Quickness,14.200001,IN Lv.14,14.42,13.45,0.96,730,117.4
7222,遨游神秘洋,12.700003,IN Lv.12,11.9,11.51,0.39,334,78.7
7228,星穹铁道 - 太空漫步 (PIKASONIC Remix),14.600002,IN Lv.14,13.6,12.95,0.65,628,148.2
7247,Future,13.0,FUR,13.89,13.01,0.88,497,102.8
7254,恋染色,14.0,IN Lv.14,12.14,11.27,0.87,498,144.5
7257,国士無双,16.5,AT Lv.16,17.58,15.92,1.67,2222,187.0
7270,夏天幻游日记,13.300001,IN LV.13,14.07,12.99,1.07,713,174.0
7272,GIFT,15.600002,IN Lv.15,15.69,14.67,1.01,1212,141.6
7298,それは、真昼の彗星,12.600002,IN Lv.12,12.45,10.88,1.58,1185,339.6
7308,囍,6.4,LV IN.6,14.1,12.48,1.62,2824,204.2
7319,デッドマンズバラッド,15.9,IN Lv.15,16.72,14.98,1.74,2330,158.9
7322,Where Are You,13.900001,IN Lv.13,12.26,11.53,0.73,738,166.4
7328,Le Porteur d'Ombre,17.0,AT  Lv.17,17.54,15.64,1.9,1590,142.0
7334,Find_me,15.0,AT Lv.15,14.99,13.92,1.07,1046,115.4
7375,NiFlhel,17.4,RAVAGE Lv.17,18.38,16.52,1.86,1700,146.3
7425,夜的钢琴曲五,9.0,HD Lv.9,9.57,8.6,0.97,745,212.4
7433,黑暗森林,14.600002,IN Lv.14,14.51,13.57,0.94,887,133.6
7454,Nightglow,8.499997,IN,10.56,9.5,1.06,685,176.4
7472,Emulisy,16.500002,AT.,17.39,16.0,1.39,1276,114.7
7486,冰风暴,14.200002,IN Lv.14,14.3,13.77,0.53,548,77.5
7515,The Endless for Traveler,16.600002,AT Lv.16,17.5,15.77,1.73,1411,114.9
7518,Time Traveler,14.300001,IN Lv.14,14.86,13.37,1.48,1463,234.3
7519,BiBiC HEART,13.800003,IN Lv.13,14.45,13.77,0.68,725,127.5
7520,HERO,15.0,IN Lv.15,14.88,13.69,1.2,1600,196.7
7534,よいまちカンターレ,14.400002,もも Lv.14,13.6,13.08,0.51,396,84.7
7543,Grasswalk,12.000009,HD,12.86,11.87,0.99,605,148.2
7563,Jack Out Killer,17.000004,AT Lv.17,17.4,15.92,1.48,1404,129.0
7591,無意識レクイエム (cosmobsp rmx) ,15.099999,地灵殿,16.75,15.7,1.05,1170,191.4
7601,Acht Streiks,15.699999,IN  Lv.15,15.59,14.43,1.16,1508,154.3
7608,LIGHTNESS,13.8,IN Lv.13,12.28,11.9,0.39,575,168.6
7616,カサネテク,15.2,Player Lv.15,16.2,14.72,1.49,1761,246.4
7640,Bad Elixir,17.2,AT  Lv.17,18.26,16.28,1.98,1760,125.6
7672,Animosity,17.300005,AT Lv.17,18.21,16.25,1.96,1732,136.0
7698,航向未来,13.200001,IN Lv.13,11.86,11.46,0.39,334,78.7
7731,Winter ↑cube↓,14.0,AT Lv.14,14.3,13.31,0.99,1050,152.3
7734,Anything,14.400001,IN Lv.14,14.53,13.51,1.02,899,141.2
7746,视界巡航,13.0,SPACE Lv.13,13.24,12.55,0.69,590,121.1
7762,粉骨砕身カジノゥ,14.0,IN Lv.14,15.15,14.03,1.12,972,115.2
7791,Effervescence,14.0,IN.Lv.14,14.25,13.22,1.04,865,167.8
7794,冉冉升起，直播新星,14.1,SP.14,15.41,14.55,0.86,1019,150.2
7796,水龙吟 Samudrartha,13.900001,In Lv.13,14.38,13.41,0.98,1222,167.0
7799,RASeed,17.000004,AT Lv.17,16.85,16.04,0.81,1128,139.9
7804,Shed a Light,14.1,IN Lv.14,13.89,13.51,0.39,509,86.1
7832,天空の華,15.099999,IN  Lv.15,14.68,13.73,0.95,693,109.5
7852,NightTheater,16.300001,AT Lv.16,16.39,15.24,1.15,1152,111.3
7882,R.I.P,14.0,IN Lv.14,15.52,14.93,0.59,721,137.3
7883,Siegfried,13.400002,Lv. 14,13.98,12.99,0.99,680,134.4
7898,NightTheater,14.899999,Legacy Lv.14,14.96,14.1,0.86,842,111.3
7907,When We Wish a Upon a Star,11.000004,哇呼,8.48,7.98,0.5,266,122.8
7913,起风了,13.0,IN Lv.13,11.85,11.37,0.48,361,105.6
7917,キメラ,17.2,キメラ Lv.17,18.36,16.18,2.18,2172,159.2
7918,恋愛サーキュレーション(恋爱循环),13.8,IN  Lv.13,14.85,13.79,1.06,1000,154.5
7932,Deda Dash,15.500003,IN Lv.15,15.29,14.11,1.18,1220,174.4
7950,Komorebi,13.0,IN Lv.13,13.9,13.25,0.64,731,120.9
7953,Do Better(New Version),13.900003,IN Lv.13,14.43,13.24,1.19,971,165.0
7969,Baby,15.1,IN Lv.15,15.02,14.25,0.77,967,153.6
7971,Love Kills U,15.1,AT Lv.15,15.51,14.6,0.91,1098,130.5
7979,ЯeviveR,17.0,AT Lv.17,17.76,15.87,1.9,1813,117.2
7981,Solitude Rain (TV Size) ,14.300001,IN Lv.14,14.03,13.04,0.99,666,90.9
7985,野火 Wildfire,14.500002,AT Lv.14,14.61,13.59,1.02,1110,205.1
7993,Step by Step,14.400002,IN Lv.14,13.6,12.66,0.94,725,127.8
7995,ANU,16.0,AT Lv.16,18.0,16.06,1.93,2009,162.9
8026,Turn Back Time,13.0,IN Lv.13,12.97,11.81,1.17,970,183.4
8031,Luminous Memory,12.700003,IN Lv.12,12.39,11.82,0.58,797,133.2
8033,妄想PARANOIA,14.0,ME Lv.NaN%,13.1,12.33,0.78,725,154.3
8053,マリンブルーに沿って,13.200001,IN Lv.13,13.18,12.58,0.61,438,88.1
8063,エンドマークに希望と涙を添えて,15.900003,IN Lv.15+,16.58,15.1,1.47,1542,161.3
8064,Vs. Frisk [Battle In Chaos],15.0,SP Lv.15,15.52,14.25,1.27,1188,170.0
8107,子狼と星からのお姫様,13.400001,IN Lv.13,11.04,10.15,0.89,627,200.2
8110,群青,14.700003,IN  Lv.14,14.13,13.14,0.99,1001,152.9
8113,航向未来,7.0,EZ Lv.7,7.85,7.42,0.42,241,78.6
8115,Far away,14.0,FURRY Lv.14,14.04,13.0,1.03,766,176.4
8121,朧月,14.400002,lN Lv.14,14.78,13.78,1.0,1091,172.8
8145,わたしたちのクエスト(Short Ver),11.999996,Game,12.69,12.11,0.59,456,106.0
8149,Fluctuate,15.599999,Legacy Lv.15,15.69,14.6,1.09,1092,123.1
8151,异变危机,14.1,IN LV.14,14.37,13.11,1.27,1413,108.9
8155,火花,13.400002,IN Lv.13,13.98,12.99,0.99,917,172.1
8165,mopemope,12.6,IN LV.12,13.45,12.66,0.79,645,105.6
8184,冲破穹顶,14.800003,IN Lv.14,14.97,13.74,1.23,1075,176.7
8205,MapleCamp☆ (Phira UI Ver.),11.800003,TS Lv.11,11.63,11.11,0.51,250,53.1
8219,Forest Nusi,14.500002,IN Lv.14,14.47,13.48,0.99,866,135.0
8225,雪月舞华-Snow dance,11.1,HD Lv.11,10.99,9.91,1.08,744,139.3
8231,SWAG!!,14.300001,IN Lv.14,14.61,13.64,0.97,719,106.7
8237,すずめ,11.0,IN Lv.11,10.72,10.09,0.63,255,76.7
8239,东京不太热,13.800003,IN Lv.13,15.29,13.82,1.47,1189,218.4
8270,mimizuqu (feat. ダズビー),11.000004,IN Lv.11,11.12,10.57,0.55,528,154.6
8273,恋ひ恋ふ縁,14.500002,YZ Lv.14,13.77,13.41,0.36,546,95.6
8307,Misty Memory (Night Version),14.300001,IN Lv.14,13.92,12.91,1.01,809,219.1
8323,憾,11.500002,IN  Lv.11,11.3,10.74,0.55,549,121.2
8341,Avantgarde,15.900003,IN Lv.15,16.11,14.78,1.33,1403,150.0
8352,BREaK! BREaK! BREaK!,13.300001,HD  Lv.13,14.24,13.35,0.89,955,139.6
8410,What Makes You Beautiful(Piano Ver.),10.0,IN Lv.13(13.8),14.7,13.71,0.99,1050,168.4
8494,MILK,14.599999,SP Lv.?,14.56,13.36,1.2,949,112.8
8504,桃花舞姬,13.499998,IN 13,13.97,13.35,0.62,547,121.1
8562,Fluctuate,15.900003,IN Lv.15+,16.41,15.0,1.41,1175,123.1
8569,ブーケガルニ,14.200001,IN Lv.14,14.47,13.45,1.02,1000,122.5
8579,1212。,14.0,IN Lv.14,14.72,13.82,0.9,835,117.1
8618,ハッピーフェイクショー,15.0,IN Lv.15,15.16,13.92,1.24,1303,131.3
8619,深夜徘徊,13.3,IN Lv.13,14.04,13.3,0.74,800,118.3
8632,绍兴,13.0,IN Lv.13,10.45,9.99,0.46,438,104.7
8636,THE END,16.100002,16.1,16.9,15.58,1.32,1269,143.8
8653,アイドル (feat. 初音ミク),16.300001,AT Lv.16,17.09,15.53,1.56,2078,209.8
8667,Running in The Night,15.900003,IN Lv.15,15.83,14.82,1.01,1243,170.7
8684,Snow Halation (SIF ver.),10.0,Master,13.38,12.92,0.46,545,109.9
8693,霞光,12.800003,IN Lv.12,12.04,11.35,0.69,438,85.6
8695,Echo,15.300001,IN Lv.15,14.82,13.97,0.86,965,121.3
8713,Shot at night,14.0,IN Lv.14,14.69,13.77,0.92,1039,141.0
8718,Left & Right （3rd）,13.1,IN Lv.13,13.77,12.59,1.18,885,188.0
8720,洞穴,14.7,RF Lv.6,14.5,13.58,0.92,727,120.5
8728,Pray,13.0,IN Lv.13,13.49,12.95,0.53,478,75.6
8730,Pixel Time,14.0,IN LV.14,14.71,13.42,1.29,861,127.9
8736,The NightScape,14.6,IN Lv.14,14.84,14.18,0.65,852,118.2
8737,Southern Cross,15.200001,IN Lv.15,15.63,14.45,1.19,1172,143.4
8740,Broken Altair,16.0,IN Lv.16,17.3,15.65,1.64,1600,151.6
8741,Bring It On,10.0,IN Lv.夕,16.1,15.16,0.94,1056,174.4
8746,小城夏天-雪狐桑的翻唱,13.0,IN lv.13,12.54,11.67,0.87,364,78.5
8747,Mid Night Metropolitan Highway（90s Version）,14.0,IN Lv.14,14.35,13.59,0.76,745,89.0
8749,月华舞,14.400002,IN Lv.14,14.89,13.44,1.46,1636,233.8
8756,The Last Page,15.0,IN  Lv.15,15.8,14.67,1.13,1000,129.2
8758,Star Fall in Evernight City,15.500002,AT  Lv.16,16.47,15.37,1.1,937,114.2
8760,スタートリップ,12.200001,IN Lv.12,10.94,10.48,0.46,404,104.1
8765,Eligos,16.500002,EG Lv.16,17.25,15.89,1.36,1390,135.4
8767,ABABABA BURST,14.600006,IN,15.25,14.37,0.88,912,138.0
8770,マネキン,15.2,MIKU LV.39,15.74,14.5,1.24,1314,163.1
8786,ナイト・オブ・ナイツ (USAO Remix),15.900003,IN Lv.15,16.69,15.28,1.41,1357,133.5
8810,Starry Night and A Flower,14.0,IN Lv.14,15.05,13.91,1.14,1349,170.2
8815,Star Fall In Evernight City,14.200001,IN Lv.14,14.02,13.43,0.59,652,118.9
8827,XODUS,16.1,AT LV.16,17.36,15.82,1.53,1431,122.4
8836,Starlight,13.0,IN  Lv.13,13.68,12.96,0.73,698,117.8
8840,Unlimited Hyperlink,16.2,IN Lv.16,16.48,14.85,1.63,2153,185.6
8841,くうになる,14.799999,IN Lv.14,15.45,14.28,1.17,1128,149.5
8842,野火 Wildfire,14.9000025,,14.04,13.23,0.81,909,209.7
8855,疾風忍殺わらにんじゃ,13.500005,IN,14.86,13.51,1.35,1404,235.6
8860,HIGHLIGHT(PERFORMANCE TEAM),13.400001,IN Lv.13,15.12,13.98,1.14,915,139.1
8881,NightTheater,15.200002,IN,15.18,14.12,1.06,862,117.7
8897,The King's Return,15.200001,IN LV.15,16.12,15.28,0.85,899,121.5
8899,緋色月下、狂咲ノ絶 (nayuta 2017 ver),15.400002,IN Lv.15,15.23,14.25,0.98,1024,153.6
8923,Moonlight Sonata (3rd movement)(Megeneko Remix),14.0,IN Lv.14,16.46,14.91,1.55,1719,229.2
8931,不识月,13.200001,IN Lv.13,12.78,12.06,0.72,820,184.1
8939,SPOOKY GLITCH NIGHT,15.2,IN Lv.15,15.18,13.88,1.3,1525,179.7
8975,Startail,15.300001,IN Lv.15,14.93,14.27,0.66,1000,153.6
8986,The Crisis,13.7,IN Lv.13,14.01,13.08,0.93,688,159.7
9002,虚,14.0,IN Lv.14,14.89,13.84,1.04,1011,153.0
9003,星屑ユートピア,14.5,IN Lv.14,14.83,13.68,1.15,1145,185.4
9032,Falling Again,15.100004,FALLING Lv.15,14.48,13.34,1.14,1110,231.0
9044,Ascension to Heaven,15.7,IN  lv.15,15.92,14.92,1.0,1201,153.8
9047,TWINKLE★MAGIC,15.300001,IN Lv.15,14.51,13.7,0.81,823,122.3
9049,The Station,13.6,Station Lv.13,10.82,10.62,0.2,380,133.8
9059,Bookmaker (2D Version),15.400002,IN Lv.15,15.75,14.36,1.39,1256,143.0
9067,Dawn Saga,16.9,AT Lv.16,17.58,16.33,1.25,1286,116.8
9098,Memento(inst.),14.700003,In Lv.14,14.94,13.8,1.13,1141,202.7
9105,モア！ジャンプ！モア！,14.1,IN Lv. 14,13.21,12.5,0.71,619,115.2
9113,The Last Page,15.699999,IN Lv.15,15.86,14.81,1.05,1070,129.1
9146,蝎虎天体 -Lacertid-,15.600002,FR Lv.15,16.18,14.81,1.37,1376,131.0
9153,Dipantrea,13.0,IN Lv.13,13.39,12.76,0.63,466,110.2
9168,Code Paradiso,13.400002,IN Lv.13,13.55,12.9,0.65,608,107.0
9172,secret star,14.0,IN  Lv.14,13.91,13.23,0.68,680,140.6
9189,月詠に鳴る,15.0,IN Lv.15,15.41,14.47,0.93,942,128.2
9198,Angel's Salad,16.9,AT Lv.16+,17.74,15.73,2.01,1567,137.0
9203,九龍霓虹街,16.4,AT Lv.16,16.73,15.66,1.07,1107,121.6
9220,室内系的Trackmaker,14.0,IN LV.14,16.46,14.96,1.5,1479,186.6
9222,Constellation,14.1,IN  Lv.14,13.75,12.69,1.06,889,166.4
9246,Vedfolnir,16.9,AT Lv.17,17.3,15.77,1.53,1646,183.2
9276,ハートダッシュ,14.8,Birthday! Lv.14...?,15.26,14.35,0.91,1078,201.3
9296,ダーリンダンス,14.700003,IN Lv.14,14.29,13.42,0.88,675,94.7
9299,Palescreen,14.0,IN Lv.14,14.91,13.98,0.93,928,137.3
9307,Xetta,15.999998,HD Lv.15++++,16.84,15.49,1.34,1351,124.7
9314,NULCTRL,13.9,IN Lv.13+,13.48,12.65,0.82,639,133.4
9322,Bloody Mary x Skibidi Bop Yes Yes (Tik Tok Edit) (Remix),14.400001,IN,13.97,13.43,0.54,355,44.2
9323,God Knows...,14.1,IN Lv.14,15.42,14.35,1.07,1162,182.8
9324,ACID is my DNA,15.300005,Fm Lv.15,15.38,13.64,1.74,1675,176.8
9325,Cold Pizza,15.299999,Fm Lv.15,15.72,14.38,1.34,1156,117.3
9343,Colorful Days♪,14.0,Colorful Lv. 14,11.7,11.32,0.38,314,82.3
9384,PUPA (uma Remix),15.600002,IN Lv.15,16.16,14.96,1.2,1400,147.7
9385,ARTEMiS,15.1,IN Lv.15,15.55,14.37,1.18,1096,136.6
9392,回レ! 雪月花（HHW.ver）,14.500002,IN Lv.14,14.21,13.68,0.53,756,93.8
9416,oppressive,15.800003,AT Lv.15,15.5,14.55,0.95,1153,168.6
9432,Regeneraxion(EndCat Remix),15.0,IN Lv.15,15.19,14.14,1.05,1190,147.8
9436,v!rtuaresort,15.500002,IN Lv.15,15.13,14.24,0.89,890,124.7
9452,Le Porteur d'Ombre,16.400005,IN Lv.16,16.13,15.14,0.99,999,139.9
9464,Recollection,15.099999,IN Lv.15,14.63,13.77,0.86,1045,185.0
9465,星相运轨-The End of Time-,15.0,IN Lv.15,14.72,13.97,0.74,1065,158.2
9502,Xb10r,15.0,IN,16.37,15.09,1.28,1010,115.0
9523,Best Song Ever,14.900004,IN Lv.14,14.28,13.46,0.82,877,142.8
9528,驟雨の狭間,15.500002,AT Lv.15,15.7,14.22,1.47,1871,220.7
9555,SWAG!!,14.900003,IN Lv.14,14.76,14.15,0.61,640,96.0
9568,Deep Eclipse,12.000008,IN,14.21,13.22,0.99,907,149.9
9593,室内系的Trackmaker,14.400002,IN Lv.14,14.98,13.91,1.06,1145,186.6
9615,Termination of Desires 何妄何执,14.6,FM Lv.14,14.17,13.63,0.53,727,140.0
9621,Halloween,14.8,FM Lv.14+,14.62,13.7,0.92,1124,118.2
9627,R,13.700003,IN Lv.13,13.92,13.04,0.87,930,141.7
9640,Knight Rider,15.300001,IN Lv.15,15.89,14.5,1.39,1500,124.8
9653,Dreamin' Attraction !!,15.6,IN  Lv.15,15.77,14.72,1.04,1305,128.8
9655,What's up? Pop!,16.0,AT Lv.16,16.74,15.12,1.63,2137,155.7
9656,Dustwind,15.800003,IN  Lv.15,16.04,14.81,1.23,1465,143.1
9669,シルエット（剪影）,13.9,13,15.35,13.85,1.5,1226,233.2
9671,Ascension To Heaven,15.9,IN Lv. 15,15.9,14.7,1.2,1184,153.7
9687,ouroboros-re;birth-,15.800001,IN.15,15.8,14.54,1.26,1502,186.3
9688,Sound Chimera,15.400001,IN,16.39,15.12,1.27,1145,131.4
9690,Dream It Possible（曙光版）,13.300001,IN Lv.13,12.85,12.52,0.33,427,98.2
9711,The Survivor (Game Edit),14.0,IN Lv.14,14.13,13.26,0.87,1064,183.6
9727,self-dissociation,15.500002,IN Lv.15,15.8,14.93,0.87,1004,168.5
9736,猫之茗片尾曲,12.0,HD Lv.12,13.68,13.03,0.65,520,89.6
9750,有兽焉,10.0,SP Lv.?,12.46,11.4,1.06,246,37.0
9761,1/100のアイ,13.300002,IN Lv.13,14.17,12.74,1.43,1798,301.3
9762,Comet Coaster,15.1,IN  Lv.15,15.49,14.33,1.16,1178,142.3
9768,朧月夜,13.4,IN Lv.13,13.86,12.75,1.11,807,184.3
9798,Revelation,15.5,IN Lv.15,15.85,14.69,1.16,1194,147.7
9830,Infection,15.700003,AT Lv.15,16.71,15.06,1.65,2023,166.6
9851,初识之歌,13.999999,Cycle Lv.14?,14.13,13.24,0.9,818,156.4
9869,p.h. (Magens remix) 【Full ver.】,14.700003,IN Lv.14,14.09,13.33,0.75,700,121.8
9877,Midnight,15.200001,IN Lv.15,14.53,13.74,0.79,906,144.0
9883,PANDORA PARADOXXX,13.400002,HD Lv.13,14.24,13.24,1.01,1111,137.5
9889,Waves,16.1,AT Lv.16,16.53,15.39,1.14,1169,180.2
9903,Fractures,13.800003,IN  Lv.13,13.23,12.03,1.2,1314,227.3
9907,One Last Kiss,14.0,EVA Lv.14,14.48,13.43,1.05,905,153.5
9909,"Kiss Me,Kill Me",13.0,LV.13,13.35,12.22,1.13,788,174.5
9912,只有0人的华尔兹(0人ぼっちのワルツ),15.2,IN Lv.0,14.01,13.14,0.87,1013,204.3
9913,地势坤,13.300001,IN Lv.13,13.11,11.68,1.43,1041,278.1
9919,αterlβus,15.600002,IN Lv.15,15.75,14.74,1.01,943,114.1
9924,★lost umbrella (yuigot Remix),14.900004,AT Lv.14,14.52,13.53,0.99,1000,172.3
9966,ギャンビット,14.500001,IN Lv.14,14.33,13.06,1.27,1381,153.7
9977,Fly Away,14.0,IN Lv.14,12.84,12.08,0.75,635,176.5
10018,别让我担心,12.0,IN Lv.12,10.25,9.18,1.07,593,227.8
10051,星界ちゃんと可不ちゃんのおつかい合騒曲,15.600002,IN Lv.15,15.22,14.28,0.93,1358,149.2
10057,Endless Summer (LUM!X Remix),14.7,14,10.23,9.48,0.75,521,150.4
10061,Poppy,16.300001,AT  Lv.16,17.65,16.06,1.59,1408,139.6
10062,東の空から始まる世界,13.199997,IN lv.13,10.35,9.43,0.92,604,156.0
10079,Tell Your World,13.800003,IN Lv.13,13.56,12.84,0.72,771,173.2
10082,Energy Drink,14.400002,IN  Lv.14,15.46,13.87,1.59,1384,135.0
10086,粛聖!! ロリ神レクイエム☆,13.499999,IN Lv.13,15.17,13.51,1.66,1346,266.7
10093,安逸之野,14.1,IN Lv. 14,14.07,13.55,0.52,486,82.8
10096,Crisscross,15.400002,IN Lv.15,16.34,15.16,1.18,975,118.9
10099,City,14.0,IN Lv.14,14.64,13.81,0.83,804,118.4
10104,Water Quench,12.60001,IN.不会填,12.42,11.39,1.02,865,177.1
10137,别让我担心,12.7,Cecilia Lv.12,9.81,8.86,0.95,492,227.8
10144,Skyward,14.0,XT Lv.14,14.92,14.1,0.83,791,101.2
10176,Super Nova Project,16.0,AT Lv.16,16.76,15.5,1.25,1172,162.9
10185,Cosmobreak,15.0,IN Lv.15,14.46,13.65,0.81,691,110.6
10190,HUG AND KILL,16.600002,AT Lv.16,17.71,16.04,1.67,2253,198.5
10199,Orthodox,14.400002,IN Lv.14,14.02,13.26,0.76,1087,135.5
10248,Grimheart,3.0,<3,14.5,13.3,1.2,761,133.8
10253,但,14.299999,IN Lv.14,14.25,13.49,0.76,533,131.8
10260,Crush EXPERT,15.299999,IN Lv.15,15.27,14.57,0.7,915,129.7
10288,lost illusion,15.0,IN Lv.15,15.24,14.11,1.13,1108,129.8
10297,愛にできることはまだあるかい,12.0,IN Lv.12,14.11,13.03,1.09,1023,255.8
10311,阳光开朗大男孩,15.0,IN Lv.15,14.55,13.11,1.44,1440,191.1
10386,Controversial Awareness,16.800003,AT  Lv.16,18.22,16.18,2.04,2180,161.7
10390,Harumachi Clover (Swing Arrangement),14.0,IN Lv.14,13.69,13.08,0.62,170,26.5
10396,粛圣‼︎ ロリ神レクイエム☆,15.400002,ロリ15,15.94,14.57,1.37,1686,267.6
10406,baby喵~,13.0,IN Lv.13,12.81,11.81,1.0,910,145.3
10409,ロータスイーター（feat.歌愛ユキ）,13.699998,IN Lv.13,14.27,13.44,0.83,815,158.9
10424,夢燈籠,14.200001,AT Lv.14,14.62,13.46,1.16,901,210.0
10452,無意識レクイエム,15.4000025,無意識  Lv.514,14.87,13.73,1.13,888,130.8
10455,Controversial Awareness,15.900001,IN Lv.15,16.01,14.32,1.7,1916,162.6
10467,Sound Chimera,15.300001,IN Lv.15,16.1,14.97,1.13,1224,131.4
10475,Säkkijärven polkkaa,15.200005,IN,14.53,14.0,0.52,736,103.2
10507,The Alone,13.200001,IN Lv.13,12.76,11.88,0.88,425,150.6
10511,Neon,14.700003,AT LV.14,14.6,14.15,0.45,896,117.7
10518,你呀你呀,12.500002,IN Lv.12,11.87,11.05,0.82,637,194.5
10532,Materialize Anything,15.700003,IN  Lv.15,15.99,15.29,0.7,942,130.4
10534,Astra walkthrough,16.0,FJC Lv.憋,18.46,15.81,2.65,4511,136.3
10536,迪斯科坦克,14.0,LN.14,14.14,13.2,0.94,1001,153.4
10561,Villain Virus,16.0,Crazier Ver.？,17.35,15.35,1.99,2500,264.9
10571,天気,9.999999,IN Lv.10,7.22,6.87,0.35,200,97.1
10580,Azure Fantasies(Airally Remix),13.1,IN Lv.13,13.69,13.08,0.62,599,118.3
10611,colorful,14.300001,IN Lv.14,14.17,13.52,0.65,792,137.0
10616,Pierce,10.0,BMS,15.07,14.28,0.78,526,122.2
10617,S.A.T.E.L.L.I.T.E.,16.700003,AT Lv.16,17.36,15.83,1.52,2138,271.5
10631,Chaos Emperor,15.400002,IN Lv.15,16.05,15.1,0.96,1424,174.3
10647,Unparalleled,15.700003,IN Lv.15,15.73,14.62,1.11,1208,145.4
10664,Underworld,15.400001,IN Lv.渊,15.72,15.11,0.62,706,134.5
10674,彁,10.0,IN Lv.15,17.6,15.84,1.75,1623,135.8
10677,スピカ（室女座）,15.300005,AT Lv.15,14.1,13.02,1.08,829,152.6
10703,尘世闲游,13.499999,IN Lv.13,12.94,12.47,0.47,252,88.3
10726,phony,13.0,AT Lv.13,14.6,13.52,1.08,1220,185.3
10744,《Ж》,15.400002,IN Lv.15,16.35,14.78,1.57,1290,135.3
10750,Break Through Myself,16.800003,AT LV.16+,18.11,15.83,2.28,3150,256.8
10763,Cyka Blyat,15.200001,不列 Lv.15,16.29,15.0,1.29,1316,173.8
10790,斜陽,13.0,IN lv.13,11.65,11.16,0.48,462,115.0
10797,粛聖!! ロリ神レクイエム☆,15.3,ロリ Lv.15,15.53,14.06,1.47,1884,264.4
10819,Chariot,12.600002,HD Lv.12,16.36,15.45,0.9,904,135.0
10827,焦糖星,14.1,Caramel  Lv.14,13.3,12.94,0.36,643,139.6
10831,Dawnbreath (α),15.400002,WM Lv.15,15.05,14.1,0.95,1141,144.0
10841,Warma Is Good,12.0,WA Lv.13,12.59,11.97,0.61,381,72.6
10849,The Calling,14.0,IN Lv.14,11.28,10.52,0.77,783,220.4
10855,ASTRO+NYAUT,15.0,EEEEZ.-15,15.47,14.14,1.33,1197,141.5
10864,Level ! Remake,15.300001,FanMade LV.15,15.33,14.12,1.21,1509,192.0
10872,Fade,14.500001,IN Lv.14,14.38,12.63,1.75,1300,247.6
10895,QUEEN,14.300001,IN  Lv.14,13.85,13.36,0.49,763,132.7
10981,Yestalgia for Futurity (from FRENZ 2023),15.400002,脑裂,14.83,14.12,0.71,790,118.9
10991,AM7:15,10.0999975,IN,10.99,10.28,0.71,367,106.7
11009,温软宇宙,13.200001,IN Lv.13,13.35,12.25,1.1,934,231.0
11011,Avantgarde,15.900003,AT LV.15,16.05,14.67,1.38,1442,142.5
11015,Battle Against A True Hero,13.0,IN Lv.13,14.14,12.92,1.22,870,147.2
11019,Rainy Heart,13.500002,AT Lv.13,13.71,12.98,0.72,673,141.4
11036,spicy,7.0,7,13.33,12.76,0.57,657,127.3
11039,LOVE DIVE,5.0,5,11.17,10.54,0.63,634,105.3
11040,Silver Bullet,15.500002,IN  Lv.15,15.53,14.38,1.15,1163,122.6
11061,花人局,13.6,IN:13,13.86,12.2,1.65,1567,316.1
11071,だんご大家族 ,13.0,IN Lv.13,9.55,8.26,1.29,807,259.3
11075,Particle Arts,14.400002,IN Lv.14,14.94,13.98,0.96,722,141.6
11076,MATORYOSHKA,14.5,IN Lv.14,14.97,13.87,1.1,1184,192.6
11078,ラグトレイン (延误列车),14.700003,IN Lv.14,13.89,12.48,1.42,1725,238.2
11084,Fantastical Hurricane,12.0,IN Lv.12,11.68,11.12,0.56,271,78.5
11109,尊師 ~The Guru~,15.599997,AT Lv.15,16.12,15.43,0.69,848,118.4
11113,宛城，炎上！！,16.2,IN Lv.16,16.6,14.94,1.66,1779,167.7
11119,幻,15.0,IN  Lv.15,14.28,13.82,0.46,835,115.5
11133,Don't Fight The Music,15.200001,IN Lv.15,15.37,14.21,1.15,1289,157.1
11138,所念皆星河,12.300001,Night Lv.12,12.56,11.67,0.89,744,192.2
11141,Burgeon,13.500002,IN Lv.13,13.42,12.48,0.95,970,198.9
11148,烏兎,15.700003,IN Lv.15,15.73,14.75,0.99,1197,117.0
11154,Moments,13.7,IN Lv.13,13.77,13.23,0.54,409,101.9
11155,Xéroa,13.600002,AT Lv.16+,17.42,15.32,2.1,1622,113.2
11174,The Next Arcady,13.0,IN Lv.13,15.02,14.3,0.72,871,118.8
11194,Wolves Standing Towards Enemies,16.500002,AT Lv.16,17.14,15.75,1.39,1685,162.1
11199,春泥棒,14.3,IN 14,13.57,12.3,1.27,1403,260.6
11205,Symphony Op.1 -CHAOS-,15.9,CHAOS Lv.?,16.36,15.28,1.08,1735,206.2
11213,がんばれ! 蜘蛛子さんのテーマ,16.400002,AT Lv.16,16.57,14.87,1.7,2096,234.6
11222,DEADMAN'S BALLAD,15.900003,IN Lv.15,16.6,15.07,1.54,1664,158.9
11243,The Nightfall will be Conceal Everything Before Long,15.700001,IN Lv.15,15.87,14.67,1.2,1135,136.6
11268,樱花邮局,14.3,IN Lv.14,13.26,12.53,0.73,775,152.4
11286,なかよし!〇!なかよし!,12.700003,IN Lv.12,13.41,12.99,0.42,521,87.1
11287,Our New Story,16.0,AT Lv.16,16.87,15.73,1.14,855,79.9
11304,Imprinting,15.600002,IN Lv.15,15.18,14.31,0.88,1003,111.1
11320,ouroVoros,15.700003,IN Lv.15,15.61,14.51,1.09,1136,133.6
11324,Forever,14.400002,AT Lv.14,16.05,15.25,0.8,618,85.4
11334,Time Leaper,15.0,IN  Lv.15,14.55,13.72,0.83,865,142.3
11354,万花筒,15.900003,lN Lv.15,17.21,15.69,1.52,1791,290.7
11356,月夜見,14.599998,Legacy Lv.14,14.87,13.98,0.89,1045,143.0
11366,Le Porteur d'Ombre,16.500002,AT Lv.16+,17.6,16.07,1.52,1440,142.1
11375,PRINCE OF DARKNESS,13.1,IN Lv.13,10.38,9.99,0.39,554,115.9
11387,让风告诉你,12.0,IN Lv.12,13.78,12.81,0.97,787,222.6
11416,生きる,14.799999,IN Lv.14,14.81,13.83,0.98,920,167.5
11435,運命線上のアリア,15.3,IN Lv.15,15.04,14.01,1.04,951,149.0
11442,Reality Distortion,16.6,AT Lv.16,17.16,15.61,1.55,2192,295.2
11483,巴啦啦小魔仙,13.0,IN  Lv.13,13.08,12.62,0.45,390,85.2
11502,De Kieru,16.2,AT Lv.16,17.26,15.65,1.62,1094,82.7
11515,IN,15.0,1N Lv.15,15.29,14.65,0.64,800,119.1
11517,Le Porteur d'Ombre,17.0,AT Lv.17,18.18,16.19,1.99,1751,142.1
11526,'All-Devouring Narwahl' Boss Theme II,15.200001,IN LV.15,14.72,13.94,0.78,852,97.6
11543,Bookmaker（2D Version）,16.700003,AT Lv.16,17.24,15.68,1.56,1652,145.4
11548,とびだせ！TO THE COSMIC!!,14.900003,IN Lv.14,15.65,14.38,1.27,1230,156.2
11557,超度 -Go Beyond-,16.0,AT Lv.16,17.18,15.86,1.32,1573,146.0
11562,Stellar:Dream,15.8,IN Lv.15,16.41,15.31,1.1,1241,125.2
11570,★Hello (BPM) 2021,16.3,IN Lv. 16,17.1,15.24,1.86,2212,130.4
11577,enchanted love (and the witch's selfish heart),13.900003,IN Lv.13,13.94,12.87,1.07,1429,269.1
11584,再会 (はるまきごはんVocal ver),13.899999,IN,14.48,13.17,1.31,1660,237.4
11585,国士無双,16.9,AT Lv.16,18.39,16.05,2.34,2527,187.0
11594,圣诞,13.799999,IN Lv.13,13.14,12.59,0.55,620,112.5
11611,Skyscape,13.5,IN Lv.13,13.89,13.29,0.6,700,162.2
11616,Connected Sky,13.0,IN Lv.13,13.75,13.3,0.45,665,111.0
11622,♿the EmpErroR♿,15.900003,SP  Lv.♿,16.61,15.4,1.22,1144,117.8
11630,夢浮橋 (ユメノウキハシ),12.600002,IN lv.12,10.86,10.43,0.43,247,77.5
11646,まっすぐ,11.000001,IN  Lv.11,10.9,10.41,0.49,283,77.0
11669,Soleil,14.0,IN Lv.14,15.01,13.46,1.55,1489,279.0
11694,Valsqotch,16.300001,AT Lv.16,17.02,15.37,1.65,1635,149.2
11716,End Time,15.900001,IN Lv.15,16.44,15.39,1.06,1044,127.1
11727,《Ж》(Convergence),15.400001,IN Lv.15,16.0,14.86,1.15,1049,138.1
11745,Latent Kingdom,15.800003,IN  Lv.15,16.58,15.14,1.44,1725,157.6
11749,No.7,15.300001,IN Lv.15,15.45,14.33,1.12,922,131.8
11756,Era Breath,15.800003,IN  Lv.15,15.62,14.55,1.06,1222,126.0
11765,Silent Answer,14.299999,IN Lv.14,14.07,13.12,0.95,826,131.2
11766,0xff,14.999999,IN Lv.try,15.03,14.05,0.99,276,33.9
11789,Thinkin' About U,15.200001,IN Lv.15,15.22,14.14,1.08,1023,145.5
11815,Like Naughty Young Pretty Princess....,14.700003,IN Lv.14,14.69,13.8,0.88,850,138.8
11832,轻涟 La vaguelette,12.700003,IN Lv.12,9.93,9.46,0.47,365,126.8
11848,てねてね,11.5,HD Lv.11,13.49,12.84,0.65,539,111.4
11855,雨女,14.500002,IN Lv.14,14.48,13.41,1.07,1079,143.8
11859,Glazed Color,13.7,IN Lv.13,13.98,13.32,0.66,627,131.5
11860,Illegal Deal,15.900003,IN  Lv.15,16.13,14.94,1.19,1292,136.7
11861,ロータスイーター,14.0,IN Lv.14,14.6,13.46,1.14,989,158.9
11862,Forever loved,14.900003,IN Lv.14,14.44,13.48,0.96,1054,158.0
11865,Fragments,14.8,IN Lv.14,14.33,13.28,1.05,598,89.0
11870,Polyommatus,14.5,AT Lv.14,15.26,13.91,1.35,1045,227.2
11880,エゴロック (自我摇滚),14.0,IN Lv.14,14.26,13.46,0.8,707,107.7
11888,一重加害,14.800003,Persecution Lv.14,14.67,13.66,1.01,1199,205.2
11905,You are the Miserable (Laur Remix),15.8,AT Lv.15,16.28,15.11,1.17,1348,171.8
11918,Eltina,12.700003,IN  Lv.12,11.91,11.53,0.38,372,124.4
11944,僕が見た世界,13.0,IN Lv.13,13.31,12.4,0.91,700,121.4
11946,あさひ (朝阳),14.800003,IN ：14,15.82,13.75,2.07,2211,435.7
11952,悪戯センセーション,15.200003,IN Lv.15,14.06,13.29,0.78,783,111.9
11957,The Daybreak Will Never Come Again.,16.400002,AT Lv.16,17.55,15.99,1.57,1835,159.1
11960,のだ,14.6,IN Lv.14,15.17,14.28,0.88,811,167.3
12003,Homestead,14.900002,IN Lv.14,15.09,14.16,0.93,1027,203.6
12015,クリスマスなんて興味ないけど,12.0,IN Lv.15,15.41,13.94,1.47,1894,266.0
12032,STEP By STEP UP↑↑↑↑,14.1,IN Lv.14,13.58,12.87,0.71,552,87.9
12050,不需等天晴,10.0,UK,15.7,14.24,1.46,1394,228.8
12054,JACK PT BOSS,14.400001,IN Lv.14,14.78,13.82,0.95,1151,139.4
12058,少女A,14.599999,IN Lv.14,13.89,12.96,0.92,1171,227.8
12060,It's me,14.600002,IN Lv.14,14.45,13.28,1.17,1187,194.9
12072,マシュマリー,14.1,IN Lv.14,14.19,13.44,0.76,733,96.1
12097,Nyan-Dead,14.700003,FP Lv.14,15.05,14.29,0.77,1087,123.2
12118,★超度 -Go Beyond-,15.900002,IN Lv.15,17.04,15.6,1.44,1650,146.0
12121,ジャックポットサッドガール,14.0,IN Lv.14,14.95,13.86,1.09,1058,180.0
12125,EVE,14.400002,IN  Lv.14,14.98,14.24,0.73,698,103.5
12126,Ghost Fight,14.300001,IN  Lv.14,14.39,13.79,0.59,791,103.5
12132,ouroboros -twin stroke of the end-,16.2,IN  Lv.16,16.71,15.18,1.53,1393,145.4
12148,幻影,14.200001,IN lv.14,13.96,13.36,0.6,614,122.8
12152,If Tomorrow Never Comes,10.0,AT Lv.15+,16.36,15.12,1.25,1614,274.6
12153,魔法少女チノ,13.900003,IN Lv.13,14.49,13.57,0.91,867,149.5
12160,★Inverted World,15.5,IN Lv. 15,15.39,14.47,0.92,883,117.2
12162,Granat,15.800002,IN Lv.15,14.02,13.37,0.64,275,41.8
12176,dB doll,14.8,EX Lv.14,14.76,13.78,0.98,910,158.5
12182,Tera I/O,16.1,AT Lv.16,17.91,16.02,1.89,1950,178.8
12187,Travel Begins,15.0,IN Lv.15,13.87,13.04,0.83,1068,169.7
12209,モア！ジャンプ！モア！,15.600002,AT Lv.15,15.91,14.74,1.17,1240,172.1
12215,最後,14.899999,IN Lv.15-,15.15,13.98,1.16,1140,219.6
12226,凄美地,13.499998,IN Lv.13,11.6,10.26,1.34,850,240.8
12230,More One Night(Assertive Hardcore Bootleg),14.0,IN Lv.14,14.7,13.97,0.73,571,63.2
12250,絶望性：ヒーロー治療薬,14.799999,IN Lv.14,16.16,14.87,1.3,1492,188.6
12271,驟雨の狹間,16.0,AT Lv.16,16.78,15.36,1.42,1854,220.7
12272,Brain Power,14.0,IN Lv.14,14.56,13.89,0.67,828,103.8
12273,Lunàtixxx Gear,15.800003,AT lv.15,16.42,15.18,1.25,1301,147.0
12275,Don't Die,15.1,IN Lv.15,14.75,13.68,1.07,1111,120.7
12277,Imprinting,15.400002,IN Lv.15,14.99,14.08,0.91,862,111.3
12278,Hey-day狂騒曲(カプリチオ),14.0,IN Lv.14,15.13,14.22,0.91,849,105.6
12295,琵琶行（short ver.）,14.9,IN Lv.14,14.6,13.48,1.12,1300,237.3
12300,星闪闪月弯弯,11.0,IN Lv.11,11.6,10.75,0.85,511,175.2
12324,Aishite Aishite Aishite,13.000002,IN Lv.13,13.3,12.42,0.88,459,119.0
12342,∀NOMALY ,15.8,AT,16.33,14.84,1.49,2112,256.0
12365,End Time,16.0,ET Lv.16,17.29,15.94,1.35,939,127.5
12366,S.A.T.E.L.L.I.T.E.,16.400002,AT Lv.16,17.22,16.15,1.06,985,117.9
12395,二重变革,14.0,Influence Lv.14,14.4,13.23,1.17,1033,181.2
12397,夢浮橋 (ユメノウキハシ),12.599999,IN lv.12,11.29,10.54,0.76,499,184.3
12399,秋姉妹のなく頃に In the Autumn Sky,13.900001,IN Lv.13,13.76,12.35,1.42,1105,250.8
12436,XN-X 海王星外天体,14.600002,IN Lv.14,14.05,13.48,0.57,712,105.5
12479,玫瑰少年,13.8,IN 13.8,13.93,12.98,0.95,1000,216.6
12509,Daylight,14.0,Hope Lv.14,10.06,9.41,0.65,298,133.0
12515,NightTheater,15.099999,IN Lv.15,14.66,13.8,0.86,816,117.6
12528,汚れっちまった、哀しみに…（笑）,15.700003,IN  Lv.15,15.47,14.96,0.51,769,121.0
12554,Dream Flower,14.0,IN Lv.14,14.46,13.12,1.35,1002,195.2
12560,Nightglow,423.0,IN Lv.K423,15.26,13.99,1.27,1174,172.7
12572,我和你,11.6,IN Lv.11,12.79,12.48,0.31,330,80.2
12576,U Miss Me,13.6,IN Lv.13,14.21,13.47,0.74,846,143.0
12577,MEGALOVANIA (Camellia Remix),16.0,AT,17.03,15.27,1.76,2058,198.2
12619,Destiny,15.0,IN Lv.15,15.41,14.78,0.63,966,146.0
12626,Make Up Your World,15.400002,AT Lv.15,15.79,14.72,1.07,1143,191.5
12647,Desolate Domain [FE2CM Original],13.400001,IN,13.32,12.28,1.04,716,132.0
12649,Forever Young,15.0,AT Lv.15,16.25,15.49,0.76,1008,136.8
12671,STYLEPOINTS,14.400001,IN Lv.14,13.04,12.48,0.57,472,63.3
12681,微观戏剧,14.200001,Legacy Lv.14,14.52,13.96,0.56,654,85.3
12705,My Sunset,14.900003,IN Lv.14,14.3,12.83,1.46,1314,305.0
12712,The Amazing Digital Circus Theme,14.1,IN Lv.14,12.96,12.54,0.42,554,104.0
12725,绝望性：ヒーロー治疗薬,15.300001,IN LV.15,15.48,14.2,1.28,1739,197.9
12734,raputa,16.900003,IN Lv.16,17.04,15.27,1.77,1777,149.2
12760,甩葱歌,14.0,IN Lv.14,14.02,13.43,0.59,1008,136.7
12765,Equality of Equites,14.0,IN Lv.14,14.28,13.51,0.77,866,121.2
12777,人マニア,13.999999,IN Lv.14,13.91,12.88,1.02,794,118.2
12792,アポカリプスなう,14.600002,IN  Lv.14,14.64,13.51,1.12,900,168.6
12810,World's Smallest Violin,14.600002,IN Lv.14,12.87,11.72,1.15,740,180.4
12812,Burn (Haocore Mix),15.1,IN Lv.15,15.1,14.29,0.81,1089,138.2
12817,風のたより,14.0,IN lv.14,13.9,13.16,0.74,759,168.7
12843,天灵灵地灵灵,15.500002,IN Lv.15,15.63,14.29,1.34,1248,141.2
12846,Σvreka,17.0,AT Lv.17,19.01,16.13,2.88,4030,327.2
12847,ネオン色のまち feat. Mai,14.7,IN Lv.14,14.62,13.39,1.22,829,163.5
12850,We Won't be alone,14.900003,IN Lv.14,14.85,13.83,1.02,1014,229.0
12856,Dogbite,15.1,AT Lv.15,16.48,15.6,0.88,962,118.2
12865,始点前夕暮れ,15.200001,IN Lv.15,15.04,14.05,0.98,1403,202.4
12870,I Really Want to Stay at Your House,12.5,IN,13.82,12.9,0.92,691,171.4
12933,Night Dancer(Teddyloid Remix),15.100004,IN Lv.15,14.56,13.28,1.28,1304,222.9
12934,ふゆびより,12.1,NO.12.8,9.99,9.32,0.67,282,79.5
12956,勘冴えて悔しいわ,13.799999,IN Lv.13,14.74,13.32,1.42,1339,231.8
12964,Acht Streiks,16.400002,AT Lv.16,17.57,15.63,1.94,1743,155.2
12973,Interstellar,15.400002,IN Lv.15,15.14,14.16,0.99,1090,182.8
12989,Sky Blue,15.1,IN Lv.15,14.28,13.08,1.2,1521,176.9
12993,Moonlight Sonata,16.0,IN Lv.16,17.67,15.72,1.95,1931,144.4
13004,群青,10.0,SP  Lv.?,14.73,13.36,1.38,1422,239.8
13019,The piano,13.700003,IN Lv.13,10.45,9.41,1.04,406,76.7
13024,Twinkle Shower,13.0,IN Lv.13,13.97,13.3,0.67,596,111.0
13036,星相运轨-The End of Time-,15.0,IN Lv.15,15.08,13.97,1.11,1111,187.6
13050,Inverted World,15.0,IN Lv.15,15.88,15.08,0.8,900,117.2
13065,8bit Voyager,16.0,AT Lv.16,16.94,15.63,1.32,1400,132.2
13067,Avantgarde,16.900003,AT Lv.16+,17.89,16.05,1.84,1815,150.7
13072,Spin Eternally,16.2,IN Lv.16,17.66,15.92,1.74,2130,223.5
13082,★Star Fall in Evernight City,15.400002,AT  Lv.15,15.45,14.46,1.0,900,114.2
13085,心如止水,13.0,IN Lv.13,10.34,9.67,0.68,655,149.8
13087,超度 -Go Beyond-,16.2,AT Lv.16,17.65,16.03,1.62,1600,146.0
13096,The Lost Aria,14.200003,IN Lv.14,13.77,12.63,1.14,1000,228.3
13099,Rhythm Hell,20.0,IN Lv.Hell,15.04,14.55,0.49,109,37.9
13103,See You Again,14.099999,IN Lv.14,13.88,12.56,1.32,1237,212.6
13109,Lavender Leaf (fate.Lexi),14.900001,IN Lv.14,14.52,13.72,0.79,1048,208.9
13110,Aurora,15.300001,FM Lv.15,14.86,13.88,0.98,1048,132.1
13122,Niebelungen,16.400002,AT  Lv.16,17.62,15.94,1.67,1940,179.5
13128,Hurt Myself,15.200001,IN Lv.15,15.17,14.36,0.8,941,188.3
13131,Ascension to Heaven,16.800001,AT Lv.16+,17.88,16.19,1.7,1683,153.8
13134,Rebirth of the MYTH,15.1,IN Lv.15,15.29,14.27,1.02,1064,150.6
13140,Chrono,2024.0,SP Lv.2024,14.56,13.36,1.21,1373,131.7
13145,K,14.400002,RE:IN Lv.14,15.51,14.91,0.6,773,128.0
13149,Timeline,15.0,IN Lv.15,15.15,14.25,0.9,860,123.0
13160,我需要更多黑塔,17.7,IN Lv.7,10.85,10.51,0.35,93,25.6
13170,Cαηnec/ioη,15.000001,IN,15.27,13.83,1.44,2024,248.2
13178,狂虐の乐,10.0,　,16.21,14.83,1.38,1869,137.1
13185,Shooting Stars,13.400002,IN Lv.13,12.91,12.32,0.59,463,111.3
13186,ずるいよMagnetic today (好狡猾哦Magnetic today),15.300005,IN Lv.15,14.68,13.35,1.33,1113,240.9
13205,folern,15.700003,IN Lv.15,15.79,14.66,1.12,1142,134.6
13207,If Only You,13.0,IN Lv.13,13.55,12.46,1.08,969,232.1
13210,Sacramentum Unaccompanied Hymn for Torino,8.999999,HD Lv.9,9.45,8.95,0.51,557,198.4
13223,Battle Against A True Hero,14.200001,IN Lv.14,14.4,13.55,0.85,759,146.0
13235,Euphoria(feat. Tsugumi Nagahara),15.400002,IN Lv.15,14.25,13.73,0.53,794,119.3
13236,来闹放克（MMM）,11.200005,HD Lv.11,13.65,12.64,1.01,848,208.9
13237,Get 'em up to R.A.V.E.,14.900001,IN Lv.14,14.06,13.55,0.51,716,145.4
13256,Daydream café,19.6,IN Lv.13,13.52,12.97,0.55,514,106.8
13265,Doppelganger,16.800001,AT Lv.16,16.66,15.46,1.2,1350,141.1
13297,Shizuku,14.6,IN Lv.14,15.24,14.48,0.77,1000,168.0
13303,By Your Side,14.3,IN Lv.14,14.19,13.03,1.16,923,187.3
13306,重音テトSV】萨卡萨卡班班甲鱼鱼,12.7,SP Lv.?,15.28,14.63,0.65,648,86.7
13318,Super Universe (Knighthood Remix.),15.8,IN  Lv.15,16.21,14.83,1.38,1300,134.7
13332,Eligos,16.2,IN Lv.16,16.62,15.33,1.3,1389,135.4
13349,Love's Oracle,13.0,IN Lv.13,13.47,12.93,0.54,520,100.2
13363,チルノのパーフェクトさんすう教室,14.800003,IN Lv.14,14.7,13.86,0.84,999,120.3
13364,PUPA (uma Remix),15.299999,SP Lv.15,16.4,15.06,1.35,1078,137.0
13365,End Time,11.900001,HD Lv.11,13.21,12.51,0.7,786,127.1
13366,Astronomia(美國空軍 a.k.a Daily Mix),15.600002,RE Lv.15,15.07,14.05,1.02,1083,127.4
13368,爆炸性新闻！-Breaking News!-,13.7,IN Lv.12i,13.37,12.69,0.68,440,71.2
13370,紅蓮華,14.800003,IN Lv.14,14.93,13.61,1.31,1700,230.9
13376,What's up? Pop!,16.600002,AT Lv.龙,17.95,15.72,2.23,2320,160.4
13395,R.I.P.,15.400002,IN Lv.15,15.09,14.28,0.81,934,133.1
13397,Lights of Muse,14.900001,IN ,14.9,14.08,0.82,705,96.0
13414,透明な惑星,13.500001,EX 13,13.31,12.62,0.69,586,187.2
13419,一梦千宵,15.0,AN Lv.15,13.08,11.71,1.37,1108,248.5
13425,Roki (ロキ),14.299999,ROKI Lv.14,13.85,13.04,0.81,614,98.4
13431,硝华流焰,15.1,IN Lv.15,14.62,13.91,0.71,577,93.5
13444,色は匂へど 散りぬるを (花朵艳丽 终会散落),14.400005,IN Lv.14,14.35,13.38,0.97,810,208.1
13445,Epicram,15.0,IN Lv.15,15.87,14.91,0.96,1240,130.0
13446,月光,6.4999967,EZ Lv.6,7.37,6.72,0.65,372,209.1
13496,神のまにまに,14.100001,IN Lv.14,13.77,12.78,0.99,785,118.6
13503,窒碍难行,15.1,AT Lv.15,14.92,14.15,0.78,740,170.9
13507,Manifold Hypothesis,14.800003,IN Lv.14,14.43,13.62,0.81,840,144.9
13550,Fragrance,14.0,AT,13.64,13.1,0.54,478,69.3
13551,NEW OLD SOV,14.500001,14,14.81,13.92,0.89,935,143.0
13589,踏山河,14.0,IN Lv.14,13.3,12.23,1.07,645,154.9
13599,Last Paradise,13.200019,IN Lv.13,12.67,11.72,0.95,641,142.5
13608,Elpis,16.0,IN Lv.15,16.26,14.4,1.86,1511,168.5
13617,啊呦啊呦,12.499998,IN Lv.12,13.17,12.26,0.91,443,88.8
13625,Sparkle New Life,15.7,AT Lv.15,15.99,15.28,0.71,817,115.2
13722,再会,14.2,IN Lv.14,14.38,13.43,0.94,938,233.9
13751,Microburst,18.4,IN Lv.13,11.81,11.28,0.53,248,68.2
13769,Diamond Eyes,13.599995,FM Lv.13,13.56,12.79,0.76,713,123.4
13775,Unwelcome School,10.0,SP Lv.?,17.01,15.56,1.44,1475,140.5
13780,Nyarlathotep's Dreamland,16.0,dreamland Lv.16,17.06,15.88,1.18,1346,134.7
13782,enchanted love,14.2,IN LV.14,13.82,13.39,0.43,603,104.8
13789,GALACTIC WARZONE,15.800003,IN Lv.15,15.35,14.0,1.35,1555,131.0
13792,渡月橋 ～君 想ふ～ (渡月桥~思君~),14.5,IN Lv.14,14.64,13.17,1.47,1145,241.8
13795,銀世廻 -Alternative-,15.1,IN Lv.15,14.8,14.07,0.73,894,130.2
13797,Lanterns,14.0,IN Lv.14,14.18,12.83,1.35,1278,230.2
13799,GOODTEK,14.700001,AT Lv.14,15.19,14.32,0.86,1121,116.2
13828,胡桃嗷（2.0）,15.400002,IN.lv.15,12.41,11.7,0.71,535,109.0
13839,WATER,14.199998,IN ,13.33,12.53,0.8,754,149.9
13849,The Saltwater Room,13.400002,Lv.13,9.9,8.69,1.21,742,260.9
13867,TiamaT:F minor,16.2,IN Lv.16,16.3,14.98,1.32,1800,147.9
13875,勇者,14.200001,IN Lv.14,14.11,13.55,0.56,504,79.3
13879,走吉歌,14.5,IN Lv.14,13.49,12.61,0.89,436,133.1
13884,斷劍の獄,15.2,IN Lv.15,14.99,13.9,1.09,973,117.0
13885,Meltdown,13.600002,IN Lv.13,13.68,12.92,0.76,670,138.3
13918,再次与你同行,13.6,Bear.10,13.84,12.84,1.0,1000,221.5
13920,ぱつぱらっぱ·ぴよよ～～んTEA,15.500002,IN Lv.15,15.91,14.74,1.17,1073,126.8
13961,Fading Sky,14.3,IN Lv.14,15.22,14.11,1.11,697,137.2
13962,Waterfalls,14.900001,EX Lv. 14,12.64,11.68,0.95,598,172.9
13967,enchanted love,13.500002,IN Lv.13,12.66,12.2,0.46,435,103.6
13969,CENSORED!!,15.600005,IN Lv.15,15.6,14.76,0.83,867,107.7
13986,Save Me,13.0,IN Lv.13,13.85,12.89,0.95,666,157.4
13989,ただ声一つ,13.0,IN  Lv.13,13.79,13.14,0.65,701,138.4
14034,ふわり,15.099999,AT Lv.14,14.81,14.12,0.69,897,122.7
14050,月虹蝶,14.500002,IN Lv.14,13.62,12.72,0.9,656,130.3
14105,Realise,14.900001,IN Lv.14,14.77,13.64,1.14,1141,175.2
14133,ナイト・オブ・ナイツ,15.3,IN Lv.15,14.98,14.25,0.73,777,117.3
14141,Avantgarde,16.000029,AT Lv.16,17.81,16.07,1.74,1800,150.7
14143,「僕は…」,14.200001,IN lv.14,13.96,12.94,1.03,896,160.0
14172,SolarOrbit-Connected with the Espabrother-,15.500001,IN  Lv.15,16.13,14.97,1.16,1390,156.4
14191,BLACK SWAN,15.200001,IN Lv.15,15.08,14.31,0.77,830,110.9
14192,VorpΛlize,17.0,AT  Lv.17,18.09,16.3,1.79,1302,106.1
14203,パリピフラン,14.900003,IN Lv.14,14.41,13.66,0.75,915,157.5
14273,Thriving dawn,13.800001,IN,13.47,12.57,0.9,701,136.2
14286,Change (feat. Zach Callison) (From: Steven Universe),11.000004,IN Lv.11,10.91,10.25,0.67,347,89.2
14288,GALACTIC WARZONE,6.9999976,EZ Lv.7,8.15,7.54,0.62,391,121.2
14289,Unlimated image world,14.900006,SP Lv.14,15.15,14.16,0.98,1089,128.9
14291,三重爱恋,14.200001,Erotomanic Lv.14,14.4,13.2,1.19,967,195.5
14311,Shinonome,15.0,IN Lv.15,14.9,14.08,0.81,1052,142.6
14322,Aoharu Band Arrange,13.6,IN Lv.13,13.76,13.12,0.63,532,105.7
14347,不眠之夜,12.800003,IN Lv.12,12.63,12.24,0.39,292,79.7
14349,うまぴょい伝説/,14.600002,IN Lv.14,16.1,15.09,1.01,774,128.3
14357,The Nightfall will be Conceal Everything Before Long.,15.700003,IN Lv.15,15.94,14.78,1.16,1259,138.6
14380,Bunny Bunny Carrot Carrot,15.400002,IN Lv.15,14.7,13.98,0.72,668,111.4
14383,Only Lonely,13.600002,IN Lv.13,12.81,11.77,1.04,836,222.7
14400,不眠之夜 WHITE NIGHT,13.900003,IN Lv.13,12.99,12.37,0.63,589,131.2
14409,ぱっぱらっぱ·ぴよよ～～んTEA,15.300001,IN lv.15,15.66,14.55,1.11,1200,127.2
14410,夏野与暗恋,13.200001,IN Lv.13,12.62,11.9,0.73,700,155.7
14429,Villain Virus,15.900003,IN Lv.15,16.03,14.24,1.79,3200,264.9
14433,Eternal Twilight,12.2,♡ Lv.12,9.55,9.11,0.44,500,170.3
14438,Realms,14.0,IN Lv.14,14.75,13.39,1.35,1774,209.3
14449,不眠之夜,13.400002,IN Lv.13,13.55,13.03,0.52,343,79.7
14451,B.B.K.K.B.K.K.,14.0,IN Lv.14,14.57,13.64,0.93,762,118.2
14454,INTERNET YAMERO,16.2,AT Lv.16,16.85,15.21,1.64,2533,228.3
14458,新•轮回尘世,14.400002,AT Lv.14,13.98,13.19,0.79,711,166.4
14480,≠ (Over Limit),16.800003,AT Lv.16,18.78,15.73,3.05,3000,154.7
14483,オーバーライド (Override),15.7,IN,14.84,13.85,0.99,1089,134.1
14485,不眠之夜,14.0,IN Lv.14,13.97,13.12,0.85,652,131.2
14488,Are You Lost,12.300001,The Lost Self `12,12.98,12.69,0.28,647,153.9
14504,Trojan,10.0,SP Lv.?,15.24,14.33,0.91,1073,142.0
14505,WHITE NIGHT,13.500002,IN Lv.13,12.67,11.8,0.87,645,135.0
14550,恋のうた,14.099998,IN 14,14.65,13.99,0.66,520,86.2
14553,Color your night,5.1,Night Lv.5,8.33,8.19,0.14,123,61.8
14569,新幹線でひたすら後ろの子供に席蹴られるリ,14.400002,IN Lv.14,14.29,13.82,0.47,743,97.9
14572,Kick Back (Tv Size),13.499998,IN Lv.13,13.52,12.9,0.62,377,80.3
14573,Inverted World,15.7,AT Lv.15,16.03,15.08,0.95,1053,117.2
14600,How To Make 音ゲ～曲！,15.300001,IN Lv.15,15.91,14.8,1.11,1313,147.2
14602,星降る夜と一輪の花,14.2,IN Lv.14,14.39,13.53,0.87,1066,167.3
14607,Re: End of a Dream,16.400002,IN Lv.16,17.04,15.57,1.47,1317,139.4
14618,GOD STRIKE,15.200001,IN Lv.15,15.77,14.57,1.2,1333,220.2
14621,芒种,14.800003,IN Lv.14,15.07,13.82,1.25,960,195.5
14622,多分、風,14.900002,IN Lv.14,14.21,13.02,1.2,1527,277.8
14624,ふわり,13.999992,IN Lv.14,14.02,13.18,0.84,767,122.2
14649,ニニ,14.300001,IN Lv.14,14.37,13.72,0.65,842,136.6
14688,Fly Again,15.200001,IN Lv.15,15.43,14.81,0.63,1038,138.7
14690,春节序曲remix,14.0,IN.14,14.41,13.2,1.22,1106,133.3
14694,Something Comforting,14.1,IN Lv.14,14.17,13.08,1.09,1116,256.9
14698,近尘烟,13.800003,IN  Lv.13,13.78,13.02,0.76,888,171.3
14707,Re:End of a Dream,16.2,AT Lv.16,16.27,14.89,1.38,1413,139.4
14722,Oshama Scarmble!,15.200001,IN Lv.15,15.15,14.1,1.05,897,119.7
14725,独りんぼエンヴィー,14.199998,IN Lv.14,13.26,12.44,0.81,756,198.2
14748,霜烈竞逐 Nippy Bout,14.0,IN Lv.14,14.2,13.22,0.98,1048,154.7
14751,Aじゃないか feat. 初音ミク・鏡音リン,15.300001,IN  Lv.15,14.68,14.15,0.53,931,146.4
14765,the Emperror (Full ver.),16.500002,AT Lv.16.5,17.62,15.64,1.98,2271,214.5
14769,Selfmade Disaster,12.3,HD Lv.13,13.39,12.82,0.57,1008,118.7
14773,ハ ー ド コ ア ・ シン ド ロ ー ム,15.900003,HC Lv.15,15.37,14.4,0.97,1205,151.6
14776,Felys(final remix),15.0,IN Lv.15,15.46,14.33,1.13,1104,152.8
14782,你真的好弔,13.700003,IN Lv.13,14.02,13.08,0.94,873,185.9
14791,"zeke didn't ""invent dariacore"", i did",15.200001,IN Lv.15,15.12,14.06,1.06,953,110.8
14831,KING,14.1,IN Lv.14,14.75,13.57,1.18,1063,129.9
14867,フォーリーバンジー,14.800003,IN  Lv.14,14.52,13.3,1.22,1000,172.2
14872,From Star To Stardust,15.600001,IN Lv.15,15.52,14.74,0.77,919,168.4
14873,QQ,15.9,AT Lv.16,16.9,15.86,1.04,1067,115.8
14876,世界樹の約束,15.000004,IN Lv.14+,14.59,13.86,0.73,768,120.8
14877,Flower Dance,14.3,FM Lv.14,14.49,13.36,1.12,1244,215.7
14884,Last Dance,15.6,IN Lv.15,15.05,14.06,1.0,1173,189.3
14912,Travel Begins,15.600002,IN Lv.15,15.4,14.34,1.06,1270,169.7
14919,Sweet Requiem,15.799999,IN Lv.15,16.95,15.74,1.2,1245,116.5
14940,可爱补习法,14.400002,IN Lv.14,15.24,14.13,1.11,1030,196.2
14950,PUPA,15.600002,IN Lv.15,16.01,14.95,1.06,981,112.6
14954,Hi,10.0,Where AT Lv.Where,10.27,9.85,0.43,166,61.4
14958,Alibi(Far Out Remix),12.9,HD Lv.12,12.67,11.69,0.97,925,211.2
14965,"G.V.N.(Glitter,Vomitus and Neon)",15.600002,FM Lv.15,15.74,14.55,1.19,1530,150.7
14970,Ouvertüre,16.300003,IN Lv.16,16.4,14.92,1.48,1415,128.9
14978,ヘルシーエンド,12.800003,IN  Lv.12,11.76,11.36,0.4,464,113.8
15005,超级无敌QQ拳,14.300001,IN Lv.14,13.95,13.09,0.87,500,69.8
15019,Astaroth,16.600002,AT Lv.16,17.58,15.95,1.64,1729,156.0
15034,DREAM,2.4999995,EZ Lv.2,7.05,6.78,0.26,151,79.2
15035,Toy War,14.200001,IN Lv.14,14.88,13.72,1.17,979,109.5
15036,鼠鼠生风,13.500002,IN Lv.13,14.72,13.55,1.17,1060,121.8
15037,cry cry,13.600002,IN Lv.13,13.54,12.97,0.57,633,123.0
15038,5ANK41!,14.0,IN LV.14,13.07,11.99,1.08,527,88.6
15062,十拳剣,15.900003,IN  Lv.15,15.92,14.66,1.27,1507,156.2
15063,Tukuyomi,14.399998,IN Lv.14,15.27,13.9,1.38,1812,160.8
15071,Re:me<<Vide Finis>>,14.400002,IN Lv.14,15.32,14.15,1.17,1104,173.5
15072,Revenant,15.800003,IN  Lv.15,16.24,14.69,1.55,1800,177.1
15075,Bl∞dmoon,16.2,AT Lv.16,17.31,15.95,1.36,1436,145.0
15076,Exitium,17.800007,AT Lv.17,17.72,16.06,1.66,1719,136.6
15077,Skydive,14.600002,IN Lv.14,13.92,13.15,0.77,942,176.2
15078,Ars Cantate,16.800001,AT  Lv.16,17.46,16.25,1.21,1157,153.5
15089,使一颗心免于哀伤,12.0,IN Lv.12,9.35,8.79,0.56,395,174.0
15103,China-X,14.300001,SP. Lv.Festival,13.14,12.61,0.54,666,126.2
15110,Eviternity,16.2,IN Lv.16,16.64,15.54,1.09,1600,184.2
15128,BLVST BEVT,14.200001,IN Lv.14,14.85,13.85,1.0,909,124.2
15130,Raven Emperor,15.500002,IN Lv.15,15.86,14.79,1.06,1067,123.4
15141,Rakiraki Rebuilders！,16.0,New Year,16.91,15.44,1.46,1448,128.1
15144,Duplicity Shade,17.2,IN 17.27*,18.77,15.8,2.97,5318,399.5
15148,不毛！,14.400002,IN  Lv.14,13.75,13.22,0.53,644,114.6
15158,Avys,15.400002,IN Lv.15,15.08,14.24,0.83,939,126.6
15163,Glow,14.399999,NY Lv.2024,13.69,12.66,1.02,1240,248.5
15170,Firmament Star,15.400002,IN  Lv.15,15.6,14.56,1.04,1050,132.8
15188,时光盲盒,12.8,Reunion Lv.?,14.63,13.3,1.33,1166,265.8
15195,ALL MY FELLAS (FRIZKY),15.800003,IN Lv.15 ,14.65,14.03,0.62,648,95.5
15201,花月夜,14.0,IN LV.14,14.59,13.5,1.09,1040,162.7
15205,Wolves Standing Towards Enemies,15.0,IN Lv.15,15.99,14.92,1.07,1303,162.1
15213,Ark in the Blood Sky,15.800003,AT Lv.15,15.52,14.85,0.68,1000,132.0
15222,Sky(Radio Edit),14.0,IN Lv.14,14.64,13.38,1.26,1300,224.8
15232,熱帯夜の祭り,14.200001,FL Lv.14,13.64,12.71,0.92,985,161.1
15240,打上花火,13.900003,Firework Lv.13,11.74,10.79,0.95,520,99.4
15253,Abgrund,14.300001,FM Lv.14,13.63,12.92,0.71,920,120.1
15272,Classical Suite,14.700003,AT Lv.14,14.62,13.77,0.86,912,131.2
15281,CYBER NEW YEAR(春节序曲 bobawhale remix),16.1,NEW Lv.2024,15.41,14.33,1.08,1136,133.3
15304,不眠之夜,13.0,IN LV.13,12.64,11.99,0.66,516,128.4
15310,Singulattack,14.600002,IN Lv.14,13.99,13.55,0.44,574,106.7
15315,Beijing,12.0,BJ LV.12,10.85,9.88,0.97,795,162.5
15318,Fantastic Conflict,14.5,at14,15.83,15.15,0.68,769,99.5
15322,DJ序曲,20.0,IN.14,14.37,13.51,0.86,225,21.0
15330,神のまにまに,14.3,IN Lv.14,14.81,13.33,1.49,1538,248.8
15336,folern,15.7,IN Lv.15,15.96,14.72,1.24,1349,134.3
15354,fantasy world,13.0,13,12.26,11.03,1.23,852,204.2
15386,self-dissociation,15.300001,IN Lv.15,15.3,14.49,0.8,1062,145.8
15390,Beyond the Sky,13.0,IN Lv. 13,11.96,11.14,0.83,525,178.0
15416,I,16.500002,AT  Lv.16,17.42,16.0,1.42,1538,115.2
15418,人マニア,14.3,IN Lv.14,14.44,13.63,0.82,876,119.8
15453,inhuman,13.200001,IN Lv.13,12.59,12.08,0.51,450,90.0
15473,Aoharu,14.100012,IN Lv.14,13.8,13.15,0.64,616,99.6
15489,Vertigo,15.200001,IN Lv.15,15.8,14.17,1.63,2456,144.0
15496,Hello (BPM) 2024,16.2,AT Lv.16,17.44,15.25,2.19,3249,166.4
15518,By Your Side,14.9,AT Lv.14,14.28,13.19,1.09,1033,186.8
15540,8番出口,13.400002,EXIT Lv.13,11.82,11.31,0.5,408,87.9
15545,LOSER,13.200001,IN Lv.13,13.59,13.05,0.53,458,79.2
15547,Between Boundaries,16.0,AT Lv.16,16.76,15.79,0.96,1031,114.5
15569,Never Give Up,15.500002,AT Lv.15,16.79,15.6,1.19,1246,158.5
15581,桃花庵,12.500002,IN Lv.12,12.59,11.8,0.79,761,176.5
15590,Is This REAL？,12.900001,IN  Lv.12,13.95,13.3,0.65,636,127.9
15601,刹那の誓い(feat.由崎司) ,15.3,FM,14.63,13.33,1.31,1656,209.4
15609,《Ж》,17.1,AT Lv.17,17.98,16.56,1.41,1246,135.3
15613,青く駆けろ！(feat.初音ミク),15.0,IN  Lv.15,15.34,14.22,1.12,1285,172.0
15643,Miracle Romance,14.400002,IN Lv.14,14.37,13.69,0.69,700,106.3
15654,MAYDAY,13.300001,IN Lv.13,13.7,12.65,1.05,664,230.4
15657,Era Breath,15.0,IN Lv.15,16.2,15.14,1.06,1110,124.8
15667,Brave Shine,15.1,0,14.53,13.34,1.19,1467,221.6
15685,Sunshine,16.500002,AT Lv.16,17.4,15.98,1.42,1620,140.1
15712,Ark in the Blood Sky,15.400002,IN Lv.15,16.2,15.15,1.05,1095,132.0
15713,下一个远方,13.400002,IN Lv.13,13.73,12.83,0.89,760,217.0
15720,From The Light To The Darkness,15.0,IN Lv.15,15.17,14.36,0.82,1045,140.9
15722,Glitch Street (ARForest Remix),15.600002,IN Lv.15,15.44,14.33,1.11,1039,146.8
15726,Skyfall,13.900003,IN  Lv.13,14.31,13.5,0.81,790,120.0
15728,Destr0yer,15.1,IN  Lv.15,15.36,13.91,1.45,1303,169.6
15729,Re：End of a Dream,15.600002,FM Lv.15,16.04,14.87,1.17,1200,139.4
15735,Doki Doki PE Group! (Part.1),1.0,SKY Part.1,6.48,5.45,1.04,1,0.0
15736,Doki Doki PE Group!(Part.2),2.0,SKY Part.2,16.6,15.7,0.89,1127,148.3
15737,色違いの翼,14.200001,IN14,12.0,11.48,0.52,410,85.1
15751,Fractured Angel,15.2,IN Lv.15,16.05,14.75,1.29,1400,177.6
15753,Butterfly Twist,14.500002,IN  Lv.14,14.64,13.36,1.28,1186,168.0
15756,Brand New Day,14.599999,IN Lv.14,14.43,13.53,0.9,916,153.9
15759,云宫迅音,13.600002,IN Lv.13,13.72,12.58,1.13,791,158.8
15777,曖昧トリップ,14.300001,IN Lv.14,13.87,13.35,0.52,622,97.1
15778,Doki Otome,15.700003,AT  Lv.15,16.01,14.64,1.37,1793,192.0
15781,宵々古今,15.0,IN15,15.12,13.45,1.67,1916,251.9
15828,伪音物语,6.9999995,IN Lv.13,14.36,13.23,1.14,1006,216.7
15840,ニュートンダンス,14.800003,IN Lv.14,14.18,13.22,0.95,1111,182.7
15851,ZhiΓeLia,15.600002,IN Lv.15,15.62,14.68,0.95,1233,153.8
15863,如果只转身后退就能回到那个夏天？,14.000002,SP Lv. ?,14.56,13.5,1.06,1088,187.7
15885,絶対敵対メチャキライヤー,14.5,IN Lv.14,14.59,13.54,1.06,815,113.8
15901,夜に駆ける,13.0,IN Lv.13,14.18,13.31,0.87,952,155.5
15906,Vanitas ac Redemptionis,14.300001,IN  Lv.14,13.23,12.27,0.96,768,130.7
15927,一番の宝物,10.0,AB Lv.小奏,9.7,8.2,1.51,726,262.5
15949,刹那の誓い,14.500001,AT14,15.25,14.52,0.73,710,86.9
15959,リテラチュア（翻自 上田麗奈）,12.400002,IN Lv.12,10.25,9.59,0.66,348,84.9
15973,ΣmbryØ,16.4,AT Lv.16,17.26,15.59,1.67,1700,114.8
15975,Sister's Noise,13.3,IN Lv.13,13.52,12.99,0.53,572,81.7
15988,-1,15.6,IN Lv.15,15.66,14.61,1.06,1053,143.4
15991,空間創造理論,14.9000025,IN Lv.14,15.12,14.22,0.9,970,142.2
16001,Pursue,14.0,IN Lv.14,13.13,12.69,0.44,491,101.2
16002,Latent Kingdom,16.7,AT Lv.16,17.92,16.1,1.81,1839,157.6
16012,Party People,14.800003,IN Lv.14,15.3,14.29,1.01,1272,155.1
16026,絶対零度 feat.Cereus,14.0,IN Lv.14,13.92,12.66,1.26,1406,568.8
16056,DUAL BREAKER XX,10.0,IN Lv.15,15.57,14.43,1.14,1303,140.4
16063,Diamond Eyes,13.8,EX Lv. 13,13.46,12.56,0.91,762,123.4
16090,アイドル,15.600002,IN Lv.15,15.19,14.01,1.18,1224,210.3
16108,寒光裂涛,14.999997,IN,15.25,14.43,0.82,1236,225.0
16112,花に亡霊,14.0,IN Lv.14,13.6,12.82,0.78,693,136.1
16117,Brake System,15.600002,AT Lv.15,16.26,14.14,2.12,2800,192.0
16119,666,16.500002,AT Lv.16,17.76,16.1,1.67,1586,117.1
16147,あんたにあっかんべ,14.0,IN Lv.14,14.6,13.73,0.86,957,147.7
16148,Seraphim,16.400002,AT Lv.16,17.23,15.38,1.85,2158,191.0
16150,Straight into the lights,16.3,IN Lv.16,16.18,14.9,1.28,1111,145.6
16166,World.execute (me),13.200005,IN Lv.13,13.83,12.69,1.13,960,199.2
16170,morning dew(game.ver),14.599999,MD-EX-14,11.84,10.89,0.95,858,105.7
16221,Drown(Alle Farben Remix),12.800007,HD Lv.12,12.84,12.18,0.66,505,163.3
16224,Heart Forecast,14.6,IN Lv.14,14.38,13.32,1.07,921,195.9
16225,Unlimited Hyperlink ,17.2,AT Lv.17,18.23,15.82,2.41,2800,186.2
16237,Searching for Your Love,13.0,IN 13,15.23,13.8,1.44,1580,268.0
16253,离别开出花,12.0,IN Lv.12,10.34,9.38,0.96,734,228.7
16280,Fly Again,14.0,IN Lv.14,13.53,12.98,0.55,553,129.5
16289,Aphasia,13.500002,FM Lv.13,13.14,12.62,0.52,590,103.1
16291,Shinonome,16.1,AT Lv.16,16.55,15.37,1.18,1500,142.6
16298,ぐだふわエブリデ,13.0,IN Lv.13,13.42,12.99,0.43,442,74.9
16304,Meta-Mysteria,17.000004,AT Lv.17,17.57,15.84,1.72,1857,136.1
16305,Re: End of a Dream,16.700003,AT  Lv.16,17.76,16.11,1.65,1470,139.4
16332,OTTAMA GAZER,14.500002,IN  Lv.14,14.08,13.19,0.89,812,202.6
16344,[X],16.200005,IN Lv.16,17.26,15.66,1.6,1609,140.1
16345,Fly Again,13.200001,IN Lv.13,12.91,12.47,0.44,645,147.7
16367,Universal Collapse,15.0,Infernum Lv.15,16.34,14.62,1.71,2800,243.6
16368,うたかたのせかいで,15.9,AT Lv.15,16.72,15.66,1.06,1294,155.9
16369,提灯游-雪狐桑&黎歌Neeko的翻唱,14.1,IN lv.14,13.99,13.29,0.7,502,82.1
16378,Goal Wo Nerae!,14.400002,IN  Lv.14,14.31,13.56,0.75,796,120.0
16392,跳动之城,14.8,IN lv.14,14.52,13.54,0.98,903,133.0
16393,Grace,15.8,IN Lv.?,15.33,13.95,1.38,1749,250.9
16403,envy baby(エンヴィーベイビー),14.300001,AT Lv.14,13.5,12.62,0.88,669,124.7
16405,匿名M,14.5,IN Lv.14,14.68,13.99,0.69,828,132.9
16410,Skystrike,15.0,IN Lv.15,15.19,13.96,1.23,1333,149.9
16417,Super Nova Project,15.0,AT Lv.15,16.08,14.93,1.15,1398,172.7
16418,恋ひ恋う縁,10.0,HD Lv.10,11.28,10.91,0.37,385,95.6
16420,ロキ,14.0,IN Lv.14,14.65,13.78,0.87,876,129.3
16437,Whispers from a Distant Star,15.1,IN Lv.15,14.4,13.64,0.76,760,128.8
16486,Unity,15.200001,AT Lv.15,14.77,13.36,1.42,1650,225.3
16488,せかいのすべて,13.1,♡ LV. 13,10.44,9.81,0.63,520,131.7
16490,Liberation from oppression,15.8,AT Lv.15,17.45,15.67,1.77,2000,200.9
16495,阳光开朗大男孩,13.300001,IN Lv.13,13.26,12.54,0.72,482,68.5
16521,幽雅に咲かせ、墨染の桜 ~ Border of Life,14.8,IN Lv.14,13.8,12.59,1.21,933,118.8
16533,ラビットホール(兔子洞),15.900001,IN Lv.15,15.84,14.5,1.34,1240,157.0
16540,うみなおし,15.0,AT Lv.15,15.6,14.03,1.57,1533,216.6
16547,Panopticon,10.0,SP Lv.?,14.46,13.7,0.76,735,125.0
16560,ur name,14.500002,IN.14？,13.7,12.89,0.8,766,170.8
16561,又三郎,15.7,IN  Lv.15,15.8,14.41,1.39,2000,225.3
16562,Vortex,15.5,IN Lv.15,16.17,15.14,1.03,1050,195.4
16572,アゲイン,14.5,IN,13.28,12.68,0.61,601,143.9
16581,Lost in the nowhere,15.2,IN,15.81,14.88,0.93,1055,129.4
16589,BREaK! BREaK! BREaK!,15.600002,IN Lv.15,15.07,13.99,1.07,1108,135.5
16590,★Shizuku,14.9,IN Lv. 14,15.05,13.97,1.08,975,168.0
16592,宙でおやすみ,15.100004,IN Lv.15,14.68,13.81,0.86,1263,162.5
16604,Thriving dawn,9.0,HD Lv.9,8.62,7.82,0.8,500,140.5
16605,2021.Start,13.0,IN.Lv13,11.92,11.11,0.81,514,85.2
16632,Ars Cantate,16.400002,AT Lv.16,17.34,15.7,1.64,1540,153.5
16634,Oshama Scramble! (Cranky Remix),15.700003,SP Lv.15,15.42,14.32,1.1,1243,136.9
16640,風のたより,11.800003,IN Lv.11,10.48,9.96,0.52,445,145.4
16663,感傷幽霊,13.700003,IN Lv.13,15.68,14.42,1.27,1095,204.3
16671,My Sky,15.200001,AT,14.36,13.19,1.17,992,168.1
16681,ΤεμπεΣΤ,15.800003,IN Lv.15,16.11,14.71,1.4,1027,118.6
16686,星河一天,15.500004,IN  Lv.15,15.68,14.88,0.81,901,118.9
16690,astral.exe,15.6,¿ Lv.15,15.27,14.15,1.12,1211,133.4
16691,Finger Breaker,14.700001,IN Lv.14,14.59,13.83,0.76,904,99.0
16697,Skyfall,13.900003,IN  Lv.13,14.31,13.5,0.81,790,120.0
16705,Unlimited Hyperlink,16.300001,AT Lv.16,17.12,15.13,1.99,2460,185.6
16707,独角戏,15.0,AT Lv.15,14.15,13.52,0.63,580,111.1
16709,眼泪,15.300001,VC Lv.15,14.98,14.02,0.96,1459,240.9
16711,Inverted Forest,13.000001,PhiTaeno Lv.13,11.51,11.15,0.35,614,117.2
16717,Forever,13.300001,IN Lv.13,13.87,13.46,0.41,500,79.2
16725,三澤紗千香 - リンクス 某科学的超电磁炮S ED2,11.0,11,10.27,9.6,0.67,317,81.1
16726,HIGH,14.500002,IN Lv.14,13.77,13.41,0.36,556,107.2
16735,悔やむと書いてミライ,13.0,IN Lv.13,13.4,13.07,0.33,451,79.0
16739,Aurora,15.5,IN Lv.15,14.77,13.73,1.04,1242,134.8
16751,系ぎて,16.000006,AT,17.53,16.07,1.46,1325,160.3
16754,ほしのおとしもの,14.0,IN   Lv.14,14.35,13.51,0.83,898,126.6
16758,How To Make 音ゲ～曲!,15.5,IN Lv.15,15.82,14.61,1.22,1403,136.2
16759,勇者,15.400002,AT Lv.15,15.22,14.4,0.81,1022,173.1
16763,IMPACT,16.1,AT Lv.16,17.32,15.81,1.51,1689,146.3
16766,Access Denied,11.800003,HD Lv.11,11.96,11.25,0.72,740,142.2
16774,Distorted Heavens,15.600002,IN Lv.15,15.69,14.44,1.26,1699,158.4
16789,うっせぇわ,14.600002,IN Lv.14,13.84,13.09,0.74,851,127.1
16796,Unlock the Blacksky (feat. blaxervant),15.800003,IN Lv.15,16.75,15.51,1.24,1340,141.2
16805,outcry,14.200001,IN Lv.14,13.88,12.59,1.29,1000,159.9
16816,天空の城ヴェリエル,18.000004,AT Lv.18,18.35,16.51,1.84,1594,121.4
16820,Termination of Desires,14.8,HD Lv.14,14.12,13.15,0.97,735,136.9
16861,Forget,13.599998,Pogo. 13,13.35,12.29,1.06,627,150.5
16864,Go Escape,15.600002,AT  Lv.15,17.41,15.48,1.93,2085,123.2
16865,intersect thunderbolt,16.300001,IN Lv.16,16.94,15.35,1.59,1545,122.8
16880,超度 -Go Beyond-,16.9,AT LV.16,17.68,16.17,1.51,1615,146.0
16890,Ascension to Heaven,15.500002,IN Lv.15,15.31,14.4,0.92,1177,144.1
16894,Windfall,15.0,IN Lv.15,14.27,13.55,0.72,584,84.7
16899,马云你听teto说,14.9,MY Lv.?,14.71,13.74,0.97,221,18.6
16942,『GOD’S SIGH』,13.400002,IN Lv.13,13.08,11.85,1.23,810,192.1
16946,きゅうくらりん,15.400002,IN Lv.15,15.67,14.37,1.3,1520,211.3
16954,蒲公英的约定 节选,12.900003,IN Lv.12,12.52,11.78,0.74,519,125.3
16999,PЦPΛ,18.0,R L^.18,17.89,16.24,1.65,1847,122.7
17024,Flash Back 90's,15.600002,Fm Lv.15,15.03,14.04,0.99,973,122.3
17027,GOODRAGE(Extended Cut Mix),15.100004,IN Lv.15,15.82,14.93,0.89,1099,134.1
17037,★驟雨の狭間,15.800003,IN Lv.15,16.08,14.72,1.36,1378,220.3
17039,ラビットホール(兔子洞),14.699999,IN Lv.14,14.65,14.01,0.64,493,60.7
17048,Eventide,14.6,IN Lv.14,14.32,13.24,1.08,1334,197.6
17060,Absolute Perfection,14.200001,IN Lv.14,15.0,13.9,1.1,1184,144.0
17068,卡农/优化,13.0999975,IN Lv 13,14.22,12.6,1.62,2225,164.7
17072,tape/stop/night,13.800003,IN Lv.13,12.29,11.84,0.45,500,132.5
17075,Particle Arts,15.0,PT 1 year,14.82,13.59,1.24,1324,221.3
17076,Scorpion Girl,14.8,IN Lv.14,15.3,14.15,1.15,980,138.8
17078,Dragonflame,14.0,IN Lv.14,14.03,12.95,1.08,1150,188.9
17079,Dragonflame,12.0,HD Lv.12,12.1,10.99,1.1,868,189.1
17080,Dragonflame,6.0,EZ Lv.6,10.17,9.33,0.84,698,188.9
17086,龙武同舟~Theme,14.700001,IN Lv.14,14.33,13.59,0.74,675,125.6
17088,Lonelytopaz,15.800026,IN Lv.15,16.03,15.0,1.03,1115,142.5
17092,トキラキメキ,14.7,IN Lv.14,14.37,13.07,1.3,1314,235.6
17098,星茶会,15.1,IN Lv.15,14.67,13.49,1.18,1411,196.1
17126,moonlight,14.1,IN Lv.14,15.0,14.27,0.73,500,52.2
17139,HALO（Legacy谱面）,16.100002,Legacy Lv.16,17.55,16.05,1.5,1300,113.1
17156,Bad Apple!! feat.nomico (REDALiCE Remix),14.900001,IN Lv.14,14.67,13.72,0.95,1029,136.9
17158,Fairy Stage,13.700003,IN Lv.13,14.43,13.63,0.79,944,131.0
17159,We Could Get More Machinegun Psystyle! -And More Genre Switches-,15.700003,IN Lv.15,17.49,15.3,2.19,2555,310.4
17163,Falsum Atlantis.,15.800003,IN Lv.15,16.23,15.02,1.21,1204,143.2
17167,Flarebirds of Scarlet Prism,15.700003,IN Lv.15,15.75,14.7,1.05,1236,126.3
17188,Altale,13.499999,IN Lv.13,12.73,11.88,0.86,564,138.9
17197,Poison (Hazbin Hotel Original Soundtrack),14.400001,SP Lv.14,13.7,12.81,0.89,517,114.0
17233,Don't Fight The Music,16.0,AT Lv.16,17.02,15.87,1.16,1276,155.9
17240,やっぱり天使なんていなかったね (feat. Aiobahn),11.0,IN Lv.11,10.98,10.69,0.3,421,102.4
17243,Birdsong,14.600002,IN Lv.14,14.07,13.24,0.83,1000,128.0
17250,Water,13.0,IN Lv.13,14.12,13.29,0.83,717,127.3
17267,RENDA JOCEKY,16.2,AT Lv.16,17.91,16.09,1.82,2129,181.6
17278,鹿be free,12.900004,IN Lv.13,13.38,12.26,1.12,679,209.4
17287,THE EARTH,15.700024,SP Lv.15,13.78,12.9,0.88,733,120.7
17303,Le Porteur d'Ombre,16.700003,AT Lv.16+,17.52,16.01,1.52,1422,139.9
17304,Frey's Philosophy,15.200001,IN Lv.15,15.46,14.77,0.7,970,125.4
17308,混沌を越えし我らが神聖なる調律主を讃えよ,16.6,AT Lv.16,18.25,16.03,2.23,2024,144.3
17330,Eternal reality 某科学的超电磁炮S  OP2,13.000004,13,12.0,11.34,0.65,320,82.8
17338,NEUTRON SANDBOX,16.300001,AT Lv.16,16.79,15.37,1.43,1391,135.1
17346,QUON,15.0,IN Lv.15,15.78,15.05,0.74,1045,119.3
17347,Danger,15.0,AT Lv.15,15.28,13.89,1.39,1700,187.3
17357,Shelter,14.700003,ST Lv.14,14.27,13.62,0.65,665,127.2
17358,Команда,11.899996,HD Lv.11,10.34,9.56,0.78,513,202.4
17382,PUPA,16.500002,AT Lv.16,17.22,15.75,1.48,1279,122.4
17393,Ars Cantate,17.5,AT  Lv.17,17.53,16.3,1.23,1166,153.5
17409,Quo Vadis,14.0,IN Lv.14,15.52,14.31,1.21,1084,129.0
17422,Revenant,16.700003,FIXED Lv.16,17.59,16.11,1.48,2015,182.9
17432,流星のパルス,15.000001,Hoshi Lv.⭐,14.99,13.96,1.02,825,114.8
17439,A Clock,14.400001,In Lv.14,12.21,11.53,0.68,564,119.7
17447,夢難尋Ⅱ,15.800003,AT Lv.15,16.34,15.42,0.92,1143,144.0
17458,Shinonome,15.400002,IN Lv.15,14.84,13.27,1.58,1335,142.6
17468,葬花,13.400002,FORGET Lv.13,10.47,10.05,0.43,482,166.0
17470,狂飙,14.700003,IN Lv.14,14.62,13.5,1.12,1114,188.3
17479,Emergency2,15.6,WAW Lv.15,15.51,14.36,1.15,1165,126.5
17481,Breakcore革命前夜,16.0,IN Lv.16,17.08,15.48,1.6,1874,152.8
17502,微茫,13.5,IN Lv.13,11.59,11.23,0.36,277,90.9
17522,Tired,12.0,IN Lv.12,13.09,12.52,0.57,546,120.2
17537,"""All-Devouring Narwahl"" Battle Theme Ⅱ",15.300001,IN Lv.15,16.06,14.85,1.21,1000,96.8
17554,Be The One,13.0,IN Lv.13,13.61,12.9,0.7,579,64.9
17562,Find_Me,14.600002,AT Lv.14,14.77,13.92,0.85,895,115.3
17563,欺凌游戏 live,10.0,"IN Lv.""13""",11.6,10.87,0.74,234,63.5
17565,散り散り,15.800024,IN Lv.15,14.67,13.76,0.92,741,101.7
17568,Speculation,16.500002,AT Lv.16,17.74,16.18,1.56,1300,111.1
17569,再次与你同行,12.7,IN,12.49,11.42,1.07,606,229.0
17570,四重罪孽,14.800003,Guiltiness Lv.14,14.59,13.26,1.33,1242,223.1
17574,Chronostasis,15.9,EX Lv.15,16.74,15.49,1.25,1228,135.9
17580,生人勿近,15.3,IN 15,15.4,14.8,0.6,611,83.5
17588,ほしのおとしもの,16.400002,AT Lv.16,15.5,14.6,0.9,1073,127.6
17668,GAME：CHANGER,17.100004,AT Lv.17,16.73,15.22,1.51,1589,126.8
17669,ジェヘナ,16.300001,AT Lv.16,16.45,15.26,1.2,1558,150.0
17671,Aurora,15.0,IN Lv.15,14.63,13.83,0.8,873,130.4
17675,Credits,14.0,MASTER Lv.14,14.88,14.23,0.64,772,95.9
17676,桜爛ロマンシア,13.3,IN Lv.13,13.68,13.3,0.38,510,85.7
17687,Oriental Bounce,14.900002,IN Lv.14,14.52,13.78,0.73,580,125.6
17688,G e n g a o z o,17.0,AT Lv.17,17.18,15.82,1.36,1999,160.0
17696,Realms,1.0,AT Lv. 16.1,16.4,15.32,1.08,1042,198.6
17700,Fly of Beelzebub,15.400002,Infernum Lv.15,16.18,14.76,1.43,1263,139.0
17719,Unit:Squash!,14.800002,IN Lv.14,14.86,14.14,0.72,699,122.4
17731,ブルーバード（青鸟）,14.400002,IN  Lv.14,14.08,13.07,1.01,800,135.8
17734,Fading Sky,11.400002,HD  Lv.11,8.52,7.86,0.65,643,138.9
17769,記憶の海,13.500002,IN Lv.13,14.01,12.69,1.32,977,256.9
17807,苦茶子,14.7,IN Lv.14,14.31,13.57,0.74,830,153.9
17808,Aurora,15.300001,IN Lv.15,14.63,13.76,0.87,750,124.0
17821,It’s alright,15.1,IN Lv.15,15.02,14.09,0.94,1054,173.4
17840,ダーリン,15.1,IN Lv.15,15.34,13.98,1.36,1505,217.6
17847,Duplicity Shade,17.0,IN Lv.17,18.7,15.3,3.4,6400,408.4
17863,Calamity Fortune,15.700003,IN Lv.15,15.99,15.06,0.93,1178,128.4
17878,4小節ごとにジャンルが変わるUsagi Flap.Remix,15.5,BA Lv.?,15.48,14.4,1.08,1236,138.0
17879,4小節ごとにジャンルが変わるUnwelcome School.Remix,16.0,BA Lv.?,17.07,15.72,1.35,1482,137.5
17891,Aurora,14.0,IN Lv.14,14.7,13.75,0.95,1200,134.8
17893,4小節ごとにジャンルが変わるHifumi Daisuki.Remix,15.0,BA Lv.?,14.95,14.03,0.92,888,126.4
17895,甩葱歌,10.0,SP Lv.YYYY,15.08,14.62,0.46,927,136.6
17921,Kokytos,15.0,IN Lv.15,15.41,14.3,1.11,942,111.2
17930,Crush Expert,15.800003,IN Lv.15,16.31,15.1,1.21,1272,134.3
17936,Emptiness,16.400002,AT  Lv.16,17.61,16.04,1.57,1370,108.5
17950,Unreal Creation!,15.0,IN Lv.15,15.77,14.44,1.32,1804,219.6
17969,群青,14.800006,Air,14.65,13.39,1.26,1600,242.4
17992,人间万朵红,15.2,AT Lv.15,14.7,13.8,0.89,822,129.5
17996,Usagi Flap,14.5,IN Lv.14,13.6,13.09,0.51,770,117.2
18007,2021.START,2021.0,START Lv.2021,12.59,12.32,0.27,440,74.5
18011,〇、（一轮）,12.0,HD Lv.12,10.81,10.17,0.64,382,89.8
18029,核心共振,15.8,IN Lv.15,15.98,14.89,1.09,1289,143.8
18032,今天不是明天 (feat.兰音Reine),13.900001,IN Lv.14,13.73,13.04,0.69,722,153.8
18037,いざ、参ります,16.100004,AT Lv.16,17.18,15.52,1.66,1099,94.3
18041,雨女,14.300001,IN.Lv.14,14.33,13.57,0.76,856,142.2
18050,告白·告別,13.0,FM,13.06,11.7,1.35,680,155.2
18053,觀測衞曐,15.300001,IN Lv.15,15.57,14.38,1.2,1528,169.0
18058,Warmlovania,15.800003,Legacy Lv.15,15.68,14.42,1.26,1593,214.9
18073,secret of my heart,13.5,In--13,12.17,11.28,0.88,640,169.0
18083,Trojan,15.200001,AT Lv.15,15.84,14.79,1.04,1355,134.4
18087,不眠之夜,13.0,LY.13,13.47,12.75,0.72,540,135.0
18100,Waterfall,14.0,WF Lv.14,12.36,11.31,1.05,913,121.4
18119,Seculo Seculorum,17.1,AT Lv.17,17.94,16.29,1.65,1700,137.1
18122,进捗どうですか？（进展如何？）,15.4,IN Lv.15,15.91,14.63,1.28,1335,123.9
18145,僕の和风本当上手,15.1,IN  Lv.15,15.32,14.12,1.2,1482,143.2
18170,Hopes and Dreams,14.9,"AT LV.14
",14.58,13.3,1.28,1109,165.9
18198,Unkraut Mädchen,15.800003,IN Lv.15,16.83,15.8,1.02,944,126.2
18204,"Good bye, Merry-Go-Round.",15.600002,IN Lv.15,15.57,14.2,1.37,1096,120.6
18218,Stronger,15.0,IN Lv.15,14.74,13.23,1.5,1904,163.5
18226,花と、雪と、ドラムンベース,14.7,IN,15.36,14.55,0.81,750,122.7
18247,theme of SSS,12.0,IN Lv.12,12.12,11.79,0.33,363,105.2
18249,風たちの声,13.2,"IN Lv.13
",14.13,13.36,0.77,864,132.8
18251,Take me to your paradise,13.0,Lv.13,14.42,12.92,1.49,871,179.7
18266,Particle Arts (What A Shino Frenchcore Edit),16.0,AT Lv.16,16.86,15.64,1.22,1836,195.3
18289,夏霞,14.0,IN Lv.14,13.86,12.66,1.2,983,213.7
18299,Flower Dance,14.200001,FM Lv.14,14.31,13.1,1.21,1235,215.7
18303,Dashstar*,15.099999,StatTrak™ Lv.15,15.22,14.49,0.73,598,93.8
18305,イガク,15.500007,ユ! Lv.?,15.67,14.76,0.91,1000,114.4
18314,Tunnel Vision,13.600001,IN Lv.13,12.68,11.7,0.98,521,112.0
18322,Guilty Hostage,15.0,DY Lv.15,15.97,14.92,1.05,1006,116.5
18324,Over The Sky,12.900008,IN Lv. 12,11.26,10.0,1.26,1106,232.7
18327,天使92,15.600002,IN Lv.15,15.45,14.35,1.1,1392,156.6
18347,Life is PIANO,14.500002,IN Lv.14,14.54,13.67,0.87,787,117.3
18404,VECTOЯ,15.5,IN Lv.15,15.25,14.25,1.0,1125,132.0
18422,ギャンブル,15.200001,Lv 15,15.21,13.82,1.39,1532,210.2
18446,Prestige and Vestige,15.700003,IN Lv.15,16.5,15.35,1.15,1111,113.4
18459,Begin(feat. Whales),8.0,Lv.14.8,13.26,12.38,0.88,641,128.4
18460,Usagi Flap (EmoCosine Remix),14.700003,IN Lv.14,14.31,13.38,0.93,975,128.9
18476,5:20AM,14.800003,FM Lv.14,14.42,13.72,0.7,520,78.8
18485,告白•告别,13.1,IN Lv.13,10.71,9.89,0.82,625,160.8
18489,Loli Bomb(Speed up&Cut ver.),16.900003,AT  Lv.16,17.62,15.6,2.01,2262,170.1
18495,ジャックポットサッドガール,15.200001,MASTER.15,15.06,14.23,0.83,621,79.6
18519,パリジョナ大作戦,15.199999,IN  Lv.15,14.31,13.22,1.1,1403,255.9
18542,七重痼病,15.0,IN Lv.15,16.21,14.84,1.37,1351,208.1
18544,Climax,7.6999993,EZ Lv.7,8.29,7.54,0.74,617,151.6
18551,嬢王,15.400002,IN Lv.15,15.7,14.86,0.84,937,133.8
18552,Sendan Life (Katagiri Bootleg),17.000008,Fragmented Lv.16?,18.26,15.56,2.7,2769,168.9
18576,嬢王,16.2,AT Lv.16,17.05,16.06,0.99,1163,133.8
18582,限りなく灰色へ,14.5,IN Lv.14,13.66,12.9,0.76,569,116.1
18596,再生,13.2,IN Lv.13,13.31,12.79,0.52,662,151.0
18600,オトナのピーターパン,13.0,IN Lv.13,14.12,12.78,1.34,1008,205.5
18609,ロミオとシンデレラ,13.9,IN Lv.14,13.28,12.92,0.36,520,86.1
18632,Overjoy ★ OVERDOSE!!,14.200004,IN lv.14,14.2,13.57,0.64,807,141.5
18640,ホントノ,14.600001,SP Lv.?,14.18,13.26,0.92,608,118.5
18650,INTERNET YAMERO,17.200006,sin(α) LV.34.4*½,17.55,15.93,1.62,2157,217.9
18662,DUAL BREAKER XX,15.300001,IN  Lv.15,15.44,14.32,1.13,1145,140.4
18681,Highscore,15.5,SP Lv.?,15.94,14.57,1.36,1684,248.2
18696,快眠!安眠!スヤリスト生活,13.1,IN Lv.13,13.16,12.86,0.3,442,82.0
18705,BackOut,14.7,IN Lv14,15.93,15.21,0.72,1000,124.6
18713,Yorixiro,14.800001,IN Lv.14,14.8,13.73,1.06,970,119.5
18726,《ж》,16.5,AT Lv.16,17.83,15.77,2.06,1440,136.1
18747,Nostalgia!,12.900011,IN Lv.12,10.91,10.06,0.85,500,137.3
18757,Glimmer,14.0,IN Lv.14,14.66,13.52,1.14,1057,242.1
18776,Shinonome,15.3,IN Lv.15,14.97,13.43,1.54,1333,142.6
18784,Final Hope,15.900003,IN  Lv.15,15.84,14.81,1.03,1112,104.7
18790,茉子の日常(Fanchy edit),16.0,AT Lv.16,15.83,14.48,1.35,1500,170.7
18814,星晴,12.0,IN Lv.12,10.83,9.79,1.05,654,241.4
18816,Hikari,15.500001,IN Lv.15,14.78,14.04,0.74,747,115.2
18817,千本樱,14.6,IN Lv.14,14.97,13.86,1.11,1115,169.1
18828,Oshama Scramble!,14.9,IN Lv.14,14.83,13.87,0.96,800,114.6
18833,Let me Hear,13.0,IN Lv.13,15.51,14.39,1.12,1081,86.7
18847,妄想感傷代償連盟,14.400002,IN Lv.14,14.46,13.61,0.85,839,133.4
18856,Celestial,13.0,IN Lv.13,12.84,12.26,0.58,538,121.1
18857,ฅ'ω'ฅ♪,13.8,IN Lv.13,14.77,13.53,1.24,1199,185.1
18858,Playing with Firepower,14.900003,IN Lv.14,14.54,13.76,0.79,845,105.6
18881,GOODDRILL,11.600002,HD Lv.11,13.38,12.57,0.81,600,134.0
18898,2024.,14.5,IN Lv.14,13.84,12.7,1.14,826,176.7
18907,GALACTIC WARZONE,17.0,AT Lv.17,17.84,15.99,1.85,1801,132.1
18917,Good Time,5.0,IN Lv.13.5,12.23,11.57,0.66,465,121.6
18930,GRÄNDIR,15.6,AT,15.74,14.78,0.96,1186,135.5
18931,pixel cat,14.400001,IN,13.68,12.74,0.94,749,166.1
18932,Usagi Flap,14.500002,IN Lv.14,13.8,12.94,0.86,801,117.2
18944,混沌ブギ,15.500003,IN Lv.15,15.88,14.75,1.13,1259,146.5
18948,Dossoles Holiday,14.700003,IN Lv.14,14.78,13.9,0.88,785,123.1
18996,Cross†Soul,16.100004,AT Lv.16,16.27,14.9,1.37,1435,129.6
19002,五重空洞,15.400002,Reveal Lv.15,14.85,13.67,1.18,1216,242.8
19024,春めく,13.1,IN13,13.56,12.63,0.93,730,181.8
19038,六边形雪花,13.700003,IN Lv.13,13.71,12.78,0.94,775,188.3
19048,∀,15.700003,IN Lv.15,15.8,14.91,0.89,884,109.0
19062,浮光（The History）,12.3,12,12.26,11.32,0.94,761,157.5
19073,Mandragora,16.1,IN Lv.16,15.16,14.43,0.74,888,145.8
19074,3 Strikes,12.999998,IN Lv.13,9.36,8.58,0.78,468,154.7
19075,ヤミナベ!!!!,16.400002,AT Lv.16,16.55,15.35,1.2,1344,126.6
19078,稻香,12.599999,IN Lv.12,13.53,12.6,0.93,907,209.3
19089,ヤミナベ!!!!,17.1,AT  Lv.17,18.16,16.35,1.81,1651,125.2
19097,Electric Angle（电子天使）,14.600002,IN Lv.14,14.77,13.55,1.22,1120,174.3
19103,The change,13.3,IN Lv.13,13.72,13.25,0.47,473,115.6
19106,Journey To The Rainbows (Rizline Edit),3.0,IN 15.3,14.29,13.28,1.01,1003,134.7
19108,Sendan Life(Katagiri Bootleg),16.800003,IN Lv.16,16.9,15.39,1.51,1862,168.9
19111,Sleep Well,14.799998,IN Lv.14,13.88,12.99,0.88,777,183.7
19112,Cross†Soul,15.7,FM  Lv.15,16.63,15.17,1.46,1522,129.9
19154,Undone,15.299999,AT Lv.15.3,14.37,13.46,0.91,1158,112.4
19179,AμreoLe~for Triumph~,16.2,AT Lv.16,16.86,15.52,1.34,1247,115.9
19186,Terrasphere,13.500003,IN  Lv.13,13.55,12.82,0.73,750,145.5
19189,Anger of Storm,17.000004,AT Lv.17,16.79,15.63,1.16,1680,139.8
19191,The Shadow Warrior,15.0,IN Lv.15,15.01,14.49,0.52,703,116.1
19192,しゃぼんだますとーりー (Yunomi Remix),14.0,froth,14.74,13.49,1.26,1282,253.8
19195,Rhuzerv,15.0,IN Lv.15,14.83,13.94,0.89,824,129.4
19199,星になる (化作繁星)(feat. 倚水),13.599976,in,14.2,13.09,1.1,1056,219.0
19201,Storm,14.0,IN Lv.14,14.64,14.04,0.61,623,99.1
19215,Fine Logic,15.500001,IN Lv.15,14.85,13.8,1.06,1185,143.8
19216,九皋,16.900003,AT Lv.16,18.15,16.03,2.12,3703,325.5
19228,すべてが幻になった後で,18.500006,AT Lv.18,17.46,16.02,1.44,1281,107.9
19231,Polygons,12.899999,IN Lv.12,10.78,10.15,0.63,397,117.5
19233,The Enlightenment,14.600002,IN Lv.14,12.79,11.59,1.2,863,133.3
19241,ずんどこ☆どんどんどーん！,15.799999,Nanoda Lv.15,16.01,14.76,1.25,1270,128.0
19256,演出开始前,13.300005,IN Lv.13,13.71,13.39,0.32,337,75.5
19272,Queen of the East,15.500002,IN,15.0,14.16,0.84,677,84.3
19277,Life is PIANO,14.600002,IN Lv.14,14.11,13.49,0.62,838,115.0
19283,形神合一,15.0,IN Lv.15,12.17,11.31,0.86,614,166.3
19287,We Leave The World Together,14.900003,IN Lv.14,14.4,13.03,1.38,1340,285.7
19288,raputa,15.0,IN Lv.15,16.35,14.93,1.42,1328,145.4
19301,Let me Hear,14.0,IN Lv.14,15.49,14.36,1.14,1081,86.7
19317,Invisible Frenzy,16.600002,AT Lv.16,17.42,15.77,1.65,1497,131.3
19351,So Far Away,14.400002,IN Lv.14,13.06,12.13,0.93,718,155.1
19378,音乐剧场,15.1,IN Lv.15,15.27,14.25,1.02,1083,144.0
19389,Síoraí,13.0,IN Lv.13,13.65,12.97,0.68,759,143.3
19390,Climax,13.7000065,HD Lv.13,12.34,11.14,1.19,952,151.6
19391,ULTiMATE INFLATiON,17.400002,TS Lv.17,18.29,16.18,2.11,1717,117.1
19395,メズマライザー,15.0,IN Lv.15,15.88,14.65,1.23,1145,150.4
19408,SUPER EMULATOR[feat. HiTNEX-X],15.8,IN Lv.15,16.51,15.29,1.22,1691,168.5
19414,SW--昼夜,13.1,IN.13,13.21,12.23,0.97,1058,193.5
19415,一花依世界,14.500002,IN Lv.14,14.96,13.46,1.5,1250,272.0
19422,Armageddon,16.300001,IN Lv.16,16.8,15.25,1.55,1600,137.1
19471,Blue Archive OST207,14.0,IN Lv.14,15.0,14.32,0.67,907,111.3
19493,Maholova,15.5,IN Lv.15,15.89,15.12,0.77,677,133.3
19498,How To Make 音ゲ～曲!,16.300001,AT Lv.16,16.82,15.52,1.3,1322,147.2
19505,mopemope,16.2,AT Lv.16,17.29,15.86,1.43,1124,107.0
19508,Ours,14.500002,IN Lv.14,14.17,13.42,0.74,680,144.4
19517,Inverted World,15.400001,IN Lv.15,14.55,13.98,0.57,657,117.3
19518,往生歌,15.300001,AT Lv.15,14.5,14.16,0.34,800,131.6
19536,The Filthy Mind,15.200001,IN LV.15,15.19,14.11,1.07,1288,126.5
19540,Paradise Chime,14.1,IN Lv.14,14.26,13.59,0.66,583,88.6
19552,Xeno Gravity,17.0,AT Lv.17,18.58,16.19,2.39,2041,115.7
19573,iLLness LiLin,16.9,AT Lv.16+,17.62,16.06,1.56,1665,117.1
19577,蜘蛛糸モノポリー,16.2,IN Lv.16,16.9,15.22,1.69,1984,242.1
19586,Another Me,16.500002,AT Lv.16,16.92,15.69,1.23,1540,156.6
19591,NOVA,14.900003,AT Lv.14,14.88,14.15,0.73,893,134.7
19598,Alternation,14.200001,IN  Lv.14,13.83,13.19,0.65,721,95.7
19626,赤沙的玉馈 Nephrite of Deshret,15.0,IN15,14.19,13.09,1.09,415,73.0
19630,几何迷阵,13.7,EX Lv. 13,13.95,13.13,0.81,692,126.1
19632,Serene Scenario (Theme 201),11.0,IN Lv.11,10.12,9.59,0.53,201,52.7
19636,星読みの調べ(inst),15.400002,IN Lv.15,15.0,13.76,1.23,1121,162.9
19654,命に嫌われている,16.0,Lv.16,16.49,15.21,1.29,1607,258.9
19655,嘀嗒,3.0,EZ Lv.3,7.1,6.39,0.71,210,162.2
19666,逐梦（五四特别版）,13.300001,IN Lv.13,11.66,11.29,0.37,379,130.6
19683,MEGALOVANIA,16.700003,IN Lv.16,17.67,14.95,2.73,4085,349.0
19711,★Hello (BPM) 2023,17.300005,EZ Lv.17,17.32,15.68,1.65,1874,136.7
19724,おちゃめ機能,15.200001,IN Lv.15,14.51,13.37,1.14,940,237.1
19747,B612,14.500002,IN Lv.14,13.72,13.13,0.59,634,94.9
19758,SignaL·Dis+ør+ION,16.600002,AT,16.94,15.71,1.23,1633,151.8
19759,Dogbite,15.0,IN Lv.15,16.07,14.85,1.22,1280,113.2
19764,快眠!安眠!スヤリスト生活 ,8.0,HD Lv.8,6.85,6.62,0.23,185,81.9
19774,蜘蛛糸モノポリー,14.799998,IN.14,14.54,13.75,0.79,1082,231.9
19779,Golden Hour (Chime Remix),15.1,Golden Lv.15,14.4,13.64,0.75,1221,145.7
19788,NightTheater,15.700003,IN Lv.15,15.3,14.36,0.93,1038,117.6
19792,カワキヲアメク「声嘶力竭」,13.200001,IN,14.93,13.64,1.29,1827,230.6
19803,BRAVE: ROAD,16.2,IN Lv.16,17.02,15.39,1.63,1592,151.0
19809,蝶变 (Butterfly),13.200001,IN Lv.13,10.93,10.24,0.69,562,166.7
19815,Ennor,15.500002,IN Lv.15,16.16,14.95,1.21,1097,120.3
19816,Bluelily,16.500002,AT  Lv.16,17.47,16.23,1.24,1261,146.0
19818,ウニクラゲ/海胆水母,12.500001,IN Lv.12,12.91,12.12,0.8,840,157.6
19834,Boss Rush,15.700003,SP Lv.15,15.63,14.46,1.18,1154,111.1
19840,Jägermeister,15.8,Fm Lv.15,15.21,14.48,0.73,881,146.4
19842,Desolated,13.0,IN Lv.13,13.53,12.88,0.65,815,205.0
19853,神のまにまに,14.0,IN 14,14.92,13.11,1.8,1806,228.9
19892,Picasso,17.999998,AT  Lv.18,18.21,16.49,1.72,1768,147.9
19900,LOSER,13.700003,IN Lv.13,14.68,14.02,0.65,603,79.1
19921,Blessing（世界版）,15.1,IN Lv.15,13.22,12.12,1.1,1120,255.3
19929,やっぱりみゃー姉なんばーわん,5.0,EZ Lv.5,8.18,7.29,0.89,510,230.3
19933,玫瑰少年,13.5,13,14.43,13.39,1.04,999,227.6
19940,Snow White,13.0,⬡,15.74,14.34,1.4,1550,116.4
19941,ネオネオン,14.0,IN Lv.14,14.41,13.29,1.12,999,165.2
19946,Liar Dancer,14.1,IN Lv.14,15.21,13.68,1.53,1476,233.6
19955,群光归寂,13.600002,IN  Lv.13,12.22,11.98,0.24,380,106.7
19956,Rain,14.400001,IN  Lv.14,14.42,13.98,0.44,525,111.3
19959,鸳鸯债,6.0,EZ Lv.6,9.25,8.87,0.39,411,119.1
19994,DUNGHILL (feat. 初音ミク),14.400002,IN Lv.14,14.38,13.34,1.04,1000,138.3
20021,Sail Away,14.6,IN Lv.14,14.4,13.82,0.58,896,148.9
20038,Liberty,12.499999,Freedom Lv.12,12.97,12.66,0.3,621,135.9
20057,大喜,13.800003,囍 Lv.13,14.31,13.51,0.8,760,172.8
20063,Pearlescent,15.300003,诶煾 Lv.事史,13.97,13.21,0.77,1145,186.0
20075,罪罚未偿,15.600001,UT  Lv.15,15.29,14.33,0.96,1354,209.4
20129,再次与你同行,13.700003,IN  Lv.13,13.92,13.01,0.92,948,221.6
20148,CHASING THE STAR,14.700003,IN Lv.14,14.7,13.57,1.13,1200,154.9
20158,ニャンデット,13.0,IN Lv.13,13.25,12.63,0.62,615,116.8
20175,"Kiss Me, Kill Me",13.300001,IN Lv.13,10.33,9.86,0.46,314,76.4
20176,Forever Young,15.500002,AT Lv.15,16.11,15.12,0.99,1081,136.8
20198,Maze,14.900003,IN Lv.14,15.18,14.04,1.14,1535,206.9
20206,Memory of Beach,14.2,IN Lv.14,14.58,13.72,0.85,826,119.5
20217,Blackmagik Blazing,18.500006,EX Lv.18,18.63,15.5,3.13,4200,260.6
20218,Frigid Airport Lounge,13.1,SP Lv. ?,9.91,9.31,0.59,492,174.4
20223,你的颜色（Your Color）,15.2,IN 15,15.49,14.32,1.17,756,148.1
20227,Shalalan,13.3,IN Lv.13,12.82,11.91,0.91,493,147.3
20230,ghost,14.700003,IN Lv.14,14.65,13.81,0.84,1129,182.4
20231,Southern Cross,13.0,IN Lv.13,14.17,13.34,0.83,889,143.4
20256,RENDA JOCEKY,15.600002,IN Lv.15,15.81,14.41,1.4,1441,176.4
20275,「特殊作戦『デカグラマトン』編」Theme 2,15.799999,AT  Lv.15,16.14,15.52,0.62,819,108.9
20278,raputa,17.400005,AT Lv.17,18.05,16.22,1.83,1800,152.5
20356,Delusion Sensation Compensation Federation,15.000017,IN Lv.15,14.16,13.51,0.65,731,137.5
20385,七重痼病,15.099998,SP Lv.?,14.42,13.31,1.11,1111,208.1
20388,Le porteur d'Ombre,9.500001,EZ Lv.9,11.39,10.46,0.93,1041,131.2
20400,Забывай,16.5,IN  Lv.13,11.13,10.76,0.37,421,115.0
20404,Orphe,15.0,IN Lv.15,14.96,13.99,0.97,1000,118.3
20430,The Spectre,14.399998,IN Lv.14,13.83,13.06,0.77,728,179.8
20442,BRAVE：ROAD,17.1,AT Lv.17,18.05,16.26,1.78,1639,151.0
20445,希望有羽毛和翅膀,13.5,IN Lv.13,13.63,12.89,0.73,519,160.4
20450,Forever,13.699997,IN Lv.14,13.28,12.74,0.54,434,79.2
20459,银河鉄道のペンギン,13.8,IN Lv.13,14.52,13.67,0.84,857,169.8
20465,NightTheater,15.500002,IN Lv.15,15.22,14.32,0.9,1066,117.6
20490,远枫,13.1,IN Lv.13,11.05,10.63,0.42,372,96.9
20503,Luminous memory,13.0,IN Lv.13,12.65,11.86,0.79,760,131.4
20509,"!nterroban(?,",16.400002,AT Lv.16,17.57,15.89,1.69,1449,120.0
20522,QZKago Requiem,16.2,Master Lv.16,16.71,15.48,1.23,1096,126.1
20523,花雨纪,12.300001,IN Lv.12,10.98,10.43,0.55,480,137.7
20567,Liturn to the Days,15.7,AT Lv.15,16.44,15.61,0.83,666,112.9
20570,Unwelcome School (t+pazolite Remix),15.600002,IN Lv.15,15.3,14.36,0.95,954,105.3
20578,The Silence(Of My Sins),15.700001,IN Lv.15,16.05,14.92,1.12,1223,215.8
20580,Agni7EEE,16.400002,AT Lv.16,17.24,15.67,1.57,2024,164.9
20611,PAINTER,14.8,IN,14.79,13.8,0.99,832,173.8
20626,Latent Kingdom,16.500006,IN Lv.16,16.79,15.31,1.48,1465,157.6
20628,Fracture Tempolle,16.400002,RE:End Lv.16,17.73,16.09,1.64,1149,115.7
20650,"Don't say ""lazy""",13.0,IN Lv.13,13.89,13.17,0.72,507,87.0
20653,Cave,15.700003,IN Lv.15,15.74,14.36,1.38,1320,120.2
20665,ネジ巻き師と太虚鳥,15.700003,IN Lv.15,16.28,14.92,1.36,1792,247.6
20676,Dead Inside,13.799997,IN Lv13,14.45,13.34,1.11,852,113.1
20686,Morning Dawn,16.200005,AT Lv.16,16.16,15.26,0.91,1128,119.1
20692,Tempest,15.800002,IN,16.29,15.02,1.27,1147,130.3
20693,PANDORA PARADOXXX,15.0,IN LV.15,15.06,14.03,1.03,1127,134.3
20712,系ぎて,14.900001,IN Lv.14+,14.99,13.96,1.04,1010,160.9
20752,空,12.5,IN,13.5,12.77,0.74,749,167.6
20753,Rhythm Party,15.500002,AT Lv.15,15.29,14.5,0.79,834,120.5
20756,★Hope Is the Thing With Feathers,14.400002,IN Lv.14,13.31,12.48,0.83,589,159.5
20765,混沌ブギ (Konton Boogie),15.1,IN Lv.14+,14.82,13.57,1.25,1397,146.5
20782,Power Attack,15.1,IN Lv.15,15.13,14.03,1.1,1075,128.0
20783,FULi AUTO SHOOTER,15.1,IN Lv.15,14.88,14.03,0.85,1006,125.4
20796,青いピラミッド,10.499991,IN Lv.10,13.07,12.37,0.7,350,131.4
20813,Dat phonk,14.8,IN Lv.14.8,14.93,14.11,0.81,768,103.2
20814,未行之路_空&荧cv版,6.0,Lv.空&荧,9.39,8.69,0.7,274,129.4
20829,疯人院（电音版）,15.0,IN Lv.15,16.49,15.72,0.77,382,41.2
20833,熱異常,15.900003,AT Lv.15,16.38,15.23,1.16,1013,118.5
20867,Payphone(Explicit),15.900001,AT,16.43,15.26,1.16,1000,158.5
20887,Unwelcome School（LuzeriA Remix）,16.1,AT Lv.16,17.16,15.89,1.27,1418,132.0
20929,lost dream,14.900001,AT Lv.14,15.4,13.88,1.52,1721,261.2
20951,劣等上等(SEKAI Ver.),15.300001,IN  Lv.15,14.97,13.91,1.06,910,91.2
20975,NIGHT DANCER ,14.0,IN Lv.14,12.0,10.76,1.23,823,206.7
20976,Sokka,14.500002,IN Lv.14,14.35,13.47,0.88,921,155.6
21002,ヒュブリスの頂に聳えるのは,14.800001,IN Lv.14,14.82,13.76,1.06,1255,156.9
21004,パンこげこげになっちゃった,13.0,IN Lv.13,14.29,13.65,0.64,305,42.1
21007,アマツキツネ,14.700003,IN Lv.14,12.56,11.83,0.73,725,136.9
21028,One Way Street,15.200001,IN Lv.15,15.02,14.13,0.89,925,140.4
21029,Tales of the Dungeon,16.400002,SP,16.72,15.57,1.15,1303,153.7
21033,Speculation,16.1,AT  Lv.16,16.21,15.12,1.09,1145,111.2
21042,がんばれ! 蜘蛛子さんのテーマ,14.600002,IN Lv.14,14.86,13.96,0.9,754,85.8
21045,Focalors Sacrifice Theme,11.300001,IN  Lv.11,9.95,9.66,0.28,342,165.6
21052,青花瓷(Piano Ver.),13.4000025,IN Lv.13,10.26,9.06,1.2,717,223.8
21072,ビターチョコデコレーション,15.700003,IN Lv.15,15.61,14.23,1.38,1265,188.2
21085,Abgrund,14.300001,IN Lv.14,13.88,13.05,0.83,809,105.8
21096,sølips,16.000008,AT,17.52,15.98,1.54,1374,137.5
21097,Rabbit in a Black Room,16.200005,IN Lv.15,16.3,15.27,1.03,1140,124.5
21100,Angles and Demons,13.6,IN Lv.13,13.44,13.0,0.44,583,115.2
21123,MEGAMIX 2,16.2,AT Lv.16,18.16,15.52,2.63,5418,691.8
21157,Burning Star,17.0,Burning Lv.17,18.41,16.53,1.88,2265,165.9
21161,Sky,13.3,IN Lv.13,13.04,12.04,1.0,752,178.6
21181,Altale,5.4999995,EZ Lv.5,6.92,6.33,0.59,192,145.7
21204,姑苏春意,12.700003,IN Lv.12,13.22,12.4,0.82,800,176.9
21213,ナイト・オブ・ナイツ,15.799997,Legacy Lv.15,15.76,14.37,1.4,1119,122.7
21215,大丈夫,12.300001,IN Lv.12,11.54,10.65,0.89,419,225.3
21229,Change the Game(feat.松永依織),15.1,IN Lv.15,14.37,13.65,0.73,989,178.7
21254,Broken Altair,16.300001,IN Lv.16,16.91,15.61,1.3,1585,137.7
21261,我用什么把你留住,2.8999996,EZ,8.34,8.05,0.29,53,36.0
21278,「死別」,12.500001,IN Lv.12,12.41,11.57,0.84,387,86.1
21311,Horizon,13.500002,IN Lv.13,13.69,12.99,0.69,1000,187.5
21356,PUPA,16.500002,EX  Lv.16,17.35,15.97,1.38,1325,122.4
21361,Darling Dance,15.500002,IN Lv.15,14.38,13.65,0.73,687,94.7
21411,circles!,14.1,IN Lv.14,15.69,14.59,1.1,1128,135.0
21416,Sea of Tranquility,11.300001,IN Lv.11,12.57,12.1,0.46,498,121.9
21435,TWINKLE★MAGIC,16.500002,AT Lv.16,17.14,15.88,1.27,1183,122.7
21436,酔いどれ知らず(Game.ver),13.0,IN Lv.13,14.04,12.8,1.25,1084,132.5
21448,PANDORA PARADOXXX,15.800001,IN Lv.15,16.71,15.29,1.42,1312,141.0
21459,DASH,15.700002,SP ?,15.88,14.46,1.42,1000,89.1
21465,ガラテアの螺旋,16.2,AT Lv.16,16.02,15.15,0.87,822,117.1
21485,WiPE OUT MEMORIES,15.700003,IN Lv.15,16.55,15.18,1.37,1434,131.7
21492,doll judgment,15.500002,15.？,16.61,14.77,1.84,2613,296.3
21494,月詠に鳴る,14.200001,IN Lv.14,14.52,13.73,0.79,938,120.6
21500,S.A.T.E.L.L.I.T.E.,16.1,AT Lv.16,16.83,15.83,1.01,1000,117.9
21508,ラグトレイン,15.300009,SP Lv.延,12.75,12.31,0.45,552,140.4
21509,smiling,14.400002,FM Lv.14,14.65,13.82,0.83,890,128.0
21517,QQ,16.300003,AT  Lv.16,17.0,15.78,1.21,1240,122.4
21520,Final Phase,14.899999,IN Lv.14,14.78,13.27,1.51,2000,173.1
21542,ザムザ,15.0,IN  Lv.15,15.43,14.67,0.76,886,111.1
21550,Fool For You,14.700003,IN  Lv.14,13.53,13.13,0.4,561,122.7
21556,17,14.300001,IN Lv.14,14.84,13.91,0.93,922,155.3
21562,Reanimate,15.700003,IN Lv.15,14.62,13.52,1.1,999,148.3
21596,黑暗森林,14.199984,IN Lv.14,13.69,12.94,0.75,880,135.0
21606,GAME life,14.900003,IN Lv.14,13.98,13.37,0.62,721,146.4
21613,ホシシズク,14.500002,IN Lv.14,14.61,13.74,0.87,953,155.3
21680,Old Memory,5.4999995,Legacy Lv.5,7.65,7.49,0.16,173,78.4
21698,Another Me,16.0,AT Lv.16,16.58,14.86,1.72,2610,271.0
21700,野花香 (Haocore Mix),16.800001,AT,17.53,15.7,1.82,1925,166.0
21705,Payphone(Explicit),15.8,AT LV.15,16.42,15.26,1.16,1000,158.5
21708,核心共振,17.2,AT Lv.17,18.03,16.22,1.81,1756,127.6
21710,殉道之人,15.800003,AT Lv.15,15.99,14.98,1.01,1200,166.8
21725,ゴーストルール,15.300001,Ghost Lv.15,15.52,13.76,1.76,1959,195.9
21743,言って,14.9000025,suis Lv.14,15.36,13.96,1.4,1499,236.8
21744,Fragrance,15.0,IN Lv.15,14.93,14.02,0.9,637,69.3
21813,Mechanical Power,14.900003,IN Lv.14,14.71,13.93,0.79,765,115.9
21845,Hello (BPM) 2024,17.700003,AT  Lv.17,17.96,15.47,2.49,2524,166.5
21851,The Formula,13.800003,AT Lv.13,14.14,13.55,0.58,1065,130.0
21854,Arsonist,14.599999,IN Lv.14,14.79,13.63,1.16,855,169.7
21858,5:20 AM,15.0,IN,13.87,13.12,0.75,654,138.2
21860,好（ハオ）（无故事板）,14.0,IN Lv.14,16.72,14.91,1.8,1550,175.7
21869,野花香 (Haocore Mix),14.0,IN Lv.14,14.4,13.43,0.96,1354,164.6
21922,c.s.q.n.,15.600002,FM Lv.15,16.29,14.88,1.42,1127,115.9
21935,Per Astra Ad Aspera,16.300001,AT Lv.16,17.02,15.59,1.43,1364,129.1
21948,空中分解,14.0,IN Lv.14,13.22,12.68,0.54,428,59.0
21981,メズマライザー,13.600013,Legacy Lv.13,14.05,12.86,1.19,1018,153.1
21982,Sea Monster,15.799999,IN Lv.15,16.84,15.37,1.48,1388,176.0
21987,,0,,18.04,16.33,1.7,1555,110.4
22017,Nyandemic!,13.400002,IN Lv.13,13.75,13.17,0.59,688,145.6
22018,しかのこのこのここしたんたん,20.0,SP Lv.?,15.34,14.41,0.93,875,135.0
22020,Snow Magic,14.499999,IN Lv.14,14.87,13.86,1.01,1150,147.3
22047,Future,13.1,AT Lv.13,7.6,6.98,0.62,213,96.0
22129,Terrasphere,10.0,IN Lv.14?,14.9,13.98,0.93,864,146.4
22137,蜃楼,13.0,IN Lv.13,12.53,11.28,1.25,722,220.7
22171,cyanine,16.600002,AT Lv.16,17.04,15.62,1.42,1830,169.0
22179,Excalibur ~Revived resolution~,17.300005,AT Lv.17,17.42,15.91,1.51,1350,122.4
22196,KING,14.0,14,14.95,13.58,1.38,1184,132.9
22201,紫荆花盛开,11.300005,IN HK,10.35,9.43,0.92,462,187.9
22206,Fallen Symphony,18.4,無盡堕落,20.08,15.85,4.23,9388,551.1
22217,雑踏、僕らの街,16.600002,AT Lv.16,17.72,15.8,1.92,2266,180.1
22234,Angel rests (feat.Aiobahn),7.999999,8,9.08,8.63,0.45,336,87.7
22239,回レ!雪月花,14.0,IN Lv.14,14.15,13.49,0.66,577,91.3
22254,STARGAZER,14.200001,IN,13.47,12.69,0.78,900,103.8
22324,QUATTUORUX,16.700003,AT Lv.16,17.11,15.8,1.31,1700,151.4
22329,Nostalgia,12.0,NI Lv.12,12.22,11.29,0.93,564,163.9
22339,Tetris,14.8,SP Lv.凸,13.69,12.73,0.96,777,94.0
22342,Here We Are（民乐版）,14.0,IN Lv.14,13.16,12.57,0.59,656,170.3
22354,Escape,15.3,IN,14.5,13.89,0.61,804,115.9
22362,Anything,16.300001,AT Lv.16,16.86,15.6,1.26,1485,139.0
22371,Visage,9.0,HD,12.53,11.89,0.64,473,109.5
22381,Altair（feat.*spiLa*）,14.300001,IN Lv.14,14.32,13.47,0.85,1228,230.1
22416,夜の向日葵,13.1,IN Lv.13,10.39,9.38,1.02,438,145.2
22428,ANU,16.9,AT Lv.16,18.05,16.08,1.97,2136,163.0
22436,愛して愛して愛して,16.0,AT Lv.16,15.82,14.96,0.86,838,94.7
22448,帝国少女,15.600002,RSD Lv.15,15.39,14.19,1.2,1644,251.2
22458,Tokyo,13.0,IN  Lv.13,12.22,11.25,0.97,767,149.4
22464,Death by glamour,14.0,Ex Lv.14,14.0,13.41,0.59,623,126.1
22509,床,14.599999,IN.14,14.98,13.66,1.31,1441,211.0
22515,illuminate,15.1,IN Lv.15,14.85,13.73,1.12,1691,223.0
22560,Empty Wings,9.999996,HD Lv.10,10.89,10.42,0.47,308,81.7
22573,「Ice Ginte-冰巨星」,15.300001,AT Lv.15,15.68,14.83,0.85,949,172.6
22587,Polacro,14.999996,IN Lv.15,15.61,14.45,1.16,1260,135.8
22609,若我不曾见过太阳,11.1,IN Lv.11,9.91,9.33,0.58,200,124.1
22750,Alone,14.700009,EX Lv.14,15.03,13.8,1.23,1122,213.6
22765,China-新春,13.200001,IN Lv.13,13.6,12.58,1.02,900,185.6
22776,Baby,15.200001,IN Lv.15,14.73,13.93,0.8,949,180.7
22781,Tempest,15.8,IN Lv.15,16.29,15.02,1.27,1147,130.3
22790,Euphoria (feat. Tsugumi Nagahara),14.0,IN Lv.14,13.91,12.99,0.92,850,197.5
22794,群青シグナル,15.1,EX Lv.15,14.89,14.07,0.82,1041,148.8
22804,VR in the Virtual World（Extended Mix）,15.0,IN Lv.15,14.72,13.73,0.99,1109,165.5
22824,転生林檎,15.0,IN Lv.15,14.99,13.8,1.19,1242,213.4
22855,明镜烈火,16.500002,AT LV.16,16.89,15.75,1.14,1482,122.4
22885,Faded,14.300001,IN Lv.14,15.42,14.19,1.22,1243,192.2
22892,双星轨迹,14.0,Lv IN.14,15.0,14.09,0.9,1041,217.4
22897,Artificial Intelligence,15.200001,IN Lv.15,15.37,14.18,1.19,1455,151.4
22905,different sides,6.3,EZ   Lv.6,8.6,7.97,0.63,396,160.2
22913,M1LLI0N PP,16.500002,MILLION Lv.16,18.21,15.69,2.53,5000,425.4
22930,Savant,15.300001,IN Lv.15,15.62,14.61,1.01,1078,141.6
22951,明鏡烈火,16.700003,AT Lv.16,17.55,16.38,1.17,1226,122.4
22954,転生林檎,14.999999,IN Lv.15/SP Lv.I5,15.15,13.88,1.27,1281,213.4
22968,「戏剧性反讽」,20.0,希 Lv.XV,15.8,14.69,1.12,922,104.9
22990,硝华流焰 Blossoms of Summer Night,13.799996,IN Lv.14.0,14.15,13.29,0.86,800,93.7
22995,シカ色デイズ(鹿色Days),12.0,IN Lv.12,12.28,11.59,0.69,489,87.2
23011,God only knows (O.A.version),14.300002,KAMI Lv.14,14.4,13.65,0.76,616,85.2
23013,Aite,15.400002,IN Lv.15,15.5,14.46,1.04,1255,146.3
23014,Insane Gamemode,15.400002,IN Lv.15,15.11,14.28,0.82,867,113.0
23053,rvp7vre,15.0,IN Lv.15,15.01,13.96,1.06,1211,145.3
23058,はいよろこんで,15.0999975,..-. Lv. .----.....,15.06,13.85,1.21,1125,152.4
23077,はいよろこんで,15.099998,IN Lv.15,14.62,13.76,0.86,1089,151.9
23117,t / a/n / a/s / i/n / n,17.799995,AT Lv.17,18.68,15.64,3.04,3700,189.8
23165,アブノーマリティ・ダンシンガール,16.900003,AT  Lv.16,17.35,15.57,1.78,2222,194.0
23202,像你这样的朋友,9.0,IN Class 9,10.61,9.61,1.0,999,210.7
23204,doodle,14.300001,IN Lv.14,13.02,12.61,0.41,508,73.1
23206,我会自己上厕所 Remix,15.799992,IN Lv.15,16.59,14.94,1.66,1927,234.2
23209,时落叶影,14.0,IN Lv.14,15.1,14.37,0.73,768,198.3
23210,eden,16.400002,AT Lv.16,16.71,15.32,1.39,1488,138.8
23213,「独角戏」,15.000004,希 Lv.XV,14.58,13.76,0.82,622,86.1
23219,机械动力,13.800001,HD Lv.13,13.81,13.16,0.64,666,110.3
23225,Eviternity,16.500002,AT Lv.16,18.35,16.0,2.35,2938,188.6
23232,きゅびびびびずむ,16.400002,AT Lv.16,16.88,15.35,1.54,2042,193.5
23239,After Rain,15.1,IN Lv.15,14.96,14.16,0.8,1119,120.7
23267,Brand New Day,13.399999,IN Lv.13,14.62,13.58,1.03,1019,169.9
23281,GALACTIC WARZONE,16.800003,IV  Lv.16,17.65,16.02,1.63,1871,129.7
23316,終わらない道,15.799999,IN,16.49,15.06,1.43,1539,149.7
23317,ライアーダンサー,15.3,IN Lv.15,14.94,13.67,1.28,1790,227.6
23335,Andragoon,15.5,IN Lv.15,16.38,15.41,0.98,1093,110.6
23338,她的梦,6.9999995,EZ  LV.7,8.36,7.62,0.74,350,262.9
23346,NightTheater,14.900001,IN Lv.14,14.46,13.8,0.66,833,111.3
23347,絶壁人生論,14.0,KX Lv.14,14.36,13.51,0.86,1100,145.0
23375,Megamix 2,16.7,AT.16,19.16,15.67,3.48,13868,690.4
23382,FireFly,16.5,IN Lv.14,13.63,12.92,0.72,558,149.1
23390,He He He,16.700003,IN² Lv.16+,17.44,15.19,2.25,1990,110.0
23401,BITE! 咬合力,13.200001,IN Lv.13,14.51,13.29,1.22,899,217.4
23403,Arabian Adventure,17.999992,SSS,14.82,13.75,1.06,999,184.8
23406,cryout,14.1,IN Lv.14,14.12,13.26,0.87,733,119.8
23417,Setsuna(Kirara Magic Remix),16.600002,AT Lv.16,16.75,15.48,1.26,1355,169.0
23418,GAME：CHANGER,17.0,AT Lv.17,18.09,16.16,1.93,1725,125.7
23430,剑与雪（三无×小缘翻唱）,10.0,Lv.15 尾杀4K,15.63,14.13,1.49,1762,255.0
23444,Selenotaxis,13.699999,IN Lv.13,13.98,13.56,0.42,711,144.1
23447,Sparkle New Life,15.2000065,15,14.27,13.4,0.87,944,153.6
23467,ちっちゃな私,15.600002,AT Lv.15,15.34,14.04,1.29,1453,223.6
23470,Calamity Fortune,15.800002,IN Lv.15,16.05,15.06,0.99,1200,128.4
23483,Collapsar,15.7,IN Lv.15,15.36,14.04,1.31,1916,180.0
23516,獅子舞,14.600002,IN Lv.14,14.79,13.93,0.85,728,122.2
23518,きゅびずむ,13.500002,IN Lv.13,11.03,10.2,0.84,666,138.5
23520,ロボティックガール (feat. nicamoq),14.0,(/≧▽≦),15.28,13.98,1.31,1520,259.3
23523,うたかたのせかいで,17.500006,AT Lv.17,17.98,16.2,1.78,1800,148.9
23528,深海少女,15.900003,AT  Lv.15,16.59,15.28,1.32,1709,208.8
23530,月茶会,15.2,IN Lv.15,15.31,14.6,0.72,962,163.7
23545,僕は依存症,12.0,12,13.54,12.24,1.3,1159,201.0
23560,one of none,15.300001,IN Lv.15,16.12,14.93,1.19,1646,236.2
23562,ベースラインやってる？笑,14.300001,IN Lv.14,14.81,13.96,0.85,844,136.2
23569,Twinkle Shower,4.299999,EZ Lv.4,7.18,6.86,0.32,216,112.3
23601,SUPERNOVA,16.9,AT Lv.16+,18.3,16.01,2.28,2840,205.2
23605,Tokyo Rain,14.0,IN  Lv.14,12.5,12.18,0.32,483,108.8
23610,Symbol,14.500002,IN Lv.14,14.5,13.67,0.83,888,132.5
23620,加油鸭！,13.900002,IN Lv.14,13.32,12.27,1.05,745,109.3
23621,Water Realms（水下领域）,14.900001,AT Lv.14,15.32,13.77,1.55,2024,296.1
23622,DUAL BREAKER XX,15.599997,IN Lv.15,15.47,14.45,1.02,1167,141.5
23623,Lemon,0.90000004,IN Lv.25,11.88,11.32,0.55,368,84.8
23628,深海少女,15.900003,AT  Lv.15,16.67,15.22,1.45,1700,208.8
23635,TIRED OF PROBLEMS,3.0,IN Lv.13,12.96,12.46,0.5,523,93.7
23641,WE GO,14.0,IN Lv.14.4,15.02,13.83,1.19,1032,166.0
23661,再飞行,12.600007,IN,13.15,12.3,0.85,516,83.1
23664,wrong rain,13.0,IN Lv.13,13.85,13.14,0.71,500,111.0
23670,钢铁奇美拉,14.5,IN Lv.14,14.92,13.62,1.3,1383,173.7
23691,Sigma (HaocoreMix) ~ Regrets of The Yellow Tulip ~,16.300001,RE  Lv.16,16.65,15.28,1.38,1700,156.1
23728,All my fellas,15.400002,IN Lv.15,15.49,14.83,0.66,767,131.6
23729,ころしちゃった!,15.0,IN Lv.15,14.93,13.72,1.21,1036,190.5
23732,ラビットホール,15.0,IN Lv.15,15.46,14.53,0.93,1132,153.8
23735,Rite of Ascendancy,18.100004,AT Lv.18,18.51,15.94,2.57,4580,539.3
23737,It‘s alright,15.0,IN Lv.15,15.36,14.3,1.05,1107,173.1
23738,little bunny(feat. GUMI),12.500002,IN Lv.12,11.81,11.47,0.33,359,85.3
23742,Absolute end.,16.600002,AT Lv.16,17.29,15.55,1.74,1798,200.8
23779,ぼなぺてぃーと♡S,14.400002,IN Lv.14,14.78,13.68,1.09,1073,172.9
23780,心雨,11.3,IN  Lv.11,9.95,9.31,0.64,356,140.3
23781,Imprinting,12.500003,HD Lv.12,13.15,12.69,0.46,666,111.1
23789,B.O.S.S,13.800003,FM Lv.13,14.7,13.82,0.88,1079,172.2
23790,Jump in,10.0,SP Lv.?,12.87,11.89,0.98,520,85.8
23791,Ouvertüre,15.0,AT Lv.15,16.06,14.81,1.26,1233,127.8
23799,"In Hell We Live, Lament",14.0,IN Lv.14,13.65,12.73,0.93,736,197.5
23812,Miko Skip,13.0,IN Lv.13,12.25,11.18,1.06,704,151.9
23826,nameless story,15.299998,IN Lv.15,14.85,13.79,1.06,1056,122.5
23864,月まで届け、不死の煙,15.600002,IN Lv.15,15.82,14.98,0.83,1333,169.6
23881,悬溺,11.900003,HD Lv.11,12.78,11.95,0.84,626,187.3
23883,少女PastQ,13.200001,IN Lv.13,13.78,12.96,0.82,641,142.0
23932,ラビットホール,15.0,IN Lv.15,15.46,14.53,0.93,1132,153.8
23945,在银河中孤独摇摆,14.200001,IN Lv.14,15.49,14.16,1.32,1001,150.2
23952,超最終鬼畜妹フランドール・S,16.400002,AT  Lv.16,17.33,15.78,1.55,1624,118.0
23962,星界ちゃんと可不ちゃんのおつかい合騒曲,15.800003,AT Lv.15,16.07,14.83,1.24,1832,201.5
23963,Namid[A]me,13.9,IN Lv.14,13.58,12.71,0.86,745,136.3
23968,Bunny Bunny Carrot Carrot,14.400002,IN Lv.14,14.25,13.67,0.58,656,111.4
23969,End Time,16.400002,懒得写 Lv.16,17.34,16.01,1.33,1023,127.6
23973,Super Fructose,12.900003,Furry  Lv.12,12.82,12.27,0.54,800,131.3
23976,野花香(Haocore Mix),16.400002,AT Lv.16,17.65,15.63,2.01,2345,167.3
23980,Inverted World,15.300001,FM Lv.15,15.31,14.3,1.01,928,117.3
24008,The Bass & The Melody,14.5,14.5,14.78,13.81,0.96,767,165.8
24010,ヒカリノワ,13.900001,NI Lv13,10.06,9.07,0.98,582,228.3
24032,Sunburst,12.800001,IN Lv.12,13.28,12.53,0.75,870,176.2
24041,オートフォーカス,15.2,AF Lv.15,15.47,14.36,1.11,1060,152.4
24046,You're Mine,14.700003,IN Lv.14,14.33,13.46,0.88,1000,147.6
24048,★野花香 (Haocore Mix)【Feat.Jiafei】,15.800003,EX Lv.15,17.03,15.08,1.96,1864,166.2
24063,不眠之夜,13.700001,IN Lv.13,13.11,12.45,0.66,553,128.5
24080,8番出口,13.500002,IN Lv.13,9.52,9.11,0.41,325,87.3
24116,GLAZ,15.300001,IN  Lv.15,15.16,13.97,1.19,950,141.8
24127,Straight into the lights,15.800001,IN Lv.15,16.69,14.91,1.78,1809,140.1
24135,Lay Down,13.0,LD Lv.13,13.08,12.26,0.83,745,162.6
24158,Soulwind,16.2,AT Lv.16,16.12,14.78,1.34,1994,212.1
24162,アンノウン·マザーグース(short ver.),15.000004,IN,15.0,13.81,1.19,1038,156.2
24186,Aphasia,14.0,IN Lv.14,12.71,12.18,0.53,500,103.1
24199,Rain travel in the MineCraft,13.2,IN Lv.13,12.4,11.62,0.77,616,162.0
24209,老人と海,13.0,IN,13.02,12.66,0.35,497,84.0
24210,How To Make 音ゲ～曲！,16.0,SP Lv.?,16.14,15.16,0.98,1145,146.6
24232,MAGNETAR GIRL,15.800002,IN Lv.15,15.18,14.23,0.95,1210,137.3
24233,熱異常,16.2,AT Lv.16,17.05,15.54,1.51,2592,238.5
24238,ドリアン爆弹(feat.Roon_kun),15.6,IN Lv.15,14.77,14.12,0.65,890,132.6
24240,Ouvertüre*,15.1,AT Lv.15,16.07,14.81,1.27,1234,127.8
24252,Shattered,13.900003,IN Lv.13,13.91,12.93,0.98,1029,126.0
24260,インフェルノシティ,16.700003,AT Lv.16,16.8,15.58,1.22,1200,117.1
24267,Σndless Suff∅ca7i∅n,16.300001,AT Lv.16,17.31,16.31,1.01,1018,120.5
24268,★Σndless Suff∅ca7i∅n★,16.300001,AT Lv.16,17.28,16.26,1.01,1036,120.5
24269,манго нектар (芒果花蜜),13.0,LV.13,11.26,9.77,1.49,1051,186.0
24284,Crossfire（经验本）,14.800003,IN LV.14,14.51,13.89,0.62,630,108.8
24292,イガク,19.1,AT Lv.15,14.49,13.3,1.19,1000,114.0
24317,もペもペ,14.600002,AT Lv.14,13.35,12.87,0.49,620,107.7
24323,星之落蝶~Falling stars for the butterflies,15.500002,IN Lv.15,14.86,13.91,0.95,970,164.0
24325,Battleworn Insomniac,14.500002,AT Lv.14,9.14,8.1,1.04,400,142.7
24344,Ice Ginte-冰巨星,15.0,IN  Lv.15,15.61,14.58,1.03,1045,172.8
24350,Cradless,13.000003,IN Lv.13,12.74,11.82,0.92,588,164.1
24353,Levitating,14.500002,IN Lv.14,14.27,13.23,1.04,688,197.7
24358,寄明月,20.0,FM Lv.13,14.11,13.12,0.99,1018,221.2
24362,Hello(bpm)2021,17.100004,AT Lv.16,17.49,15.24,2.26,2021,116.1
24367,Stereo Madness,6.999999,HD,8.63,8.26,0.37,260,83.8
24371,Battleplan Underdawn,8.200001,HD Lv.8,8.24,7.73,0.51,148,66.8
24387,ナイト・オブ・ナイツ (USAO Remix),16.0,AT Lv.16,16.73,15.33,1.4,1600,158.9
24389,シカ色デイズ,14.400001,IN Lv.14,14.73,13.54,1.19,1116,196.6
24408,Euphoria(feat. Tsugumi Nagahara),15.400002,IN  Lv.15,15.24,14.38,0.87,1170,197.5
24411,sølips,12.900003,HD Lv.12,12.78,11.67,1.11,800,137.5
24420,Alone aside,13.400002,IN Lv.13,12.39,11.64,0.75,790,139.5
24427,Renegade,13.900003,W Lv.13,13.85,13.01,0.84,800,140.6
24429,Ultimate Force,16.600002,IN Lv.16,17.0,15.51,1.48,1800,145.8
24440,激光雨2k19,14.0,IN Lv.14,14.62,13.55,1.07,777,109.9
24442,『流星物语』,12.999996,IN Lv.13,13.57,12.52,1.04,987,134.0
24446,ころしちゃった!,15.299998,IN Lv.15,14.84,13.95,0.89,999,175.6
24466,KIDS,1.0,0.1,9.11,8.1,1.01,460,156.7
24469,マーシャル・マキシマイザー,15.1,IN Lv.15,14.94,13.9,1.04,1040,141.3
24472,Summer Attack!,15.500002,AT  Lv.15,15.53,14.4,1.13,1151,134.8
24497,ouroVoros,15.900003,IN Lv.15,15.72,14.62,1.1,1237,141.9
24506,国士無双,16.699999,AT Lv.16,17.83,15.66,2.17,2369,187.0
24512,新世界,16.0,IN Lv.15,15.67,14.48,1.18,1087,88.3
24518,TEmPTaTiON,15.8,IN Lv.15,16.11,14.84,1.26,1107,135.0
24548,ClutterFunk,14.700003,IN Lv.14,14.19,13.17,1.02,900,95.6
24555,最甜泰菲糖,15.400002,AT Lv.15,14.61,14.0,0.61,512,102.0
24595,dogdog,14.200001,IN Lv.14,15.15,13.37,1.79,1704,346.4
24607,Alice in misanthrope -厭世アリス,14.8,IN Lv.14,14.65,13.67,0.98,908,139.0
24615,you ArE NEvEr ALoNE oN thE dANcEfLoor,4.7000003,ST  Lv.17,17.9,15.44,2.46,3400,320.0
24618,エリフィと白昏の夜 -Called-,15.1,IN Lv.15,14.93,14.06,0.86,936,112.9
24619,Rainbow Flavor!,14.199999,IN Lv.14,13.73,13.08,0.65,698,148.1
24656,Luminaria,15.400002,IN Lv.15,15.41,14.69,0.72,1061,139.0
24659,Inertia,14.0,IN Lv.14,11.6,10.75,0.85,682,214.9
24667,Summer Attack!,15.1,IN Lv.15,15.21,14.23,0.98,953,134.8
24670,梦里水乡【改编纯音乐】,12.700003,IN,10.15,8.69,1.45,1597,283.9
24673,MONSTER MELODY,15.800003,AT Lv.15,16.7,15.71,0.99,1056,86.5
24690,Musical Theater,14.400002,IN Lv.14,13.99,13.26,0.74,760,144.0
24722,希格雯：海露欢游,14.200001,IN Lv.14,13.62,12.92,0.7,661,106.5
24729,九皋,18.100004,AT Lv.18,18.55,16.04,2.51,3560,328.9
24733,We Want To Run,17.4,AT Lv.17,18.01,15.79,2.22,2794,236.9
24751,イガク,14.899999,IN Lv.14,15.07,14.09,0.99,1002,114.7
24757,The Final EndGame,17.300005,ENDGAME  Lv.17,17.39,15.74,1.65,1644,149.4
24758,Lay Down,13.500002,Lv.13.5,15.9,14.41,1.49,1233,167.7
24763,千里饿殍行,11.999999,良田满穗,12.61,11.56,1.05,600,208.8
24772,[World_Collapse],16.900002,ST Lv.??,17.81,15.69,2.12,1376,112.1
24773,Fragrance,15.300001,IN Lv.15,14.84,14.03,0.81,655,79.7
24782,SW--Warmtale,13.8,IN.13,14.28,13.25,1.04,1111,221.2
24784,Fracture Temporelle,16.0,AT Lv.16,17.46,16.25,1.21,1184,124.5
24794,Ernos,16.1,AT Lv.16,16.73,14.7,2.03,2742,181.7
24810,メズマライザー,15.699999,AT  Lv.15,15.9,14.76,1.14,1100,150.5
24817,Mistlarium,15.599983,IN Lv.15,15.33,14.65,0.68,571,76.9
24832,Amulet,16.0,AT Lv.16,16.62,15.63,0.99,1045,116.5
24849,動く、動く,13.300001,IN Lv.13,13.04,12.43,0.62,391,85.5
24851,DiSANiMATE,16.900003,TB Lv.16,18.19,15.72,2.47,3914,287.7
24854,Ernos,16.900003,MR Lv.16,18.08,15.59,2.48,2794,181.7
24871,decide,14.0,IN Lv.14,15.61,13.91,1.71,1885,318.1
24874,Mystic Light Quest,14.700003,IN  Lv.14,15.06,13.78,1.27,1724,198.0
24875,麒麟,15.600002,IN Lv.15,14.93,14.35,0.58,884,117.8
24891,B.B.K.K.B.K.K,14.4,IN Lv.14.6,15.22,14.24,0.99,1080,124.2
24904,"Cold Air, Warm Heart",15.600002,IN Lv.15,15.43,14.4,1.03,900,119.6
24906,Mystic Light Quest,14.0,PePe Lv.14,14.39,14.0,0.38,619,102.0
24914,冒险结束,2.0,IN13,15.19,13.8,1.39,1259,79.0
24916,Memories,14.700003,IN Lv.2nd,14.4,13.43,0.97,966,147.9
24942,Alone,14.400002,IN Lv.14,13.91,12.86,1.05,788,150.9
24958,星间旅行 Interstellar Journey,13.0,IN Lv.13,13.28,12.4,0.88,494,78.9
24974,1000年生きてる,14.200005,IN Lv.14,13.49,12.99,0.5,521,77.4
24976,My Dearest,10.0,SP Lv.?,12.71,10.76,1.95,2000,331.4
24989,Higher,14.0,IN Lv.14,13.26,12.03,1.24,1390,205.5
24997,Final wish,15.400002,IN Lv.15,15.53,14.37,1.16,999,123.2
25001,The Golden Ratio,14.599999,IN Lv.14,14.01,13.57,0.44,761,137.8
25005,Disorder(feat. YURI),16.600002,AT Lv.16,17.39,16.07,1.32,1220,128.9
25026,雑踏、僕らの街,14.800003,IN  Lv.14,15.46,14.25,1.21,1466,179.5
25059,flashdance,14.8,IN Lv.14,14.44,13.58,0.86,914,117.7
25062,TIME HEALS EVERYTHING,13.9,IN  Lv.13,12.33,11.1,1.23,966,169.6
25075,《Re:miniscence》,18.400003,AT Lv.18,18.49,16.51,1.98,1800,125.4
25077,促荣共竞,14.0,CCTV.14,14.21,13.44,0.77,421,50.5
25097,Speculation(-κryst∅llizeΔ- Bootleg),16.700003,AT Lv.16,18.0,16.38,1.62,1362,111.8
25139,Seraphim (Long Ver.),15.900003,15,16.49,14.91,1.58,1964,232.3
25153,Innocent white,15.600002,IN Lv.15,15.57,14.55,1.03,910,111.2
25166,绝命舞曲,15.800003,AT Lv.15,15.16,13.9,1.25,1195,145.9
25183,with U,15.9,IN Lv.15,16.26,15.26,1.0,1191,137.0
25191,再生,14.1,IN Lv.14,13.67,13.09,0.57,742,138.6
25193,Ultimate Force,16.499987,Legacy  Lv.16,16.45,15.03,1.42,1435,142.2
25195,Adriftfarer,17.700006,AT Lv.17,17.78,16.36,1.42,1413,140.6
25203,Mystic Light Quest,15.300001,IN Lv.15,15.59,14.12,1.47,1427,198.0
25228,夜に駆ける,14.1,IN Lv.14,13.11,12.37,0.74,631,116.3
25237,Bl∞dmoon,15.300001,AT Lv.15,16.1,15.1,1.01,1226,146.8
25243,After The Rain(feat. Such),14.700001,HD Lv.14,14.74,14.06,0.68,781,146.9
25252,准备出发,14.6,IN.14,16.6,15.5,1.1,872,89.1
25265,野良猫ハート,13.500001,IN,14.1,13.09,1.01,842,166.6
25307,六重不忠,15.0,Jealousy Lv.15,14.49,13.27,1.22,1155,256.6
25345,DRE4M1N9,14.700003,IN Lv.14,14.68,14.08,0.6,548,123.7
25356,Trip,15.499998,IN Lv.15,14.29,13.4,0.89,1180,196.9
25358,Mystic Light Quest,14.300001,IN Lv.14,14.62,13.4,1.22,1442,198.1
25370,Mystic Light Quest,15.400002,IN Lv.15,15.78,14.71,1.06,1400,199.5
25372,Revolution,15.0,R Lv.15,14.83,14.17,0.66,752,147.9
25403,PUPA,15.400002,IN Lv.15,16.6,15.1,1.5,1293,122.3
25406,让风告诉你,14.199998,IN Lv.14.3,15.11,14.01,1.09,1400,219.6
25474,アナフィラキシー ,16.100004,SP,17.23,15.95,1.27,1212,132.7
25478,Altale,13.8,IN,12.59,11.88,0.7,650,137.4
25490,俄罗斯方块,14.8,IN,14.85,14.1,0.75,741,93.3
25504,アブノーマリティ・ダンシンガール,15.900003,IN Lv.15,17.0,15.3,1.7,1999,202.8
25506,Doom Factor,15.300001,IN 15,14.91,14.17,0.74,863,139.2
25518,Waking Shadows (feat. Eili),16.800003,AT Lv.16+,18.25,15.85,2.4,4061,312.6
25523,☢️Waking Shadows (feat. Eili),16.800007,AT Lv.16+,18.27,15.85,2.42,4061,312.6
25535,Tactics-Exhaustive,13.300003,IN  Lv.13,14.08,13.41,0.67,800,149.6
25544,イガク,14.900001,IN Lv.14,14.69,13.67,1.02,1064,114.5
25550,FULi AUTO BUSTER,14.5,"IN Lv.14
",14.64,13.68,0.97,919,119.0
25563,Comfort Chain,14.7,EZ Lv.5,8.88,7.86,1.01,483,176.7
25567,Memory,14.700003,Memorize Lv.14,14.65,13.19,1.46,1245,247.2
25578,世末积雨云,15.700003,IN lv.15,16.28,15.06,1.23,1291,122.5
25607,ポテトパイ宣言,14.1,SP Lv.14,12.38,11.97,0.41,137,24.8
25618,樱落繁花,14.900002,IN Lv.14,15.25,14.17,1.08,969,170.1
25620,オーバーライド,15.600002,IN Lv.15,15.3,14.26,1.05,1284,134.1
25635,Milky Way,14.600003,IN Lv.14,14.04,13.1,0.93,1045,180.4
25648,The Final EndGame,17.600002,ENDGAME  Lv.17,18.76,16.58,2.18,2056,148.2
25665,See You Again,13.100007,IN,13.01,12.45,0.57,387,102.6
25672,Sunshine Girl,11.800003,IN Lv.11,11.17,10.53,0.64,500,214.7
25673,待花开,13.200001,IN Lv.13,9.89,8.8,1.08,479,171.2
25675,再生Recall,11.0,,11.98,10.75,1.23,803,216.9
25676,metaverse,15.0,IN Lv.15,16.17,15.0,1.17,1203,167.2
25678,今天不是明天,14.200001,FM  Lv.14,14.14,13.35,0.79,818,155.6
25684,climax,16.400002,AT16,17.66,15.42,2.24,2600,151.6
25702,Forget me not,14.300001,IN,14.03,13.34,0.69,693,120.7
25710,Evans,15.299999,Lv 15,14.95,14.09,0.86,691,101.2
25735,打上花火,14.800003,AT Lv.14,14.06,12.99,1.07,1152,257.3
25743,霹靂神ソフトウェア,17.6,AT Lv.17,18.98,15.66,3.32,6334,427.3
25745,Farewell,15.800003,IN Lv.15,17.35,15.66,1.68,1763,188.2
25758,Sthenno,16.800001,AT Lv.16,17.85,15.64,2.21,2308,181.9
25759,Boss Rush,15.2,IN Lv.15,15.11,14.27,0.84,1085,121.2
25765,Megamix 2,16.7,AT. 16,19.31,15.68,3.62,15291,690.4
25766,Bloom,15.800001,HL Lv. 15,16.57,15.39,1.18,1200,153.8
25776,Payphone,14.8,IN.14,14.64,13.47,1.17,1209,228.3
25807,若我不曾见过太阳,14.900002,IN Lv.14.9,14.64,13.75,0.9,1000,136.3
25835,Love Story,13.1,IN  Lv.13,10.85,9.83,1.02,756,221.6
25878,Bye,14.000001,IN Lv.14,14.38,13.45,0.93,670,144.0
25893,water,14.300001,IN Lv.14,14.4,13.15,1.25,1474,290.8
25895,Magnet,15.0,AT Lv.15,16.11,14.99,1.12,1307,164.0
25906,Villain Virus,17.800007,AT Lv.17,17.73,15.39,2.34,3333,264.9
25925,追光使者,13.9000025,IN,11.24,10.17,1.07,674,179.5
25927,夢のまた夢,15.0,IN lv.15,15.47,14.08,1.39,1365,236.1
25932,Conclusion of ∀,15.9,IN Lv.15,15.69,14.9,0.8,1126,136.7
25933,Coincidence,13.400001,IN Lv.13,12.99,11.7,1.29,992,245.8
25937,waitingforyou,14.600001,IN Lv.14,14.7,13.55,1.15,999,190.6
25966,R,14.300001,IN Lv.14,14.82,13.82,1.0,1000,138.7
25988,cyanine,15.800003,AT Lv.15,16.75,15.33,1.42,1593,180.0
25997,Time Leaper,15.7000065,IN Lv.14,14.15,13.18,0.98,668,131.7
25999,Regret,14.7,IN Lv.14,14.84,14.14,0.7,784,114.1
26017,MEGALOVANIA(Camellia Remix),17.0,AT Lv.17,18.75,15.79,2.96,5200,349.9
26040,Tcans.,15.0,IN Lv.15,14.25,13.25,1.0,813,145.2
26050,Panorama,16.500006,Chromatic - Lv.16,16.53,15.61,0.92,733,106.8
26061,若我不曾见过太阳,2.8,EZ Lv.2.9,8.89,8.18,0.7,500,136.1
26062,Hoshi ga Furanai Machi,16.0,AT Lv.16,17.59,15.8,1.79,1925,151.3
26067,Universe,14.600004,IN Lv.14,14.53,13.7,0.82,830,109.9
26085,守护契约,12.800003,EX Lv.12,10.63,9.59,1.04,639,220.0
26091,魔女は復讐の夜に- Maintheme,10.0,阿拉蒂亚 Lv.10,9.2,8.26,0.94,351,151.1
26096,ルル（rule）,14.600002,IN Lv.14,14.19,13.51,0.68,619,94.3
26098,ゴートゥ大都会,14.500002,IN Lv.14,14.37,13.78,0.59,433,74.8
26102,Небо (天空),8.0,LV.8,10.09,8.96,1.13,581,192.1
26103,绝命舞曲,15.8,IN Lv.15,16.3,15.06,1.25,1234,151.2
26104,ファタール - Fatal,13.1,IN Lv.13,14.03,12.89,1.14,1000,215.0
26106,RE Aoharu,15.1,IN 15,15.88,14.88,1.0,1044,132.7
26109,はいよろこんで,14.800003,IN Lv.14,15.01,14.07,0.94,1200,152.4
26139,异样的风暴中心,14.300001,IN ,13.25,11.62,1.63,1295,313.6
26147,とげとげサディスティック ,10.0,10,13.28,12.72,0.56,450,86.6
26153,Finixtahv,15.0,IN Lv.15,15.04,14.02,1.02,1000,131.7
26169,喃喃萤火,13.0,IN LV.13,12.49,11.76,0.73,793,232.6
26217,Open The Door,15.0,IN Lv.15,15.14,14.02,1.12,1355,197.4
26218,Last Promise,14.300001,IN Lv.14,13.35,12.35,1.0,720,146.6
26220,Cry,15.9,AT Lv.15,17.76,15.44,2.32,3343,127.5
26228,stεganography,19.000004,AT  Lv.19,18.77,16.1,2.67,4000,323.7
26255,SIZUMU,15.8,IN Lv.15,15.55,14.65,0.9,1130,164.9
26276,Tempest,15.0,IN Lv.15,16.58,15.61,0.97,1080,130.3
26277,星相运轨-Echo of the Universe-,12.1,IN Lv.12,9.41,9.04,0.37,372,120.1
26288,心機一轉(白),14.700003,IN Lv.14,14.48,13.71,0.77,724,127.2
26295,樱落繁花,14.0,IN Lv.14,15.32,14.19,1.13,1137,169.8
26304,Change the Game (feat. 松永依織),15.600002,TANO*C Lv.15,15.31,14.53,0.78,1000,167.7
26307,SnowMix♪,15.0,IN.Lv.15,14.69,13.74,0.95,923,145.0
26309,ドリアン爆弾,16.099997,AT Lv. 16,16.06,14.96,1.1,1191,132.6
26316,チーズ,15.0,IN Lv.15,15.08,14.08,1.0,1231,157.8
26331,AzazeL -REGINX-,16.600002,AT Lv.16,17.68,16.02,1.66,1700,156.0
26368,Sweet* Witch* Gir*,15.800003,IN Lv.15,16.37,15.58,0.79,941,129.0
26384,Ops_Limone (K-forest's EX-Order_Uva),16.900003,AT Lv.16,17.25,15.79,1.46,1388,135.1
26385,耍把戏,12.0,IN,14.03,12.95,1.07,820,170.2
26390,缸,12.2,缸,10.12,9.22,0.9,457,166.2
26392,Next Time,15.000004,AT Lv.15,13.25,12.41,0.84,561,104.3
26399,Butcher Vanity,15.0,IN.15,15.16,14.1,1.07,1182,183.1
26404,梦回还,11.0,11,15.15,14.07,1.08,1063,244.7
26405,Period.,17.900003,AT Lv.17+,18.21,16.2,2.01,1825,115.7
26413,TiamaT:F minor,15.7,AT.15,15.95,14.88,1.08,1504,147.9
26418,Lost In A Fantasy,15.2,IN Lv.15,15.43,14.16,1.28,1326,185.6
26421,Burning Love,14.0,IN Lv.14,15.24,13.81,1.43,1124,119.8
26439,snooze,14.599999,IN Lv.14,14.51,13.58,0.92,820,163.2
26450,溯 (Reverse),13.900003,IN Lv.13,12.75,11.92,0.83,888,177.6
26451,Heracles,15.600002,IN Lv.15,15.4,14.44,0.97,898,109.4
26455,Collapsing World,13.6,IN 13,13.61,13.13,0.47,541,173.5
26463,繁星降落的奇迹【冬日树下的回忆】,15.400002,AT Lv.15,13.63,13.06,0.56,716,113.3
26478,THE MUZZLE FACING,16.2,IN Lv.16,16.31,15.04,1.27,1548,152.1
26485,食虫植物,12.299997,LH Lv.12,9.24,8.65,0.59,400,143.1
26487,小跳蛙,13.2,IN Lv.13,10.97,10.33,0.63,590,137.8
26523,人类恐惧症,15.400002,IN Lv.15,15.41,14.54,0.86,1067,153.5
26525,Ultimate Force,15.900003,IN Lv.15,16.18,15.02,1.16,1359,142.2
26533,Orphe,14.6,IN,14.81,13.93,0.88,873,118.3
26534,准备出发！,13.499998,IN 13,14.09,13.23,0.87,666,84.1
26539,バグ (bug),15.500002,AT Lv. 15,15.04,13.68,1.36,862,120.0
26540,Collapsing World,13.600002,IN Lv.13,13.61,13.13,0.47,541,173.5
26541,寒冬 The Winter（House Remix）,13.200001,IN Lv.13,13.2,12.41,0.79,405,63.5
26545,Burning Love,14.0,IN Lv.14,15.24,13.81,1.43,1124,119.8
26549,イガク,15.0,ユ Lv.15,15.29,13.94,1.35,1391,117.4
26550,じゃあな/再见呐,14.0,IN,15.18,14.1,1.08,1341,226.7
26551,イルミナティ （feat. 初音ミク）,16.300001,AT Lv.16,17.04,16.08,0.95,1046,89.5
26569,あの光,12.500002,IN Lv.12,9.96,9.56,0.39,269,76.9
26571,Artileimor,15.800003,AT  Lv.15,16.23,14.89,1.35,1080,96.0
26573,YELLOW,14.0,IN Lv.14,13.47,12.46,1.01,993,177.8
26584,海肯斯小夜曲,14.200001,IN Lv.14,14.69,13.5,1.19,1050,181.7
26601,Tempo-Katana (feat. Beat Saber),16.400005,AT Lv.16,17.32,15.64,1.69,2000,194.1
26623,千里饿殍行,14.0,IN Lv.14,12.18,11.08,1.1,695,208.0
26637,Surveillance (feat. RANASOL),14.1,IN Lv.14,13.83,12.89,0.94,1122,219.9
26639,Originlly,15.500002,IN Lv.15,15.82,14.81,1.01,1174,136.8
26640,Bl∞min',16.700003,AT Lv.16,17.91,16.4,1.51,1420,134.3
26641,Sense,14.700003,IN Lv.14,14.87,14.12,0.75,813,172.8
26648,寒冬 The Winter（House Remix）,13.2,IN Lv.13,13.2,12.41,0.79,405,63.5
26649,Kumo No Kireme,10.0,AT Lv.17+,18.3,15.67,2.63,2555,176.3
26653,チューリングの跡,15.1,IN Lv.15,15.08,14.16,0.91,927,129.1
26658,STARDUST,15.50001,IN Lv.15,15.13,14.24,0.9,900,128.0
26670,Grimheart,14.400002,AT Lv.14,13.81,13.09,0.72,713,122.5
26679,云阵四合,12.0,IN Lv.12 S* ,12.99,12.51,0.49,456,81.3
26687,MAGENTA POTION,14.299996,sp,15.55,14.1,1.45,1368,204.8
26691, はいよろこんで,13.0,IN Lv.13,13.79,13.09,0.7,723,152.4
26697,Rainbow Road,13.9,IN Lv.14,14.19,13.43,0.76,986,169.2
26698,Ultimate Force,16.800003,AT Lv.16,17.61,15.85,1.76,1900,142.2
26699,Towards the 300,16.800003,IN Lv.17,17.07,15.52,1.55,1426,129.5
26705,Hypervelocity,17.2,AT Lv.17,18.34,16.14,2.2,3000,261.8
26716,退廃的人生讃歌,15.900001,IN,15.13,14.26,0.87,1076,205.5
26718,halcyon,16.2,Legacy Lv.16,15.72,14.4,1.32,1365,136.3
26728,Fragments,15.0,IN Lv.15,14.79,13.68,1.11,936,180.4
26736,再见公主,15.0,IN Lv.15,14.73,14.06,0.67,902,124.9
26751,Flamenco House,15.400002,IN Lv.15,15.05,14.06,1.0,873,124.5
26791,Elixir,14.500002,IN  Lv.14,14.79,13.92,0.87,857,133.7
26796,国士無双,17.500002,AT Lv.17,18.81,16.12,2.69,3000,187.1
26797,イガク,15.900001,IN Lv.15,16.43,15.27,1.16,1035,117.2
26818,Shining,14.900001,IN Lv.14,15.63,14.08,1.54,1539,153.6
26823,茗图盛景,15.0,IN   Lv.15,15.49,13.71,1.79,1817,224.4
26834,Lifeline(Remix),15.4,In 15.4,14.28,13.56,0.72,1052,191.1
26837,And Revive The Melody,16.2,AT Lv.16,16.71,15.16,1.55,1577,165.7
26839,Vesania,15.400001,WRESTLE.15,15.54,14.51,1.03,1250,174.0
26841,Blood Stained Faith (RiraN Remix),15.300001,IN  Lv.15,15.53,14.44,1.09,1220,103.8
26852,WATER,14.500001,AT Lv.14,15.01,13.57,1.44,1648,291.5
26880,Heaven's Fall,17.0,AT  Lv.17,18.48,16.25,2.24,2024,126.7
26888,黑神话:悟空（PIKASONIC Remix）,15.700003,EX Lv.15,15.52,14.86,0.65,743,90.0
26902,Puzzle (2024 Edit),13.0,HD Lv.13,14.29,13.14,1.15,1025,165.0
26916,weathergirl,13.900001,IN Lv.13,13.15,12.33,0.82,539,128.0
26928,jsl,11.0,BBC No.J11,15.37,14.26,1.11,777,83.5
26934,Lifeline(Remix),15.400001,In.15.4,14.28,13.56,0.72,1052,191.1
26936,壱雫空,14.800003,IN Lv.14,14.49,13.88,0.61,700,89.1
26937,Access Denied,16.1,AT Lv.16,16.61,15.7,0.91,1030,144.5
26959,流星物语,15.0,IN Lv.15,14.76,13.45,1.31,1042,126.8
26961,絶対零度,15.600002,AT Lv.15,16.21,14.99,1.22,1020,106.7
26969,今はいいんだよ。,14.400002,IN Lv.14,13.31,12.65,0.67,685,128.9
26982,情书(KOTDARI Remix),13.1,LOVE  Lv.13,14.39,13.27,1.11,1160,148.0
26987,終の舞姬,16.0,Dance  Lv.16,17.81,16.39,1.42,1322,122.4
27006,Harumachi Clover,15.2,IN Lv. 15,14.53,13.62,0.91,324,30.2
27009,透明心淵,14.99999,IN Lv.15,15.15,14.23,0.92,900,111.1
27021,Avantgarde,9.0,IN Lv.15.9,17.39,15.77,1.62,1500,142.8
27029,Gravisphere Crisis,16.300001,AT Lv.16,17.1,15.77,1.33,1270,100.6
27032,•?((¯°·._.• 随便音乐 •._.·°¯))؟•,14.8,IN Lv.14,14.24,13.55,0.7,215,21.7
27042,GASHATT,15.799999,IN Lv.15,15.56,14.26,1.29,1321,134.4
27045,ベースラインやってる笑,14.400002,IN Lv.14,14.54,13.71,0.83,829,132.8
27049,世末歌者,15.0,End Lv.15,15.8,14.28,1.52,1739,319.0
27062,Take Me Hand,13.0,IN Lv.13,13.01,12.08,0.93,726,133.8
27065,とあちゃんのおもちゃ箱(Toa's Toybox),16.0,HD Lv.16,16.05,14.95,1.1,1185,127.4
27084,你看，世界好美,15.300001,IN Lv.15,15.72,14.25,1.47,1780,233.3
27087,空の箱 (Vo.河原木桃香),12.800003,IN Lv.12,13.79,13.03,0.75,393,71.1
27092,New World,16.3,IN.16,17.05,15.61,1.44,2097,236.2
27101,太陽花,13.700003,Sunflower Lv.13,9.93,8.81,1.12,533,178.4
27106,SUBCUL CiTY,14.300001,IN Lv.14,14.41,13.7,0.71,857,125.6
27110,Nevada,14.400001,IN Lv.14,15.42,13.92,1.5,1375,201.4
27140,ヒバナ,15.7,AT LV.15,15.51,14.33,1.18,1131,120.0
27157,Re: End of a Dream,17.2,AT Lv.17,18.06,16.34,1.72,1642,138.1
27158,スヂ,15.700003,IN Lv.15,15.48,14.25,1.23,1756,208.4
27172,BRAIN HACKER,16.400002,AT Lv.16,17.69,16.39,1.29,1473,105.0
27181,ファタール(fatal),15.900003,IN Lv.15,16.61,14.91,1.69,2091,208.5
27230,~Redintegration~ 割れた鏡,15.0,IN Lv.15,16.42,15.02,1.4,1412,131.7
27237,酒神颂,4.0,EZ Lv.4,6.63,6.26,0.38,294,96.6
27249,Waking Shadows,16.1,IN Lv.16,16.6,14.81,1.8,2886,332.8
27256,石星熠舞,13.000002,IN Lv.13,13.31,12.84,0.47,331,70.3
27273,Operation☆DOTABATA,14.700003,IN  Lv.14,14.51,13.76,0.75,883,112.8
27277,Glazed Color,15.400002,IN Lv.15,14.45,13.63,0.82,850,139.8
27278,Hullbreaker,14.700003,TG  Lv.14,14.26,13.29,0.97,1095,130.6
27283,drink-colored eight star,8.0,SP Lv.88,19.44,15.39,4.06,8888,130.1
27288,Revelation,16.300001,AT Lv.16,17.02,15.54,1.48,1495,147.3
27290,Start To The End,15.700002,IN Lv.15,14.56,13.76,0.81,910,134.0
27294,Terrasphere,14.0,IN Lv.14,13.64,13.0,0.64,741,145.5
27304,Fall（Ghost Synth）,13.0,IN Lv.13,10.02,9.62,0.41,400,145.9
27306,スヂ,15.600002,IN Lv.15,15.48,14.25,1.23,1756,208.4
27334,周榜乱炖,15.300001,IN,15.6,14.05,1.55,1273,214.6
27336,Sadalmelik,18.100004,AT Lv.18,18.24,16.27,1.97,1428,101.4
27337,心の記憶,15.300001,FM  Lv.15,14.83,13.7,1.14,1044,150.8
27352,Fly To Meteor,13.6,IN Lv.13,14.07,13.38,0.69,623,149.3
27359,俺ゴーストタイプ（我是幽灵属性）,14.0,IN  Lv.14,14.86,13.78,1.08,989,157.4
27367,panopticon,15.200001,IN Lv.15,14.68,13.9,0.78,865,126.0
27369,Dead Inside,15.200001,AT Lv.15,13.94,13.3,0.64,580,105.6
27392,Take Me Hand,12.5,(＾3＾♪,12.88,11.65,1.23,729,238.8
27406,单恋一枝花,12.2,IN,13.69,12.83,0.86,649,124.3
27411,Make U SWEAT!,14.5,IN.Lv 14,14.2,13.51,0.68,556,120.0
27427,竖波波卡,15.400002,IN Lv.15,15.54,14.73,0.81,872,112.8
27440,兰音Reine - 虹色蝶々,11.0,11,12.29,11.47,0.82,412,119.8
27487,海马成长痛,14.5,IN,16.73,15.35,1.38,986,184.7
27490,熱異常 (Shader ver.),15.500002,IN  Lv.15,15.45,14.53,0.92,964,118.0
27499,〇、,15.500003,IN Lv.15,14.65,13.87,0.78,582,105.5
27501,Defective pixel,11.399999,Lv.?,9.23,8.94,0.29,333,120.0
27503,Psyched Fevereiro,14.400002,IN Lv.14,14.55,13.78,0.77,877,127.8
27521,熱異常,15.400002,IN  Lv.15,15.45,14.53,0.92,964,118.0
27525,do you see me?,13.400002,IN Lv.13,14.47,13.6,0.87,755,202.1
27532,你的颜色,16.0,AT Lv.16,17.38,16.02,1.36,958,138.2
27533,Dimension Hacker,16.600002,AT Lv.16,17.66,16.03,1.63,1514,135.7
27542,Eternal Snow,13.5,IN  Lv.13,13.65,12.83,0.82,582,114.9
27557,Eternal Disaster (peri0d),15.500002,HD Lv.15,15.54,14.35,1.19,1535,252.2
27559,JUMP！BEAT！PLAY！,14.699995,IN Lv.14,14.4,13.36,1.04,750,119.9
27560,另一个我,14.600002,IN Lv.14,14.6,13.3,1.3,935,194.4
27575,YELLOW,14.700003,IN  Lv.14,14.04,13.06,0.98,1187,172.4
27579,花と、雪と、ドラムンベース。,14.800003,IN Lv.14,14.65,13.5,1.15,827,127.7
27587,Redraw the Colorless World,14.0,IN Lv.14,15.06,14.36,0.69,640,144.8
27588,Belle de Nuit,14.200005,FM  Lv.14,13.37,12.56,0.81,570,127.5
27607,Clear's megalovania,15.200001,IN,15.36,14.37,0.99,1113,264.0
27625,Walk Thru Fire,13.399998,IN  Lv.13,12.34,11.59,0.75,795,181.0
27632,むげんのチケット (feat. 初音ミク&KAITO)(无限船票),14.0,IN Lv.14,13.87,12.9,0.97,1214,214.3
27646,Run*2 Run To You,15.400002,IN Lv.15,15.86,14.86,1.0,1039,113.8
27677,暮色回响,14.600002,IN Lv.14,13.24,12.12,1.11,1000,172.5
27685,Eternal Disaster (peri0d),15.200005,EZ  Lv.15,15.11,13.68,1.42,1855,269.5
27691,FlavorScape!,14.0,IN Lv.14,14.42,13.46,0.97,1050,155.6
27694,CORRUPT YER MAW,13.900001,IN Lv.13,14.74,13.69,1.05,316,57.0
27702,囍（Chinese Wedding）,15.0,IN Lv.15,14.44,13.29,1.15,1800,199.0
27704,Vagrant,14.5,IN Lv.14,14.5,13.2,1.31,1443,243.5
27712,Silver Bullet,15.7,AT Lv.15,15.6,14.57,1.03,1042,157.9
27718,青春のアーカイブ (takehirotei remix),15.300001,IN Lv.15,15.34,14.64,0.71,953,118.2
27719,《Ж》,15.400002,Legacy Lv.15,16.19,14.74,1.45,1326,135.3
27720,1NF3S+@+!0N,14.500001,IN Lv.14,15.3,14.08,1.22,1027,126.3
27724,十拳剣 -Totsuka no Tsurugi-,16.500002,Ten Lv.16,17.65,15.91,1.74,1916,156.2
27725,すとり～ま～FIRE!?!?,15.0,IN Lv.15,15.14,14.25,0.89,559,130.3
27733,Poppy,16.300001,AT LV.16,17.14,15.9,1.24,1200,142.5
27743,GOODRUSH,15.0,AT  Lv.15,15.9,14.69,1.22,1185,132.3
27748,Eat up my HEART???,14.400002,IN Lv.14,14.81,13.15,1.66,1810,289.1
27749,ノシノシ,13.5,IN Lv.13,13.73,12.72,1.01,625,144.6
27751,"!nterroban(?,",16.400002,AT Lv.16,17.44,16.01,1.43,1291,119.9
27758,きゅびびびびずむ,10.0,AT Lv.?,16.08,14.34,1.74,2222,196.2
27764,async,14.400006,Find yourself,13.45,12.73,0.73,448,91.4
27768,電子ドラッグ(笑),13.799999,IN Lv.13,14.18,13.61,0.57,573,85.8
27781,《Ж》,16.300001,AT Lv.16,17.51,16.35,1.16,1291,135.3
27783,雨之城,13.0,IN Lv.13,12.32,11.92,0.41,242,70.6
27794,Snow White,13.400002,FM.Lv13,14.62,13.6,1.03,779,143.5
27796,爵士,13.8,EX Lv. 13,13.39,12.71,0.68,588,103.7
27819,万圣节,14.600002,IN Lv.14,13.54,12.73,0.81,1004,111.3
27833,好的冰,14.899999,IN Lv.14,15.56,14.39,1.17,256,21.3
27835,LINK x LIN#S,12.799999,IN Lv.12,13.04,12.39,0.65,634,130.9
27852,誰にもなれない私だから,14.8,IN Lv.14,14.05,13.46,0.59,657,94.4
27869,月に叢雲華に風,13.0,IN Lv.13,13.59,12.86,0.73,613,118.6
27886,So-Long-for-Another-Summer-,13.399998,Summer.lv13,11.51,11.08,0.43,405,78.6
27888,月詠に鳴る,14.200001,IN Lv.14,14.35,13.76,0.59,837,127.9
27889,bye,15.2,AT Lv.15,15.36,14.13,1.23,1209,155.8
27900,starlight,14.499998,IN 14.5,12.0,10.58,1.42,1055,177.4
27904,KICK BACK,14.0,IN  Lv.14,14.54,13.6,0.94,952,115.0
27905,Beyond The Timeline,15.400001,AT Lv.15,14.6,13.63,0.98,920,139.5
27914,Singularity at 2.64e+6 BPM,15.699999,IN Lv.?,15.58,14.0,1.58,2400,217.7
27920,Grin,15.700003,IN Lv.15,15.89,14.87,1.02,1317,135.3
27929,瓶中我,13.100003,IN LV.13,9.15,8.67,0.48,299,91.4
27934,BAYONEX,17.1,AT Lv.17,17.65,15.2,2.45,1950,118.3
27937,超最終鬼畜妹フランドール・S,17.0,超最終 Lv.17,18.33,16.29,2.04,1826,118.0
27941,Ice Cream' Sandwich,13.200001,IN Lv.13,12.74,12.21,0.53,547,87.6
27951,(重制版)ワンルームシュガーライフ,16.500004,AT Lv.16,17.48,15.81,1.67,1949,150.0
27964,トンチンカンフルエンサー,15.0,AT Lv.15,16.21,14.93,1.28,1637,189.5
27980,乐意效劳 (Magens Remix),15.500002,IN Lv.15,15.45,14.35,1.1,1291,141.4
27997,ノンブレス・オブリージュ,14.6,IN  Lv.14,13.9,13.27,0.62,746,115.2
28005,小さな旋律,12.800002,IN ,10.23,9.05,1.18,680,149.1
28006,Vulnerability,15.899996,IN Lv. 15,16.26,15.2,1.06,1040,104.9
28019,雑踏、僕らの街,15.5,IN,15.73,14.43,1.3,1465,179.5
28030,10000,14.2,IN  Lv.14.1,14.89,13.42,1.47,2136,235.1
28031,T+ VS SHARK,10.0,AT Lv.17+,18.26,15.93,2.33,2500,174.9
28036,我不曾忘记,13.0,IN  Lv.13,10.89,9.56,1.33,688,227.6
28041,SHOW (Бульбулятор version),10.0,NE PRIDUMAL,10.39,9.38,1.02,328,85.5
28044,So Far Away,14.0, IN Lv.14,13.28,12.33,0.94,576,102.9
28060,PUPA,15.8,IN Lv.15,15.52,14.65,0.87,1087,122.1
28071,セツナトリップ,15.900003,AT Lv.15,15.98,15.09,0.89,1077,122.5
28080,きゅびびびびずむ,15.600002,IN15,16.87,15.12,1.76,1815,196.2
28092,举头三尺天气晴,15.0,IN Lv.15,15.68,14.58,1.1,795,90.8
28101,Bad Elixir,16.900003,AT  Lv.16,17.83,16.29,1.54,1273,124.1
28120,Han-nari,13.0,IN.Lv13,14.24,13.46,0.77,700,89.0
28138,Golden Hour (Chime Remix),14.2,Golden Lv.14+,14.82,14.01,0.81,820,117.5
28189,Inverted World,15.5,IN Lv.15,15.88,15.0,0.88,932,117.2
28192,繁星降落的奇迹,13.500002,IN Lv.13,13.47,12.79,0.68,616,121.6
28202,親愛なるあなたは火葬,15.0,IN LV.15,15.12,13.91,1.21,1685,253.7
28249,Cherophobia,17.4,IN Lv.13,14.56,13.52,1.03,959,168.1
28250,Classy Kitty,15.200001,IN Lv.15,15.04,14.05,0.98,1008,168.0
28265,Bangarang (feat. Sirah),15.1,AT Lv.15,13.41,12.82,0.59,782,130.4
28274,提瓦特最屑反派,14.0,IN Lv.14,14.34,13.6,0.73,926,159.5
28284,散り散り,14.599998,AT Lv.14,14.82,13.88,0.94,725,101.4
28294,Χάρων,15.1,IN Lv.15,15.34,14.36,0.98,1041,148.9
28305,To：Be Continued,15.800003,IN  Lv.15,16.05,14.72,1.33,1301,133.0
28306,B.B.K.K.B.K.K.,14.900001,IN Lv.14+,14.56,13.86,0.69,939,118.6
28312,GOODRAGE,12.000004,HD  Lv.12,12.79,12.21,0.58,676,116.8
28317,cyanine,16.400002,AT  Lv.16,17.04,15.64,1.39,1666,187.7
28324,Altale,13.5,AT  Lv.14,14.09,13.22,0.87,1076,137.5
28337,R.I.P.,15.400001,IN Lv.15,14.77,13.86,0.91,999,138.1
28346,Khionos TiARA,16.400002,AT Lv.16,17.14,15.96,1.18,1116,114.9
28356,画竜天晴,15.500002,IN Lv.15,15.5,14.56,0.94,860,118.2
28362,OTKPARA!,14.6,IN Lv.14,14.51,13.78,0.73,777,117.1
28378,MONEY IN MY POCKET,15.700003,AT15,17.02,15.71,1.3,1188,119.9
28381,Bad Apple!!,13.800003,IN Lv.13,14.01,13.42,0.59,733,120.9
28384,Five Hundred Miles,12.500002,12,9.65,8.87,0.78,646,197.6
28385,doodle,13.900003,IN Lv.13,12.74,12.08,0.66,543,73.1
28394,It's alright,14.800003,IN  Lv.14,14.67,13.93,0.74,989,173.1
28426,MonochromeRe.Surgence,12.300009,Neir Lv.Dream,12.18,11.3,0.87,580,248.8
28435,经过,15.0,15,14.82,13.97,0.85,716,205.8
28437,シミュラ · ラクラ,15.300001,IN Lv.15,14.54,13.54,1.0,1025,126.7
28444,Light of Love,15.1,IN ,15.06,14.15,0.91,1013,138.7
28450,FORTALiCE,15.400002,IN Lv.15,15.79,14.34,1.45,1600,149.3
28457,PUPA,15.8,IN Lv.15,15.52,14.65,0.87,1087,122.1
28462,おべか,14.0,IN 14,13.7,12.5,1.2,979,177.1
28464,萤火仲夏夜,14.400002,IN LV.14,13.43,12.28,1.15,741,188.9
28466,Identifier,3.4999995,EZ Lv.3,6.48,6.07,0.41,125,146.0
28470,アマツキツネ,11.5,HD Lv.11,9.58,8.73,0.85,544,129.3
28482,人マニア,16.500002,IN  Lv.16,16.89,15.63,1.26,995,123.8
28495,Requiem Cataclysm,16.200005,IN Lv.16,16.01,14.95,1.05,1251,142.6
28512,アイアンメイデン・ジャンク,15.600002,IN Lv.15,15.65,14.59,1.05,1040,123.4
28535,Mystic Light Quest,15.400002,IN Lv.15,15.18,13.89,1.29,1555,204.0
28548,最后的蒸汽骑士,14.800003,IN Lv.14,14.22,13.42,0.8,689,104.0
28577,MVURBD,15.700003,IN Lv.15,15.5,14.01,1.49,1692,164.9
28578,Weavers,15.199999,IN Lv.15,14.71,13.57,1.14,1145,275.2
28579,RTX 20000,15.8,AT Lv.15,16.86,14.44,2.43,6930,125.9
28592,Lifeline,15.6,AT.15,15.98,14.24,1.74,1866,304.7
28613,つよがるガール,15.800003,IN Lv.15,14.94,14.15,0.79,816,124.2
28619,Runaway,14.2,IN,13.37,12.54,0.83,890,150.0
28629,Gravisphere Crisis,16.599998,AT Lv.16,17.56,16.06,1.5,1417,100.6
28630,Hyper Memories,16.300001,IN Lv.16,16.58,15.37,1.21,1526,148.8
28651,A CYBER'S WORLD?,14.600002,IN Lv.14,13.23,12.11,1.13,1030,161.8
28676,Falling Again,15.800015,AT Lv.15,15.63,14.54,1.09,955,247.8
28685,Lucid Trigger,13.7,IN Lv.13,14.53,13.63,0.9,1010,131.1
28704,だいあるのーと,14.500002,IN Lv.14,13.76,13.17,0.59,569,110.3
28707,macro.wav,14.700003,IN Lv.14,15.08,14.17,0.92,852,125.6
28710,MAGGOD,15.800003,AT Lv.15,15.72,14.96,0.77,772,109.1
28724,HALO,17.2,AT Lv.17,17.95,16.24,1.71,1441,113.1
28728,波隙漂浮,16.1,AT Lv.16,16.33,15.34,0.99,1358,164.6
28742,今天不是明天,14.0,IN Lv.14,14.11,13.12,0.99,730,153.8
28746,忘了,13.600002,IN Lv.13,11.13,10.39,0.74,480,149.5
28753,A Cyber's World,13.0,IN  Lv.13,12.31,11.58,0.73,671,162.8
28762,Children's March,13.400002,IN lv.13,14.34,13.68,0.66,805,140.8
28776,JUMP！BEAT！PLAY！,13.0,IN Lv.13,13.87,13.11,0.76,630,120.3
28784,What U Do,13.1,IN Lv.13,12.98,12.49,0.49,420,126.4
28786,アポカリプスに反逆の焔を焚べろ,16.800001,AT Lv.16,17.1,15.62,1.48,1364,133.6
28801,CO5M1C R4ILR0AD,15.300005,IN Lv.15,15.39,14.36,1.03,991,123.4
28836,Terrasphere,13.800003,IN Lv 13,13.56,12.83,0.73,787,145.1
28873,R.I.P.,16.800003,AT Lv.16,17.23,16.08,1.15,1132,130.0
28906,再会,12.8,IN Lv.12,13.29,13.0,0.28,471,152.3
28918,OverRain,14.399979,Cloudburst Lv.10,14.47,13.72,0.75,665,137.6
28922,ここからはじまるプロローグ。,14.300002,IN Lv.14,14.17,13.09,1.08,689,125.9
28923,Amouage,14.700003,IN Lv.14,14.85,13.87,0.98,1130,169.3
28928,Infertehno,9.999999,HD Lv.10,14.82,13.64,1.17,1600,181.2
28946,秘密人偶剧Ⅱ,14.800001,IN Lv.15,14.94,14.02,0.92,1251,213.4
28958,CO5M1C R4ILR0AD,15.0,IN  Lv.15,16.01,14.59,1.42,1297,120.8
28961,经过,12.0,IN Lv.12,11.12,10.41,0.71,717,204.8
28986,Flowers,14.0,IN - Lv.14,13.98,13.31,0.67,637,90.0
28987,记忆碎片,15.7,IN Lv.15,15.95,14.36,1.6,2165,191.9
28994,Miku,11.900001,Miku Lv.39,12.99,12.5,0.48,272,48.5
29008,ミニ偏,14.8,SP. pieces,14.81,13.66,1.15,857,130.1
29014,ヒ口イン(nakotanmaru ver.),14.700003,IN,14.72,13.38,1.34,1130,245.5
29019,MORNINGLOOM,16.1,SP Lv.?,16.4,15.15,1.25,1400,132.4
29035,Rainbow Flavor!,14.400002,IN.Lv.14,13.44,12.73,0.7,680,151.8
29039,Cryptarithm,15.0,AT Lv.15,16.34,15.16,1.18,1375,146.1
29045,ハルウタ,14.200001,IN Lv.14,13.8,13.16,0.64,656,123.6
29046,Ignite(点燃),14.800003,Alan Walker Lv.14,13.41,12.52,0.89,560,127.7
29048,喃喃萤火,15.1,IN Lv.15,13.93,13.36,0.56,772,138.8
29050,沫云,13.799999,IN Lv.14,14.19,13.33,0.86,511,93.8
29051,アポカリプスに反逆の焔を焚べろ,17.500004,AT Lv.17,17.1,15.62,1.48,1364,133.6
29056,致:黯淡星,13.799999,IN Lv.13,10.86,9.66,1.2,677,228.2
29058,the world of scarlet,15.200001,IN Lv.15,14.38,13.55,0.84,935,112.0
29060,Χάρων,14.700002,FM Lv.14,14.94,13.98,0.96,937,148.1
29068,Take Flight,15.600002,IN Lv.15,15.2,13.9,1.29,1481,241.4
29085,我家里有蜘蛛！！！,14.799999,AT Lv.14,14.9,14.21,0.69,795,137.8
29101,夏天还不算开始,12.900003,IN Lv.12,12.22,11.14,1.08,784,180.7
29110,Snow Magic,14.799999,IN Lv14,14.42,13.5,0.92,1120,144.0
29118,ノンブレス・オブリージュ,15.600002,IN Lv.15,15.39,14.57,0.82,828,119.2
29141,Can you hear me?,14.899999,IN Lv.15,14.31,13.76,0.56,903,120.6
29158,Encroach Sky,13.6,IN Lv.13,13.44,12.69,0.75,690,109.7
29160,フォニイ,13.200001,IN Lv.13,13.5,12.7,0.8,732,134.5
29189,再会,14.0,IN Lv.14,14.77,13.47,1.3,1577,210.7
29194,シル・ヴ・プレジデント(nachoneko×naname),14.400002,AT Lv.14,14.56,13.48,1.07,1008,181.2
29200,無责任集合体,15.700001,IN Lv.15,15.7,14.42,1.28,1253,202.9
29211,Our Wrenally,15.400002,IN Lv.15,15.85,14.91,0.93,904,127.8
29214,warmlovania,16.0,AT.16,17.2,15.55,1.65,2140,223.0
29225,LOUDER MACHINE,13.800003,IN LV.13,14.42,13.67,0.75,923,113.3
29227,Breezeblocks,13.7,IN Lv.13,11.82,11.18,0.64,694,187.9
29235,Forget the real world,14.0,Lv.忘记真实,16.22,14.44,1.78,1963,222.3
29240,Fantastic_future,12.600002,IN,11.39,10.72,0.67,384,104.0
29251,I LOVE MEでいられるように,15.200001,IN Lv.15,15.23,13.99,1.24,1270,170.6
29265,Skyscape,15.1,IN lv.15,14.39,13.6,0.8,929,158.9
29277,メイデン (feat_ りぃふ),14.0,AT Lv.14,14.28,13.47,0.81,752,130.6
29280,Basics in Behavior,14.0,IN Lv.14,13.93,12.59,1.34,1500,205.7
29281,沙威玛传奇,10.0,AT Lv.憋,13.3,12.79,0.51,439,73.9
29293,"Good bye, Merry-Go-Round.",15.600002,IN Lv.15,15.6,14.4,1.2,1160,120.6
29301,Bunny Bunny Carrot Carrot,14.599999,IN  Lv.14,13.99,13.45,0.54,670,111.4
29303,Forever Young,15.0,AT Lv.15,13.94,13.23,0.71,550,80.0
29376,IOR,15.1,IN Lv.15,14.91,13.92,0.99,882,112.9
29383,L.D.,13.600002,AT Lv.13,15.03,13.64,1.39,1444,107.6
29407,Do Better,14.800003,IN Lv.14,14.61,13.55,1.05,1031,165.0
29411,献,11.1,HD Lv.11,13.17,12.07,1.1,1000,217.9
29414,Another Me,14.1,IN Lv.14,14.29,13.47,0.82,666,131.7
29430,彼女は旅に出た--Nachoneko,12.500002,Nachoneko Lv.12,13.69,12.88,0.81,620,196.9
29434,心印,14.100001,IN,11.93,10.82,1.12,889,236.4
29440,恋の才能,13.200001,Love.13,13.28,11.98,1.29,1107,248.3
29442,Second Choice,16.400002,Legacy Lv.16,16.86,15.47,1.39,1243,108.7
29452,甜甜饕餮糖糖,13.7,sweet,14.21,13.45,0.76,643,136.6
29472,爆ぜて咲く,15.1,IN Lv.15,14.97,13.73,1.23,1630,212.9
29511,永诀 众神黄昏,16.200005,IN Lv.16,16.27,14.87,1.4,1520,179.0
29517,Aoharu Band Arrange,14.900001,AT Lv.14,14.73,13.98,0.75,875,105.6
29521,IOR,15.600001,IN Lv.15,14.86,14.06,0.8,842,114.0
29544,月夜見,15.400002,IN Lv.15,15.38,14.24,1.14,1215,143.0
29561,恋ひ恋ふ縁,14.8,IN Lv.14,13.6,12.89,0.7,721,95.6
29566,Random,14.800003,IN Lv.14,15.04,14.33,0.71,704,129.8
29594,スパイシーウィッチクラフト,15.0,IN Lv.15,14.48,13.6,0.88,838,135.2
29615,地心历险,14.200005,IN Lv.14,13.63,13.0,0.63,636,112.3
29616,Cross†Soul,16.2,AT Lv.16,17.41,16.03,1.38,1444,129.6
29617,童新枝旅,10.0,EZ Lv.Nahida,10.83,9.88,0.95,995,213.8
29640,#curtaincall,16.0,AT Lv.16,17.72,15.99,1.74,1603,122.1
29642,Brain Power,14.500002,IN.14,15.22,14.21,1.02,1183,104.2
29664,Zero Talking,14.500002,IN  Lv.14,13.82,12.87,0.95,646,160.2
29665,Tera,14.1,IN Lv.14,13.94,13.47,0.47,600,105.0
29666,The Awakening,15.0,IN Lv.15,14.42,13.63,0.79,1104,207.9
29675,Kanadetomosusora(かなでともすそら),13.0,IN Lv.13,12.36,11.61,0.75,511,108.3
29679,Χάρων,15.600002,IN Lv.15,15.56,14.57,1.0,1100,148.9
29684,Blade of Hope(TV size),13.0,IN Lv.13,12.25,11.74,0.51,341,85.5
29686,The last page,5.4999995,HD Lv.5,6.65,6.29,0.36,198,129.1
29692,SγN FlΩ0d,15.600002,IN Lv.15,15.55,14.42,1.12,954,132.8
29693,China-E,14.900007,IN Lv.14,14.3,13.07,1.23,1376,195.7
29701,再会,14.0,IN Lv.14,14.77,13.47,1.3,1577,210.7
29706,lonely,13.099999,IN,12.76,11.56,1.2,896,215.0
29727,与众不同,15.599998,IN Lv. 15,14.61,13.87,0.74,1000,162.7
29753,Random,14.400001,IN Lv.14,15.17,14.28,0.89,911,129.8
29758,TheFatRat-Unity,13.000004,Lv.13,13.44,12.45,0.99,988,209.1
29797,Miracle Forest,15.0,IN Lv.15,14.68,13.88,0.8,1000,151.4
29800,Recall!!,14.1,IN Lv.14,14.21,13.54,0.67,700,151.8
29823,Tainted Reminiscence,16.2,IN Lv.16,16.74,15.47,1.26,1450,131.2
29825,Miconazole,16.4,AT,17.55,16.1,1.44,1400,139.8
29830,Summer(Nature's Crescendo),5.0,IN Lv.14.5,14.41,13.66,0.76,727,180.9
29865,BiBiC HEART,15.600011,AT Lv.15,14.94,14.12,0.82,1000,127.5
29870,the world of scarlet,15.300001,IN Lv.15,14.99,14.18,0.81,692,112.0
29874,You！！！,14.0,IN Lv.14,14.4,13.89,0.51,663,100.3
29897,紫陽花の八重咲くごとく,13.200005,IN Lv.13,13.2,11.62,1.57,1188,244.6
29900,酔いどれ知らず,14.900003,IN Lv.14,15.2,14.13,1.07,839,132.0
29906,TAIDADA,15.0,AT Lv.15,16.13,14.72,1.41,2050,219.8
29909,Lockdown (feat. NEONA),14.0,IN Lv.14,14.61,13.82,0.79,888,193.4
29910,cryout,13.700001,IN LV.13,14.71,13.76,0.96,935,115.3
29919,在银河中孤独摇摆,15.200001,AT Lv.15,13.81,12.84,0.97,800,149.7
29920,Eureka,14.900003,IN Lv.14,15.78,14.27,1.51,1215,143.6
29927,witch of the hollows,16.900003,AT Lv.16,17.88,15.42,2.46,4444,419.5
29934,50.000,14.900001,IN Lv.14,15.16,13.52,1.64,1900,255.3
29951,ouroVoros,15.800004,IN Lv.15,16.7,15.42,1.29,1101,140.1
29960,雷霆蛮釁,15.1,AT Lv.15,15.03,13.93,1.1,1036,215.7
29966,Recollection,15.400002,IN Lv.15,15.28,14.67,0.61,1111,187.7
29986,《Ж》,15.600002,IN Lv.15,16.22,14.95,1.26,1426,139.8
29989,Chasing,14.699999,IN Lv.14,13.83,13.01,0.82,1332,152.2
30014,Evelonda,13.900003,IN Lv.13,14.64,13.58,1.06,930,194.1
30021,墜光の都市より,16.300001,FL Lv.16,17.57,15.4,2.17,2980,311.6
30041,Angels (Extended Mix）,15.1,AT,14.82,13.63,1.19,1085,232.3
30048,Hai Phut Hon(KAIZ Remix),15.300005,IN Lv.14?,13.9,12.95,0.95,724,142.5
30053,"Good bye, Merry-Go-Round.",15.600002,IN Lv.15,15.59,14.4,1.19,1167,120.6
30064,Scrutinised,15.199999,IN Lv.15,15.52,14.58,0.94,906,146.4
30066,GOODTEK,15.400002,AT Lv.15,15.44,14.46,0.98,1090,121.3
30067,Meltdown,15.400002,AT Lv.15,16.35,15.47,0.88,1077,131.4
30078,人间万朵红,13.400002,FM Lv.13,14.13,13.12,1.01,686,148.5
30083,Second Choice,16.400002,AT Lv.16,16.97,15.51,1.46,1215,108.7
30090,★ Ascension To Heaven,16.0,IN Lv. 16,16.69,14.94,1.76,2454,292.8
30104,Βг@!Nïaç ▲▲αN1aс,16.2,PvZ Lv.?,17.13,15.24,1.89,3000,273.6
30111,七年之梦,15.0,CJ Lv.15,15.19,14.19,1.01,937,193.1
30114,Rubia,13.0,IN Lv.13,13.05,11.96,1.1,936,180.0
30115,てねてね ,20.0,AT Lv.13,13.3,12.71,0.58,520,109.1
30137,RAVE LOVE,14.0,IN  Lv.13,13.28,12.56,0.72,633,129.8
30157,乐意效劳(Magens Remix),14.900002,IN Lv.14,15.87,14.51,1.36,1367,142.9
30168,Journey in Stars,15.7,Star Lv.15,15.79,14.74,1.06,1175,213.6
30181,Link,14.300001,IN Lv.14,14.21,13.48,0.73,599,78.2
30187,Ambiguous,14.200001,IN Lv.14,13.35,12.7,0.65,453,87.8
30226,"""Eureka""",16.300001,AT  Lv.16,17.45,16.09,1.35,1324,137.6
30236,Sunburst,12.0,IN Lv.sun,13.28,12.53,0.75,870,176.2
30237,The Endless for Traveler,15.200001,IN Lv.15,15.62,14.81,0.82,982,104.4
30241,BOUNDED QUIETUDE,13.600002,HD Lv.13,13.71,12.95,0.77,875,146.2
30244,CO5M1C R4ILR0AD,15.900003,AT  Lv.15,16.74,15.66,1.08,1318,133.0
30255,Speculation,16.7,IN Lv.16,16.5,15.16,1.33,1300,111.5
30266,シカ色デイズ,14.800003,IN Lv.14,14.53,13.85,0.68,600,87.2
30316,GASHATT,14.800003,IN Lv.14,15.26,14.17,1.09,1087,134.4
30318,EYE,15.100004,IN lv.15,14.47,13.25,1.23,843,130.1
30336,骤雨の狭間,15.0,IN Lv.15,15.54,14.24,1.3,1219,209.6
30340,Gravitational Revert,16.700003,AT Lv.16,17.51,15.99,1.52,1600,130.8
30344,無意識レクイエム (cosmobsp rmx),16.1,AT Lv.16,17.09,15.69,1.4,1905,208.3
30347,Pluripotency,15.1,IN Lv.15,15.09,14.2,0.89,826,111.8
30348,Miconazole,16.4,AT16,17.55,16.1,1.44,1400,139.8
30368,神っぽいな,15.299998,AT Lv.15,15.07,13.8,1.27,1104,194.0
30370,随神,16.400002,AT  Lv.16,17.66,15.97,1.69,1580,116.3
30385,Χάρων,16.1,AT Lv.16,16.66,15.58,1.08,1234,148.7
30391,無意識レクイエム (cosmobsp rmx),16.1,AT Lv.16,17.09,15.69,1.4,1905,208.3
30396,心象的フラクタル,14.300001,IN Lv.14,14.48,13.46,1.02,900,170.2
30431,躯樹の墓守,16.400002,AT,16.81,15.5,1.3,1256,124.5
30432,理发师 Boss战,15.600002,WAW Lv.15,15.69,14.5,1.2,1280,196.1
30456,[Serenade Promenade] OST 240 Theme 3,12.600002,IN Lv.12,13.37,12.83,0.54,300,54.5
30471,"《創造》 ～ Cries, beyond The End",16.900003,AT Lv.16,18.03,16.49,1.55,1600,146.0
30472,インドア系ならトラックメイカー,14.0,IN LV.14,14.92,13.73,1.19,1246,186.6
30474,βlαnoir,18.100002,AT Lv.18,18.03,16.5,1.53,1699,143.2
30498,青春のアーカイブ (TVsize),14.400002,Archive Lv.14,15.03,14.47,0.56,611,82.0
30506,PANDORA PARADOXXX,16.8,AT  Lv.16,18.04,16.26,1.78,1493,140.7
30514,DA'AT -The First Seeker of Souls-,17.900007,AT Lv.17,17.97,16.01,1.96,1995,153.0
30521,十拳剣,15.600002,IN Lv.15,15.81,14.72,1.1,1400,156.2
30523,INFINITE HYPERDRIVE,15.400002,IN  Lv.15,16.04,14.99,1.04,1000,142.0
30546,The world of failures(speed up）,15.800005,Another Lv.15.8,16.01,15.12,0.9,923,122.4
30576,パソトマイム,13.200001,IN.13,13.06,12.26,0.8,531,99.0
30583,不重逢,14.400002,IN Lv.14,13.14,12.23,0.91,745,151.1
30586,Luminous memory,13.0,IN Lv.13,12.65,12.25,0.4,663,124.2
30595,みむかｩわナイストライ,15.9000025,SP Lv.15+,16.61,15.42,1.19,1313,199.2
30597,Our Message,15.3,IN Lv.15,15.03,13.87,1.16,1210,137.7
30603,モニタリング,15.0,IN Lv.15,14.8,14.04,0.76,1007,172.3
30609,PYRO,15.300001,IN Lv.15,15.17,14.41,0.76,957,141.0
30610,モニタリング,14.200001,IN Lv.14,14.25,13.3,0.94,850,169.9
30616,みむかｩわナイストライ,14.0,MI Lv.14,14.21,13.36,0.85,792,193.4
30647,the world of scarlet,16.1,AT Lv.16,16.59,15.43,1.16,1094,109.0
30652,薄明の雫,15.200001,15.2,15.85,14.55,1.3,1115,139.9
30657,巨人の肩から見下ろして,15.700003,IN Lv.15,14.48,13.24,1.25,1376,218.9
30665,妄想感傷代償連盟,10.0,IN,14.95,13.86,1.09,1465,261.3
30666,基尼奇：驰焰猎逐,15.0,AJAW Lv.15,14.07,13.33,0.74,800,109.9
30675,Love & Justice,15.1,MASTER LV.15,17.67,15.87,1.8,1657,152.3
30676,独角戏 MONODRAMA,16.299997,AT,16.47,15.63,0.84,705,105.3
30677,Fixations Toward the Stars,15.500002,AT Lv.15,15.32,14.39,0.93,1281,157.2
30692,King Atlantis,16.0,IN Lv.16,16.66,14.75,1.91,2615,287.5
30733,Innocence,14.200001,IN Lv.14,14.36,13.57,0.79,685,115.4
30738,the world of scarlet,15.300001,IN  Lv.15,15.33,14.49,0.84,600,109.7
30747,Quaoar,17.0,17,18.2,16.15,2.04,2809,268.6
30769,VorpΛlize,15.0,IN Lv.15,16.22,14.81,1.41,1140,112.8
30773,Wildest Dreams,15.0,AT Lv.15,12.19,11.64,0.56,817,197.0
30775,Nevada,14.599998,IN Lv.14,14.37,13.32,1.04,915,189.8
30777,外のヒト,14.700003,IN Lv.14,14.65,14.08,0.58,599,89.1
30797,winning the soul,14.200003,IN,14.01,12.88,1.13,1391,230.4
30805,This game,15.200001,『』 Lv.15,15.11,14.38,0.74,723,80.1
30818,迷星叫,15.599999,IN Lv.15,15.03,14.24,0.79,1100,123.8
30832,妄梦,14.0,IN Lv.14,14.66,13.58,1.07,813,203.2
30839,the story of the tap and the hold(2),16.0,AT Lv.16.0,15.26,14.66,0.6,819,139.2
30842,七重痼病,14.800003,Hypochondriac Lv.15,14.82,13.69,1.13,1155,200.6
30846,Заново (Explicit) - ,15.500001,AT Lv.15,14.1,13.33,0.76,838,104.5
30857,彼女は旅に出る/甘城なつき(cover),14.600004,AT Lv.14,13.73,12.82,0.9,782,183.8
30861,めんたいコズミック,15.8,IN.15+,16.37,14.96,1.41,2018,231.4
30865,Conway's Child,12.0,HD Lv.12,13.78,13.16,0.62,832,147.4
30878,覆灭重生 Come Alive,15.200001,AT Lv.15,14.81,13.16,1.65,2704,236.5
30895,Paradise,13.300001,IN Lv.13,13.51,12.75,0.77,771,197.5
30907,准备出发！,14.0,IN  Lv.14,13.76,13.23,0.53,470,87.7
30918,Trippy Love,13.700003,IN Lv.13,15.36,14.06,1.3,1520,204.5
30935,press,14.100004,In Lv.14,13.06,12.45,0.61,550,118.2
30942,Baryogenesis,18.300005,AT Lv.18,19.89,15.88,4.01,4923,239.6
30946,winning the soul,13.699998,AT,14.01,12.88,1.13,1391,230.4
30969,ブランディングができない（不可能品牌推广）,15.1,IN Lv.15,15.01,14.02,0.99,1002,148.4
30972,RUSH HOUR,15.400002,IN Lv.15,15.1,14.09,1.01,1238,116.4
30973,The Eye,12.0,IN Lv.12,12.25,11.69,0.56,385,87.8
31023,Sendan Life(katagiri bootleg),16.200005,AT Lv.16,17.24,15.88,1.36,1843,201.5
31028,灰の羽搏,19.100002,THE LAST: LV. ∅,20.17,15.58,4.59,6666,278.3
31045,激光之城,14.0,EX Lv. 14,15.09,14.22,0.88,1030,116.4
31049,Christmas Canon Rock,13.0,IN Lv.13,15.26,13.88,1.39,850,135.8
31062,キャットラビング改版(nachoneko),14.700003,IN Lv.14,13.65,12.84,0.81,642,110.3
31078,Canon Rock,8.0,EZ Lv.8,6.51,6.22,0.29,278,146.4
31082,MARENOL,14.0,IN Lv.14,14.95,13.68,1.27,966,140.6
31096,True Blue,18.400002,AT,18.77,16.52,2.25,3322,290.5
31098,PRIME - ズットキット・プライマリ,11.0,Furry Lv.14,14.69,13.78,0.9,1218,134.5
31117,Flower Dance,13.200001,IN Lv.13,15.31,13.75,1.56,1937,258.9
31130,phone kisses,5.200001,EZ Lv.5,7.1,6.8,0.3,230,111.6
31137,pi,1.8000001,EZ Lv.1,5.19,5.04,0.15,36,28.7
31142,花となれ,13.1,IN Lv.13,12.0,11.57,0.43,450,103.3
31162,有兽焉,14.100001,Furry Lv.14,14.09,12.92,1.17,1000,249.9
31175,开心病,14.600011,IN Lv.14,14.31,13.57,0.74,820,109.9
31185,野花香(Haocore Mix Feat.Jiafei),16.30002,IN  Lv.16,16.48,14.96,1.53,1836,166.2
31191,但,13.500001,你说你~,15.01,13.97,1.04,556,136.9
31207,I Must Say No,6.0,IN Lv.13,13.38,12.87,0.51,481,111.8
31214,Ultimate Force,17.600006,AT  Lv.17,18.03,16.4,1.63,1774,142.0
31225,Faded,14.300004,IN Lv.14,14.29,13.44,0.84,990,192.3
31229,初音ミクの消失,14.7,IN Lv.14,17.33,14.99,2.35,2700,257.5
31233,Midnight Trip,13.200001,IN.13,13.52,12.94,0.58,377,80.0
31244,Flourishing Age,14.3,SP Lv.2025,14.3,13.04,1.26,963,195.5
31247,Acht Streiks,16.6,Legend Lv.16+,17.92,15.65,2.27,2025,148.7
31249,To The Stars (2022 Edit),14.0,IN.Lv 14,12.88,12.01,0.87,1010,207.5
31254,Moonflutter,14.900003,IN Lv.14,15.19,14.01,1.18,1000,166.2
31273,蔚蓝档案OST 228,12.900003,IN,10.26,9.43,0.82,620,139.9
31274,.coooooffee,13.500002,IN Lv.13,12.97,12.61,0.35,367,115.0
31275,天鹅之舞,16.2,AT Lv.16,17.38,16.11,1.27,1220,145.4
31278,Singularity-奇点-,16.700003,AT Lv.16,17.89,16.07,1.82,1646,147.5
31279,Antler,15.199999,IN ,15.56,14.22,1.35,1444,196.4
31280,KING,15.499998,EX Lv.15,15.88,14.85,1.03,1030,130.1
31281,PDD,15.1,IN  Lv.15,14.22,13.06,1.16,1058,225.0
31288,戏游九州,15.300001,IN Lv.15,14.11,12.66,1.45,1560,214.3
31294,天空の城ヴェリエル,15.900003,IN Lv.15,16.31,15.24,1.08,1300,118.1
31295,超度 -Go Beyond-,16.400002,IN Lv.16,16.68,15.35,1.33,1481,147.0
31296,おべんきょうたいむ,15.600002,IN  Lv.15,15.48,14.31,1.17,1180,145.8
31301,Traxxendenza,17.2,AT Lv.17,18.32,16.2,2.11,1900,147.6
31303,Ark of Galaxies,14.8,IN Lv.14,14.64,13.69,0.95,1025,148.5
31306,Mystic Light Quest,14.700001,佩佩 鼎盛期,14.83,13.38,1.44,1545,199.5
31311,The Spectre,15.0,AT Lv.15,15.41,14.6,0.81,783,158.2
31331,Calamity Tempest,18.200005,AT Lv.18,18.48,16.25,2.24,1968,115.8
31333,Rolling beat,14.500002,IN Lv.14,14.88,13.86,1.02,908,145.2
31343,前代未闻,14.7,IN,14.5,13.83,0.67,1067,160.5
31347,MARENOL(含故事板),14.0,IN Lv.14,14.95,13.68,1.27,966,140.6
31348,Blue Archive·RE Aoharu,10.0,HD Lv.10,12.39,11.47,0.92,934,133.3
31352,20年以上のソナタ,15.200005,Sonata Lv.15,14.42,13.93,0.49,857,129.2
31355,Gangnam Style (강남스타일),15.0,AT Lv.15,16.66,14.73,1.93,1941,212.3
31361,Tojita Sekai,15.800003,IN Lv.15,16.65,15.09,1.57,2379,387.5
31367,せかいから____がきえるとき,16.0,IN Lv.16,16.17,14.89,1.27,1970,228.8
31387,My time(Short ver.),12.0,IN Lv.12,12.54,11.97,0.57,412,100.1
31391,Addict,14.5,SP Lv.14,14.54,13.31,1.24,1179,227.6
31395,タイムパラドックス (时间悖论),15.0,IN,16.03,14.55,1.48,2180,264.5
31398,㋰責任集合体,14.900003,IN Lv.14,15.3,14.01,1.29,1263,202.9
31410,后来我们的爱-纳西妲,12.300001,IN Lv.12,9.96,9.04,0.93,441,127.2
31413,Burning Desires 绝望吧台,15.200001,IN Lv.15,13.45,12.36,1.1,910,134.5
31416,Regnaissance,15.400002,IN Lv.15,15.35,14.56,0.79,1204,160.2
31430,夢,14.000002,IN Lv.14,16.08,15.07,1.01,954,116.5
31442,阿米娅印象曲,14.699999,A,14.13,13.25,0.88,509,148.5
31448,Jump out?,7.0,IN.LV15.7,16.06,14.84,1.21,1219,134.8
31462,Celestial,16.400005,AT Lv.16,16.33,15.3,1.03,1077,121.3
31473,见到你真开心！,14.1,IN Lv.14,13.06,12.5,0.55,500,97.2
31475,Super Fructose,14.0999975,IN Lv.14,13.86,13.16,0.7,893,140.4
31488,インドア系ならトラックメイカー,14.0,IN Lv.14,15.36,14.21,1.15,1657,179.5
31490,Somero,14.999998,IN Lv.14,13.25,12.32,0.93,1072,278.7
31492,Lonely World,15.200001,AT Lv.15,15.76,14.71,1.05,1315,180.9
31493,KARAKURhythm,14.900001,IN Lv.14,14.95,14.26,0.69,807,119.2
31507,raputa,16.0,EX Lv.16,16.49,15.02,1.47,1600,152.6
31508,Gamma Ray Burst,16.0,AT lv.16,17.49,15.75,1.75,1861,146.1
31527,未完成ランデヴー,13.300001,IN Lv.13,13.18,12.38,0.8,637,154.6
31530,My Amazing World,15.0,IN Lv.15,15.56,14.33,1.23,1261,203.6
31536,Storyteller,12.1,IN Lv.12,7.18,6.86,0.32,260,105.5
31546,LIFE,15.100004,IN  Lv.15,14.76,13.94,0.82,937,203.2
31556,welcome spooky,15.1,IN 15,15.29,14.1,1.19,908,137.0
31557,MURDER PLOT,14.400002,FM Lv.14,15.16,14.14,1.02,761,109.3
31569,Final Hope,13.0,FH Lv.13,12.69,11.87,0.83,750,104.7
31574,Precipice,15.0,IN Lv.15,14.91,13.42,1.49,1500,282.8
31576,Seasons(feat. Harley Bird)(NIVIRO Remix),15.700003,AT Lv.15,16.01,15.14,0.87,1028,140.2
31615,Blue Archive·RE Aoharu,10.0,HD Lv.10,12.38,11.46,0.92,934,133.3
31653,Re End of a Dream,15.799999,IN.15.8,16.36,15.16,1.2,1314,139.3
31657,Glorious Morning,15.200001,IN  Lv.15,15.71,14.72,0.99,1000,157.9
31687,何者,12.0,IN Lv.12,12.73,12.01,0.71,365,79.5
31709,KiLLKiSS (TV Size),15.200002,IN Lv.15,14.98,14.38,0.6,666,86.1
31710,LEVEL5 -judgelight-,13.8,IN Lv.13,14.38,13.51,0.87,650,118.7
31769,∀,17.1,AT Lv.17,17.69,16.43,1.26,1630,157.0
31788,归零,15.8,in.,16.97,15.84,1.13,982,109.5
31804,Last Dance,15.100004,IN Lv.14,15.2,14.05,1.15,1537,200.1
31810,长夜(Long Night),13.0,HD Lv.13,11.75,11.11,0.65,154,55.9
31816,Crush Alcohol,16.300005,AT Lv.15,16.65,15.58,1.07,1267,150.7
31831,ぎゅむ!,14.500002,IN Lv.14,14.83,13.59,1.24,1574,199.3
31864,糸,15.099997,Lv.KAF！！！,15.38,14.18,1.2,916,208.3
31867,Lighting(Phonk),10.2,HD,10.31,9.38,0.93,620,134.5
31868,Chartreuse Green,10.0,IN Lv.14+,14.81,13.95,0.86,911,127.7
31872,夏野与暗恋,13.0,IN LV.13,12.5,11.67,0.84,804,160.5
31882,Bismuth,18.4,AT Lv.16,17.56,15.81,1.74,2131,277.1
31895,Drama,13.600002,IN Lv.13,13.98,12.84,1.13,750,204.2
31899,Atmospheric Vibration,16.100002,AT Lv.16,16.18,15.33,0.85,1433,145.6
31914,R.I.P.,14.800003,IN Lv.14,14.91,14.07,0.84,1166,143.1
31915,失敗作少女 (MARETU Remix),14.8,IN Lv.14,15.92,14.73,1.19,1361,180.5
31916,打上花火,10.0,Enjoy it~,11.66,11.22,0.44,369,107.5
31920,Blossom,13.800003,IN Lv.13,14.29,13.49,0.8,936,170.6
31924,Burn My Dread,11.0,IN.11,9.02,8.62,0.4,153,79.6
31926,命短し恋せよ乙女,15.200001,IN Lv.15,14.88,13.92,0.96,1314,192.4
31929,Rainmaker,14.800002,IN Lv.大雨,14.9,13.88,1.01,1272,194.7
31953,Find Our Way,16.600002,AT Lv.16,17.66,15.91,1.75,1839,159.4
31963,Guns,15.0,IN  Lv.15,15.67,14.37,1.3,1167,124.4
31971,让风告诉你,13.399999,IN Lv.13,13.71,12.7,1.01,1164,221.1
31976,せかいから____がきえるとき,17.2,Disappear Lv.?,18.41,16.05,2.35,3168,228.8
31999,MVURBD,15.6,IN Lv.15,15.6,14.21,1.39,1816,165.3
32018,ティアラ,14.7,IN Lv.14,14.73,13.77,0.96,1578,193.4
32029,キャットラビング,14.200001,IN LV.14,14.01,13.16,0.85,785,111.5
32035,Villain Virus,16.2,IN Lv. 16,16.81,14.87,1.95,2724,262.1
32061,Contrasty Angeles,16.2,AT Lv.16,15.94,14.87,1.08,1205,139.4
32062,Hero,14.299996,Dream Unreachable,14.73,13.58,1.16,1088,195.4
32066,ぼくのかみさま,13.700003,IN Lv.13,14.08,13.16,0.93,1069,154.3
32087,Constant Moderato Piano Arrange,12.500002,IN Lv.12,10.66,10.0,0.67,626,165.0
32088,なでなで,14.900003,IN Lv.14,14.57,13.59,0.99,1070,154.1
32099,劣等哀歌,14.600002,IN Lv.14,14.48,13.57,0.92,869,146.2
32115,To U,14.800003,IN Lv.14,14.06,13.48,0.58,854,152.9
32143,罪と罰 (Reloaded),14.400002,IN Lv.14,14.65,13.54,1.1,997,161.9
32146,"It's over,BUT NOT FOR US(Dafikun Remix)",15.800003,IN Lv.15,15.97,14.73,1.23,1400,172.0
32164,蝎虎天体 -Lacertid-,15.500001,IN Lv.15 ,16.11,15.0,1.11,1200,122.2
32167,Latent Kingdom,16.500002,AT lv.16,17.64,16.16,1.48,1500,157.6
32176,Metaphor,15.2,IN Lv.15,15.52,14.39,1.13,928,124.2
32192,KiLLKiSS(TV size),15.0,IN Lv.15,15.73,14.67,1.06,900,86.1
32196,キミを失って(失去你),14.600002,IN Lv.14,12.02,10.69,1.33,895,267.9
32208,白鸟过河滩,13.1,IN Lv.13,8.73,8.1,0.63,343,198.0
32260,Lunar Express (Original Mix),15.0,SP Lv.15,16.1,14.07,2.04,3642,514.7
32272,Villain Virus,16.2,IN Lv. 16,16.81,14.87,1.95,2724,262.1
32286,Breakcore WTF!?,17.300005,AT Lv.17?!,18.36,16.12,2.24,2117,127.6
32295,ラ・ム・ネ,14.6,Fr,14.49,13.1,1.4,816,201.2
32321,烁雨,13.2,Sparkle Lv.13,13.02,12.53,0.49,520,149.5
32322,Frozen Heart(feat.初音ミク),14.7,AT Lv.14,14.68,13.41,1.27,1686,175.7
32358,恭喜发财,13.499997,13,13.55,12.62,0.94,1161,196.6
32373,唱,14.0,IN Lv.14,14.56,13.42,1.14,1336,183.9
32376,ツギハギスタッカート,13.400007,IN Lv.13,13.42,11.94,1.48,1084,241.5
32380,Oriens,15.300001,IN Lv.15,15.11,14.06,1.04,852,120.7
32393,おべんきょうたいむ,17.100004,AT Lv.17,17.37,15.8,1.57,1672,145.8
32404,キャンディークッキーチョコレート,14.900001,IN  Lv.14,14.09,13.02,1.08,1010,160.6
32407,终の舞姬,17.500006,AT Lv.17.5,17.63,16.58,1.05,1168,118.1
32411,Avataar~Reincarnation of Kalpa~,15.0,IN Lv.15,14.49,13.68,0.82,1007,164.2
32425,Squidward Finishes Those Errands,15.600002,IN LV15,14.4,13.04,1.36,1526,170.8
32471,……已至,15.700003,EX,14.72,13.91,0.81,786,151.0
32527,コンペイトウさん過激派,15.0,IN  Lv.15,16.47,15.14,1.33,1154,112.1
32538,Collapsing World,13.500003,IN  Lv.13,13.69,12.97,0.72,555,139.8
32551,Life is PIANO,15.500002,IN Lv.15,14.96,14.28,0.68,938,122.7
32559,モニタリング,15.5,SP Lv.SJ,15.09,14.14,0.95,968,172.3
32587,ぎゅむ！,13.1,IN  Lv.13,13.94,13.27,0.67,484,83.4
32599,Against All Odds,13.0,IN Lv. 13,11.2,10.83,0.38,380,104.2
32602,Butcher Vanity,15.200005,IN Lv.15,14.63,13.21,1.42,949,183.8
32636,Nhelv,15.8,AT,16.34,15.3,1.04,1298,153.9
32649,α煩悩,14.0,AP Lv.14,12.37,11.59,0.78,580,189.0
32671,Chaotic Time Trio Phase1.5,15.100019,IN Lv.15,13.53,13.24,0.29,505,107.1
32687,Weavers,15.600002,IN Lv.15,15.45,14.05,1.4,1666,285.3
32702,Mystic Light Quest,15.700003,IN  Lv.15,14.94,13.75,1.19,1444,198.0
32713,Contrasty Angeles,15.7,IN Lv.15,15.4,14.54,0.86,1137,141.7
32715,冲破穹顶,15.500002,IN  Lv.15,15.53,14.28,1.26,1624,176.7
32716,2 Minutes Euphoria -2分間の多幸感-,14.500002,IN Lv.14,14.37,13.47,0.9,870,147.5
32729,Ops:Limone,16.500002,AT Lv.16,16.93,15.88,1.05,1088,126.9
32753,Guns,15.0,IN  Lv.15,15.57,14.26,1.31,1166,124.4
32757,妄想PARANOIA,10.0,undefined Lv.?,14.06,13.11,0.95,694,154.3
32783,千本桜,16.399998,AT Lv.16,17.39,15.77,1.61,1607,119.6
32809,China-E,4.0,IN Lv.15,14.64,13.37,1.28,1187,194.3
32818,生命性シンドロウム (feat. 初音ミク),15.700003,IN Lv.15,16.71,15.4,1.31,1255,117.4
32836,クリームソーダとシャンデリア,13.700003,SUKI love.13,13.25,12.39,0.86,616,145.8
32842,プレヤ,12.9000025,Insane Lv.12.9,13.46,12.97,0.49,647,138.9
32863,きゅびびびびずむ,15.300001,IN  Lv.15,15.48,14.11,1.37,1342,194.9
32874,Kyoto,9.0,IN LV.14.6,14.93,13.7,1.24,1066,200.7
32883,Tangled,15.8,AT Lv.15,16.48,15.15,1.33,1265,132.1
32898,Memories,15.600002,IN Lv.15,14.77,13.88,0.88,899,136.9
32904,白鸟过河滩,13.0,IN Lv.13,12.13,11.16,0.97,799,207.2
32914,系ぎて,13.899999,HD Lv.13,14.51,13.47,1.04,1011,161.7
32916,Only My Railgun,13.0,IN Lv.13,13.9,13.25,0.64,510,88.3
32930,CROSS✝OVER,15.4000025,IN Lv.15,16.11,14.87,1.24,1257,139.1
32931,ふたつの影,13.9,"IN Lv.13
",14.58,13.54,1.05,903,163.9
32952,Chrono Diver -PENDULUMs-  ,15.0,IN  Lv.15,15.42,14.57,0.85,919,109.0
32956,GRAVITY ZOИE,10.500002,HD Lv.10,13.09,12.27,0.81,711,107.0
32958,Stellaria,12.0,IN Lv.13,12.97,12.22,0.75,707,136.4
32992,End time,15.0,End Lv.15,15.12,14.13,0.99,937,127.4
32997,旧地獄街道を行く,13.699999,IN Lv.13,13.78,13.14,0.64,600,102.1
33002,绿野仙踪,14.800003,IN Lv.14,14.56,13.79,0.78,954,140.7
33005,Unsinkable Memory,15.3,ATRI Lv.15,15.25,14.15,1.1,830,142.2
33006,unsinkable Memory,13.0,IN Lv.13,13.25,12.37,0.88,645,142.2
33007,"Goodbye,Merry-go-round",15.500002,IN Lv.15,15.73,14.57,1.16,1306,120.6
33008,Fallen Era,16.0,AT Lv.16,15.48,14.61,0.87,1378,160.7
33020,きゅびびびびずむ,16.400002,AT Lv.16,17.48,15.37,2.11,2342,194.9
33043,青空Magic Day,15.300005,IN Lv.14,15.35,13.77,1.59,1831,227.8
33044,Vanitas ac Redemptionis,14.0,spes lv. 14,13.47,12.85,0.63,705,133.2
33050,不管正派反派吃个年夜饭先！,16.0,16,15.47,14.51,0.96,819,111.0
33053,ライムライトの残火,14.900003,IN Lv.14,14.11,13.49,0.62,528,100.1
33068,Forget me not,15.0,IN15,15.3,14.44,0.86,795,120.2
33072,Next Time,12.50001,IN Lv.12,13.44,12.83,0.61,412,87.8
33076,恋のうた(恋歌),14.900002,Moon Lv.14,14.71,13.79,0.92,955,197.7
33120,白と黒のバケモノ,16.800003,AT Lv16,17.28,16.08,1.2,1250,125.9
33121,China-Rain,13.5,IN Lv.13,12.71,11.92,0.79,609,156.5
33130,VorpΛlize,16.900003,EXT  Lv.16,17.55,15.8,1.76,1350,106.2
33155,言って。,15.300001,IN Lv.15,15.75,14.47,1.29,1460,193.3
33175,Apollo,17.700006,AT Lv.17,18.15,16.12,2.03,1969,140.4
33179,命に嫌われている,10.600002,HD LV.10,11.34,10.94,0.4,500,91.8
33184,狼之主,15.200001,EX Lv.15,15.8,14.46,1.34,1418,211.5
33199,ビノミ,15.8,AT Lv.15+,15.93,15.01,0.92,1033,100.7
33220,Invisible Frenzy,18.300007,AT Lv.18,18.42,16.39,2.03,1757,131.3
33224,イガク,14.600002,IN Lv.14,14.7,13.51,1.19,1219,115.8
33244,好运来(Haocore Mix),15.6,IN Lv.15,15.78,14.45,1.32,1442,167.9
33246,Super Universe(Knighthood Remix),16.6,AT 16+,17.3,15.7,1.6,1529,134.7
33274,Cry for me,13.0,IN Lv.13,13.5,12.04,1.46,1050,254.4
33278,医生D,14.0,IN Lv.14,12.82,12.28,0.54,419,106.6
33295,见到你真开心,16.0,IN,15.87,14.95,0.92,799,97.2
33317,We are condemned to be free,13.500002,IN Lv.13,12.07,11.67,0.4,319,75.0
33325,青花,13.599998,IN Lv.13,11.52,10.29,1.23,800,262.2
33348,Tell Me (The Meaning),15.400002,IN Lv.15,14.9,13.87,1.03,1059,104.7
33352,《Ж》,16.500002,IN Lv.16,16.54,15.7,0.84,982,135.3
33380,Axion,15.300001,Legacy Lv.15,15.64,14.66,0.98,904,127.3
33383,MAGENTA POTION,1.3000001,EZ Lv.1,5.51,5.25,0.26,146,140.4
33438,Ennor,15.700003,IN Lv.15,16.13,14.79,1.34,1185,120.6
33440,氷滅の135小節,18.200005,AT Lv.18,18.28,16.58,1.71,1603,152.2
33449,Time To Night Sky (feat. Lee Yu Jin),16.200003,AT Lv.16,16.49,15.65,0.84,900,121.4
33451,好运来(Haocore Mix),16.600002,AT Lv.16,17.79,15.89,1.9,2444,167.6
33456,Do you wanna kiss angel,13.0,IN Lv.13,11.38,11.01,0.37,322,86.3
33466,はっぴ～しゅ～てぃんぐすた～,14.8,IN Lv.14,15.53,14.49,1.05,1117,139.4
33474,TEmPTaTiON,16.300001,AT Lv.16,17.13,15.55,1.58,1562,135.0
33476,海的女儿（芙宁娜同人曲）,13.4,IN,13.69,13.05,0.64,743,124.1
33483,Crystal Zone（谱面重制）,12.5,Remake Lv.12,13.12,12.74,0.37,322,51.3
33530,lovelynonsense,18.200005,AT Lv.17,18.23,16.63,1.6,1592,145.1
33534,Dogbite,14.9,IN Lv.14,12.38,11.73,0.65,800,112.6
33543,经过,13.200001,IN  Lv.13,12.56,11.58,0.99,1998,177.0
33544,彼女は旅に出る,15.3,IN Lv.(*^ω^*),14.81,13.8,1.01,1300,193.0
33548,Problem Child,14.8,IN Lv.14,14.51,13.35,1.16,1054,167.2
33561,壁上观,15.1,15.1,13.97,13.11,0.86,604,166.8
33565,Regnaissance,15.700003,IN Lv.15,15.8,14.72,1.08,1296,151.9
33587,With the rain that never stops,15.0,IN Lv.15,16.88,15.61,1.27,1649,180.0
33612,Ice Ginte-冰巨星,13.5,HD13,13.4,12.69,0.7,805,172.8
33613,Hello (BPM) 2025,17.0,SP Lv.20.25,17.27,15.31,1.97,2930,221.9
33614,恋ひ恋ふ縁,16.2,AT Lv.16,16.43,15.35,1.08,1100,97.3
33625,The Last Page,15.700003,SA Lv.15,15.88,14.91,0.97,1040,129.5
33642,overdose,14.400001,IN Lv.14,11.81,11.35,0.46,504,172.4
33648,魔魔魔☆Magical,13.0,IN Lv.13,14.06,13.5,0.56,483,84.4
33649,Forward !,13.0,IN Lv.13,13.35,12.84,0.51,507,58.9
33660,Relieve,13.400002,IN Lv.13,11.97,11.1,0.87,666,206.7
33668,VORTEX,14.900001,AT Lv.14,15.7,14.36,1.34,955,245.5
33671,Willed,15.700001,Time Lv.15,15.08,14.1,0.98,725,108.6
33686,ハナタバ,13.900003,IN Lv.13,13.32,12.91,0.41,603,133.2
33688,Where Did You Go,15.400002,IN Lv.15,15.18,14.1,1.08,1456,179.6
33702,The Filthy Mind,16.300005,IN Lv.16,16.16,14.85,1.31,1139,108.1
33704,FOG CITY [UΩlgazed Wørld],15.800003,IN  Lv.15,15.7,14.68,1.02,1275,144.0
33728,ツムギボシ,15.400002,IN Lv.15,15.15,13.97,1.18,950,153.0
33736,Designate,14.0,IN Lv.14,14.09,13.29,0.8,990,150.4
33737,We Won't Be Alone (feat. Laura Brehm),15.500002,IN Lv.15,14.44,13.42,1.02,1053,207.9
33757,Сигма Бой (Sigma Boy),14.300001,IN Lv.14,13.64,12.98,0.66,623,128.2
33763,虚拟空间Virtual Space,15.8,CJ Lv.15,15.59,14.67,0.92,884,120.0
33768,I will,13.400013,起始之日,9.65,9.2,0.45,325,92.1
33792,白月光与朱砂痣,14.0,IN Lv.14,8.8,8.04,0.76,657,181.3
33797,净善的遐歌 Surasthana Fantasia,13.800003,IN Lv.13,13.38,12.62,0.76,570,135.4
33816,Jingle,14.800003,IN Lv.14,14.48,13.78,0.7,889,157.9
33831,The Magic Bomb (Questions I get asked) ,15.900003,IN Lv.15,14.61,13.58,1.03,1346,163.7
33832,炳烛志·斩邪,15.400008,IN Lv.15,14.96,14.09,0.88,1244,153.3
33836,★你的颜色,15.3,VD Lv.?,15.06,14.02,1.04,820,143.4
33843,Fragment of memories,15.400002,IN Lv.15.4,15.19,13.98,1.21,1354,159.8
33850,Destructive Little Sister,16.0,IN Lv.16,16.76,15.51,1.25,1485,137.5
33851,赴大荒,14.400001,IN Lv.14,13.97,12.85,1.12,967,206.5
33864,恋のうた (feat. 由崎司),14.7,Kawayi,15.45,14.82,0.63,734,119.6
33865,ラ・ム・ネ,12.400002,IN Lv.12,10.66,9.84,0.82,740,204.0
33866,命に嫌われている,15.1,IN Lv.15,15.02,14.31,0.71,662,86.7
33868,流星物语,13.800003,IN Lv.13,14.81,13.5,1.31,1000,137.6
33874,Hero,12.500002,IN Lv.12,13.9,12.96,0.94,739,197.1
33881,アンノウン・マザーグース,14.8,IN Lv.14,14.98,13.5,1.48,1766,268.5
33892,Heracles,15.200001,IN Lv.15,15.48,14.54,0.94,985,109.4
33911,不乱不破,15.0,IN Lv.15,15.49,14.73,0.75,652,102.5
33918,おべんきょうたいむ,15.200001,IN Lv.15,15.61,14.35,1.26,1608,145.8
33922,横断步道 feat.小春六花,15.200005,IN,14.62,13.96,0.66,811,89.1
33926,ラグトレイン,13.000001,IN Lv. 13,11.81,11.25,0.56,438,110.6
33938,大石碎胸口,16.0,AT.16,17.24,15.07,2.16,3547,402.5
33979,妄想感傷代償連盟,14.900001,AT Lv.14,14.39,13.39,1.0,1034,136.4
33987,Empurple,15.2,IN Lv.15,14.8,13.9,0.9,1111,169.4
33993,キャンディークッキーチョコレート,14.400002,IN Lv.14,13.46,12.68,0.78,730,160.6
33999,造冰行动,15.0,IN Lv.15,14.72,13.83,0.88,666,59.8
34007,絶望性:ヒーロー治療薬,15.800003,IN Lv.15,15.31,14.43,0.88,782,76.8
34014,心做し,15.0,AT Lv.15,15.69,14.38,1.31,1535,263.9
34027,Fine Logic,15.8,IN Lv.15,15.28,14.13,1.16,1126,143.8
34061,Infinity Heaven,16.5,AT Lv.16,17.15,16.09,1.06,1384,146.8
34078,Starlight traveler,15.0,IN Lv.15,16.58,15.32,1.27,1224,161.8
34102,Lightning Moment (Melodic Dubstep Remix),14.600002,IN Lv.14,13.99,13.03,0.96,807,130.1
34110,エータ・ベータ・イータ,15.800003,IN Lv.16,16.0,14.7,1.29,1231,150.3
34111,DESTRUCTION ～天羽の溃～,16.0,AT lv.16,17.84,16.07,1.77,1782,134.2
34113,ROCKET DIVE,14.7,FM Lv.14,14.76,13.73,1.03,975,171.6
34128,ギザバ怪文書,18.699999,AT  Lv.18+,18.87,15.66,3.22,2666,156.1
34132,All My Cats,15.399999,IN LV.15,15.23,14.1,1.13,1076,140.1
34139,Aoi (青),14.0,IN Lv. 14,9.82,9.06,0.76,574,154.4
34166,Requiem Cataclysm,16.200005,IN Lv.16,16.01,14.95,1.05,1251,142.6
34181,๏ เ เ ค เ ๏ ๏ ๏ ๏ ๏ เ ค เ,17.0,AT Lv.17,15.96,14.97,0.99,630,59.1
34189,あかず,15.900008,IN Lv.15,16.63,15.13,1.5,1291,133.7
34208,Echoes of Memoria,17.800003,AT Lv.17,18.42,15.98,2.43,4175,358.1
34213,The Survivor (Game Edit),15.000004,SP Lv.15,15.45,13.0,2.44,5000,183.6
34232,そのまんまそのまんま、そのままずっとそのまま,15.400001,AT Lv.15,16.45,14.84,1.61,1676,217.9
34237,夢紡ぎのワンダラー,15.0,IN Lv.15,15.26,14.28,0.97,1066,147.2
34250,Unshakable,15.0,IN Lv.15,15.29,14.87,0.42,770,102.4
34252,キャンディークッキーチョコレート,13.700003,IN Lv.13,14.13,13.0,1.14,1024,159.2
34259,キャンディークッキーチョコレート,15.1,IN Lv.15,14.96,13.84,1.12,1032,159.2
34261,アマツキツネ (10th Anniversary ver.),15.500002,AT Lv.15,15.17,13.87,1.29,1454,223.0
34279,Collapsar,18.000004,AT Lv.18,18.3,15.93,2.37,3333,277.0
34291,GASHATT,15.600002,IN  Lv.15,14.77,13.81,0.96,920,134.4
34297,ハローセカイ,14.500002,IN  Lv.14,13.81,13.08,0.73,864,157.9
34299,マッチ売りの転売ヤー,13.200001,IN Lv.13,13.65,12.63,1.01,780,166.6
34306,Kiseki in Blue Dreams,12.0,IN Lv.12,11.89,11.56,0.33,300,80.6
34317,Quaerite Veritatis,16.700003,AT Lv.16,17.47,16.13,1.34,1413,136.6
34326,you are my curse,14.900001,IN Lv.14,13.38,12.63,0.76,520,119.1
34329,ざぁこ,14.200001,IN Lv.14,14.64,13.63,1.01,1069,191.7
34330,GlassyHeart.,14.900001,SP  Lv.?,15.5,14.25,1.24,1126,180.0
34338,Sthenno,15.8,IN Lv.15,15.09,14.18,0.91,1091,130.2
34343,BREaK! BREaK! BREaK!,15.600002,IN Lv.15,15.7,14.41,1.29,1300,139.8
34344,Cryptarithm,15.800002,IN Lv.15,14.65,13.78,0.88,908,145.9
34351,系ぎて,15.0,IN,15.2,14.09,1.11,1003,161.8
34359,Vicious Mockery,17.0,AT Lv.18,18.51,16.07,2.44,2350,147.9
34370,不眠之夜,14.600002,IN Lv.14,14.23,13.36,0.87,676,128.5
34373,ウミユリ海底譚,13.0,Master. 13,13.92,12.87,1.04,879,131.5
34381,光になりたい - First Light -,14.0,IN Lv.14,15.16,14.03,1.13,946,240.0
34384,梦之队,13.500002,IN LV.13,14.23,13.41,0.82,629,112.8
34413,执子之手,14.0,IN Lv.14,13.52,12.73,0.79,900,172.2
34414,anybody can find love (except you.),17.000004,AT Lv.17,17.47,15.95,1.52,1371,120.2
34420,何者,13.400002,IN Lv.13,12.85,12.03,0.82,495,141.0
34445,茜特菈莉：曜间浮行,15.3,IN Lv.15,13.89,13.2,0.69,468,79.0
34463,碎镜,15.7,IN Lv.15,15.54,14.02,1.52,1378,219.7
34468,Kuromori-SAE4150,13.700003,IN Lv.13,13.56,12.99,0.57,606,102.9
34477,インターネットサバイバー,6.0,AT Lv.16.6,17.28,15.68,1.61,2025,234.3
34483,うわがき,15.699999,██ Lv.15,15.25,14.18,1.08,1005,178.3
34485,系ぎて,15.600002,AT Lv.15,17.34,15.36,1.98,3000,159.8
34492,nostalgia,12.70001,IN Lv.12,8.41,7.58,0.82,409,103.8
34503,花有百样红,13.200001,Lv.13,11.91,11.32,0.58,323,72.7
34510,Press,15.200001,IN Lv.15.2,15.86,14.72,1.14,747,108.6
34526,ビビデバ（星慧闪耀）,17.0,AT  Lv.17,17.12,16.05,1.07,1408,162.1
34540,雪女,15.3,IN,15.72,14.68,1.04,933,113.0
34552,Glitched Universe ,17.0,AT Lv.17,15.37,14.66,0.72,1373,175.7
34558,舞姬,13.1,IN Lv.13,11.26,10.17,1.08,564,175.2
34570,Altaïr,15.800003,IN Lv.15,15.42,14.73,0.69,1023,131.1
34571,Press,15.200001,IN Lv.15.2,15.86,14.72,1.14,747,108.6
34581,wish4finite,14.8,IN Lv.14,14.9,13.37,1.53,1000,99.1
34583,Love's Theme of BADASS ～バッド・アス 愛のテーマ～,16.500002,IN Lv.16,17.03,15.2,1.83,1685,128.5
34598,Valkyrie Revolutia,13.700001,Stream Lv.17,17.76,15.68,2.08,1945,113.7
34599,macro.wav,15.300001,IN Lv.15,15.24,14.22,1.01,1045,125.6
34604,Tic! Tac! Toe!,13.400002,IN Lv.13,14.49,13.53,0.96,833,131.9
34606,OMG,14.0,IN Lv.14,14.5,13.67,0.82,1000,125.9
34610,Kairos,14.300001,IN Lv.14,13.67,13.12,0.55,654,112.2
34614,REFLECTION,17.1,AT Lv.17,18.24,15.71,2.53,4173,552.9
34620,the world of scarlet,16.1,IN  Lv.16,15.24,14.51,0.73,743,109.7
34632,Dream Chaser (Phira Ver.),14.7,IN Lv.14,14.32,13.57,0.75,834,150.0
34647,Mazy Metroplex,14.900001,IN Lv.14,15.15,14.36,0.79,810,124.5
34651,Kiseki in Blue Dreams,10.0,HD Lv.10,11.89,11.56,0.33,300,80.6
34697,Kairos,15.0,IN Lv.15,16.79,15.93,0.86,670,121.2
34708,Death Scythe,15.700003,IN Lv.15,15.66,14.56,1.1,982,116.4
34714,Gravisphere Crisis,17.000004,AT  Lv.17,17.59,16.1,1.49,1519,107.4
34717,INTERNET OVERDOSE,16.8,AT Lv.16,17.0,15.94,1.06,1127,125.5
34721,Schrecklicher Aufstand,16.0,IN Lv.15+,16.63,14.93,1.7,1841,149.3
34734,Mandragora,15.400003,EX Lv.15,14.92,14.07,0.85,1027,134.4
34736,★ yakinic,17.2,SP Lv.Fire,18.52,15.6,2.92,8888,341.8
34756,Wings of Piano,13.400002,IN  Lv.13,14.09,12.97,1.13,816,137.0
34767,グッバイ宣言,15.0,IN Lv.15,15.65,14.38,1.26,1186,169.4
34775,星相运轨-The Fake Of EndCat(Badcore Mix),15.5,15,16.24,15.02,1.22,1863,196.5
34781,DIVE with Ü,14.700003,IN Lv.14,14.96,14.16,0.8,718,108.0
34817,Terrasphere,14.400002,IN Lv.14,14.66,13.93,0.73,880,141.4
34819,Heaven,7.999999,HD,11.38,10.0,1.37,939,207.3
34837,幻影,14.400002,IN Lv.14,14.66,13.81,0.85,924,154.2
34848,Ham,13.0,IN Lv.13,11.87,10.61,1.26,1074,215.7
34849,crystallized,15.0,IN Lv.15,15.32,14.18,1.13,1200,187.2
34867,Hearts Of Steel,15.900004,IN Lv.15,16.04,14.43,1.6,1244,135.0
34868,Icyxis ~True Ending~,17.300001,IN Lv.17,16.98,15.4,1.59,1888,137.4
34870,Pneumatic Tokyo,14.800003,IN Lv.14,14.03,12.71,1.31,1480,223.4
34871,メルティランドナイトメア,14.399999,IN lv14,14.57,13.83,0.74,847,138.6
34917,Ars Cantate,16.300005,IN  Lv.16,15.99,15.18,0.81,993,153.6
34918,Greeting into Abysschaos,17.7,IN Lv.17,17.38,15.35,2.03,2046,133.5
34937,Astertale (feat. BlackY),14.800003,DI,14.84,13.72,1.12,1248,190.6
34939,[CRYSTAL_ACCESS],16.400002,AT Lv.16,16.31,14.92,1.39,1326,143.1
34974,ラビットホール,15.500002,IN Lv.15,15.39,14.48,0.91,1115,153.8
34984,Good bye，Merry-Go- Round,15.700001,IN Lv.15,15.76,14.77,1.0,1259,120.6
34989,Sphalerite,17.300001,ORZ Lv.17,17.8,16.18,1.62,1754,149.2
34999,Optocell,12.300001,IN  Lv.12,13.03,12.3,0.73,470,178.3
35014,Red moon,9.999993,IN Lv.10,13.22,12.04,1.19,673,165.3
35040,8時半に会いにきて (MUG Edit),3.8999996,FM Lv.3.96,14.49,13.45,1.04,815,124.3
35063,Crush Beta,16.0,At,16.43,15.43,1.0,1218,129.6
35079,raputa,16.500002,AT Lv.16,17.61,16.05,1.56,1654,152.5
35083,Dahlia,15.0,IN Lv.15,14.55,13.87,0.68,752,119.4
35088,Aoharu Band Arrange,15.1,IN.15,14.24,13.25,0.99,1064,104.4
35093,系ぎて,14.900001,IN Lv.14,14.92,14.06,0.86,966,161.6
35116,Ne Night & All Night,16.2,AT Lv.16,16.76,15.28,1.48,1769,173.5
35130,ベルロバダコアマテヒアマネイメアア失レセ,15.0,有点长 Lv.？,16.19,13.82,2.37,2969,417.3
35132,Excalibur ～Revived resolution～,15.7,IN Lv.15,15.95,14.94,1.02,1099,122.4
35133,Inverted World,14.900001,IN Lv.14,15.28,14.38,0.89,920,123.0
35134,Broken Conviction,17.1,AT Lv.17,17.3,15.9,1.39,1310,138.4
35140,Echoism,13.200001,IN Lv.13,10.55,9.69,0.87,450,195.6
35141,Orca,13.2,IN,12.95,12.13,0.81,775,171.8
35151,夏影-AIRness-,20.0,Lv.19,14.04,12.83,1.21,1295,260.6
35152,Lunaire Rèvir,15.800003,IN Lv.15,16.05,14.75,1.31,1404,174.3
35153,Terrasphere,13.700003,IN Lv.13,14.22,13.37,0.85,920,145.5
35210,猛独が襲う (MyGO!!!!! Cover),13.500002,IN Lv.13,13.59,12.91,0.68,623,104.2
35212,天灵灵地灵灵,16.1,IN Lv.16,15.92,14.74,1.17,1365,138.5
35213,Malo 233,15.0,IN Lv.15,15.14,14.37,0.76,793,99.8
35224,"Stop, Go",15.0,IN Lv.15,15.3,13.88,1.42,1798,198.6
35226,Rising on the horizon,15.700003,IN Lv.15,15.97,15.15,0.82,881,118.8
35240,Yorugao,14.900019,IN Lv.14,15.06,14.05,1.01,790,124.8
35244,赴大荒,12.700003,IN Lv.12,12.92,11.98,0.95,950,209.3
35247,优劣弧,14.0,AT Lv.14,13.93,12.86,1.07,752,188.0
35249,QUEEN,14.800003,AT Lv.14,14.35,13.62,0.73,888,138.4
35253,就是哪吒,15.0,IN Lv.15,15.18,13.1,2.08,3481,226.8
35256,はいよろこんで,15.0,IN Lv.15,14.37,13.26,1.1,959,152.6
35263,寻溯,12.900003,IN Lv.12,13.91,12.92,1.0,875,182.6
35274,とおりゃんせ ~ 甘美風来,16.000004,IN Lv.16,16.43,15.11,1.32,1777,195.8
35286,熱帯夜の祭り,13.400001,IN  Lv.13,13.56,12.93,0.63,767,158.7
35296,"G.V.N. (Glitter, Vomitus and Neon)",16.900003,AT Lv.16,17.3,16.0,1.3,1726,155.0
35303,Dogbite,15.0,IN Lv.15,16.47,15.21,1.26,1069,113.2
35336,おべか,14.0,IN Lv.14,13.8,12.75,1.05,1095,177.9
35351,繁星降落的奇迹,13.200001,IN Lv.13,13.36,12.84,0.52,494,100.5
35360,ハロ（光晕）,14.0,IN 14,13.69,12.8,0.88,906,181.4
35361,White Lines,15.0,IN Lv.15,13.12,11.99,1.13,874,176.8
35366,Sphalerite,16.0,AT Lv.16,17.58,15.73,1.86,2097,148.2
35384,INTERNET YAMERO,16.2,AT LV.16,17.0,15.07,1.93,3832,228.3
35386,Paradise,15.100008,KU Lv.15,15.42,14.49,0.93,999,158.0
35398,サイエンス (Science),15.400002,IN Lv.15,15.35,14.03,1.31,1578,183.9
35408,Rosemary,14.8,IN  Lv.14,14.71,13.34,1.37,1824,188.0
35412,《Ж》,15.500002,IN Lv.15,16.22,14.75,1.47,1342,135.3
35425,Compass,10.0,AT Lv.??,15.17,14.23,0.94,713,158.3
35429,ハナタバ,10.0,IN  Lv.F,13.95,13.26,0.69,909,141.4
35430,N,15.6,IN Lv.15,15.94,14.29,1.65,1932,246.0
35433,失態生態実験体,15.0,IN Lv.15,15.5,14.61,0.89,1165,193.5
35454,キッカイケッタイ,13.0,NG Lv.12,13.2,12.4,0.8,710,139.3
35485,L.Y.N.N.,17.2,AT Lv.17,17.27,16.18,1.08,1264,123.1
35489,インパアフェクシオン・ホワイトガアル,15.0,IN Lv.15,15.01,14.02,0.99,1272,137.7
35512,True Blue,16.9,AT Lv.16,17.31,15.87,1.45,1520,115.6
35515,Shizuku (feat. NEONA),15.0,IN.LV15,15.38,14.51,0.87,970,164.1
35532,Amnéhilesie,16.1,IN Lv.16,15.66,14.64,1.02,1261,145.4
35540,Terrasphere,15.600002,AT Lv.15,16.65,15.63,1.02,1196,132.0
35541,Believe in you,14.900001,IN  Lv.14,15.48,13.74,1.73,2244,273.9
35580,MemoryLocked,16.0,16,17.3,15.63,1.67,2630,295.1
35582,ARTEMIS,15.800002,IN Lv.15,15.89,14.77,1.12,1140,136.6
35591,Megameteor,13.0,HD Lv.13,13.45,12.37,1.09,1359,140.9
35592,We Will Meet Again,11.9,Legacy LV.12,9.89,9.44,0.46,412,124.6
35613,Be Kind,6.4999995,EZ Lv.6,8.4,7.28,1.12,600,162.8
35620,有点意思 (Got a Date),13.900003,IN Lv.13,14.66,13.85,0.81,650,75.9
35628,超主人公,15.400002,AT  Lv.15,15.03,13.93,1.09,828,175.0
35675,EMOMOMO,14.500001,IN Lv.14,14.59,13.79,0.8,887,132.2
35688,子路 战斗曲,12.900007,IN Lv.12,12.64,12.18,0.46,366,94.0
35689,Super Fructose,14.300001,IN  Lv.14,14.2,13.17,1.03,850,151.4
35699,αterlβus,15.1,IN Lv.15,15.42,14.36,1.07,772,114.1
35746,2 MINUTES FIGHTERS,16.4,IN,17.15,15.56,1.6,1410,115.8
35756,サヨナラ！！ウイルス,15.0,AT Lv. 15,13.44,12.4,1.04,768,152.9
35759,Pathetic House,3.0,EZ Lv.3,6.85,6.62,0.23,68,34.6
35760,Da Da Is Tape To And U U U,15.200001,IN Lv.15,15.01,14.06,0.95,741,80.0
35772,Ne Me Relinque,15.1,WAW Lv.15,14.64,13.92,0.72,794,104.0
35786,Dummy!,14.0,IN Lv.13,14.21,13.31,0.9,825,145.4
35793,Fracture Temporelle,17.900003,AT Lv.17,18.3,16.13,2.17,2626,235.5
35813,コドモチック · フィロソフィ,14.0,IN Lv.14,14.61,14.01,0.59,602,105.5
35819,Shadyshady,14.600002,IN Lv.14,13.1,11.99,1.11,855,228.9
35824,花（feat.花谱）,13.7,IN,14.25,13.28,0.97,710,120.9
35826,カナタハルカ,14.0,IN Lv.14,13.55,11.99,1.56,1470,318.4
35885,Paparazzo,16.900003,AT Lv.16,17.04,15.76,1.28,1821,189.3
35893,Brain Power,10.0,IN Lv.?,15.03,14.02,1.0,982,103.9
35914,Realms,15.2,AT Lv.14,16.69,15.26,1.43,2663,198.6
35921,オーブの祈り(Ver2.0),16.4,IN Lv.16,15.84,15.01,0.82,816,100.6
35923,ReawakeR,10.0,SP Lv.?,15.28,14.22,1.06,1282,172.4
35939,流星物语,15.0,IN,16.02,14.72,1.3,1024,137.6
35948,光線チューニング,13.9,IN Lv.13,14.44,13.55,0.89,1038,141.5
35950,Stella-rium,15.0,IN Lv.15,15.54,14.03,1.51,2269,241.4
35965,Lapis,14.700003,IN Lv.14,14.53,13.88,0.65,725,120.8
35967,Magic,15.9,AT Lv.15,15.14,14.14,1.0,1100,165.0
35984,The Chemistry,14.1,IN Lv.14,13.72,12.91,0.8,800,120.7
35996,星相运轨-The Fake of EndCat-(Badcore Mix),16.400002,AT Lv.16,17.63,16.19,1.45,1651,151.2
36000,さよならギフテッド（再见天才）,16.7,IN,17.33,15.88,1.44,1453,152.2
36001,溯 Reverse (Live),14.299997,IN Lv.14,13.12,12.1,1.02,847,164.4
36014,サイエンス(科学),15.800004,IN Lv.15.8,15.01,13.76,1.25,1648,183.9
36026,osumoisKusofumen for BELLE / osmosis,20.0,Korea Lv.?,18.22,16.65,1.57,2740,145.9
36045,輪廻転生,16.0,AT lv.16,17.79,15.78,2.01,2600,232.8
36053,Gone Angels,14.300001,AT Lv.14,13.85,13.03,0.82,700,129.0
36090,MINE-(HANAEL REMIX),8.0,IN Lv.14,14.96,13.85,1.11,968,171.7
36093,Crush BETA(VIP),16.0,IN Lv.16,16.56,15.16,1.4,1664,234.6
36094,Catastrophic Fabrications,16.600002,AT Lv.16,18.61,16.17,2.44,2375,287.4
36097,ちっちゃな私,14.0,IN Lv.14,14.08,12.88,1.2,1372,221.1
36100,From the New World (自新大陆),15.0,IN,15.39,14.31,1.08,1050,113.8
36106,Microcosm Blowup,16.400002,AT Lv.16,16.6,15.47,1.13,1500,152.3
36117,"Sincerely, To You",15.5,IN Lv.15.5,14.98,13.8,1.18,1300,193.2
36126,【试着喊了】みむかｩわナイストライ,18.000002,SP  Lv.?,18.27,15.99,2.29,2222,116.3
36128,Absolute Queen,10.0,stream,18.15,16.01,2.14,1934,123.8
36174,メズマライザー,15.0,AT Lv.15,17.28,15.91,1.37,1391,150.5
36192,Wolves Standing Towards Enemies,16.1,IN  Lv.16,16.62,14.87,1.75,1740,162.1
36193,Luminous Entities Lost Heart,16.300001,AT Lv.16,15.7,14.44,1.26,1499,180.0
36205,黒のバースデイ,16.5,AT 16,17.62,15.88,1.74,1963,205.5
36236,花月,14.300001,Birthday Lv.14,14.41,13.18,1.23,1093,163.5
36253,The Final EndGame,18.600002,ENDGAME  Lv.18,18.87,16.65,2.22,2087,148.2
36258,旋风颂歌,16.600002,AT Lv.16,16.54,15.54,1.0,1251,142.7
36265,TεμπεΣT,16.600002,AT  Lv.16,17.19,15.73,1.46,1512,118.6
36268,再生,14.0,Rebirth Lv.14,14.1,13.05,1.04,923,138.8
36286,:3c,16.2,IN Lv.16,15.75,14.35,1.4,1973,192.6
36289,Dragonflame,5.0,EZ  Lv.5,8.19,7.41,0.77,358,188.9
36301,Beyond the Æxis,20.0,FATE Lv.20,19.2,15.73,3.47,4000,246.8
36323,ネバーランド,16.2,AT Lv.16,16.64,15.47,1.18,1486,150.2
36328,モザイクロール,13.799999,In lv.13,14.31,13.19,1.11,1083,175.2
36340,Straight into the lights,14.0,IN Lv. 14,14.9,14.03,0.86,834,135.3
36353,天气之子-幻,13.0,IN Lv.13,13.5,12.99,0.51,395,65.5
36355,魔理沙に大変な役でハコにされました,15.5,IN,17.32,15.57,1.75,2250,208.9
36377,Your Best Nightmare,15.500002,IN Lv.15,15.31,14.03,1.29,1254,172.9
36383,the story of the tap and the hold(3),16.0,AT Lv.16.0,12.75,11.59,1.16,1064,228.5
36392,Teeth,15.500002,AT Lv.15,12.82,11.57,1.25,1434,193.4
36398,Dolce Biblioteca,13.1,IN Lv.13,13.04,12.65,0.39,453,115.3
36434,DarkCandy,15.7,IN Lv.15,15.75,14.72,1.03,1203,145.0
36441,Roller Coaster,14.0,IN Lv.14,14.7,13.8,0.9,913,176.0
36454,SAN値直葬,15.799999,IN Lv.15,15.69,14.14,1.55,1831,141.2
36458,He's a Pirate,13.5,IN Lv.13,13.6,12.98,0.62,503,76.8
36474,ワンダーシャッフェンの法則,14.900001,『Magic』,14.41,13.55,0.86,840,118.6
36485,TransientTears,15.100004,IN Lv.15,14.94,13.98,0.96,1024,116.9
36495,Super Universe(Knighthood remix),15.700003,IN Lv.15,15.57,14.31,1.27,1210,127.3
36498,STRAWBERRY GODZILLA,13.900003,IN Lv.13,12.74,11.88,0.86,601,136.8
36506,恋爱サ-キュレ-ション,16.1,AT Lv.16,15.61,14.48,1.13,1314,151.1
36514,KIZUNA resolution,17.500002,AT Lv.17,17.84,16.48,1.35,1455,128.0
36519,STEP By STEP UP↑↑↑↑,13.699999,IN Lv.14,13.3,12.61,0.7,486,87.3
36535,エンド・オプ・フエイク!,15.300001,IN Lv.15,15.94,14.67,1.27,1470,201.1
36560,Flashback,14.600002,IN Lv.14,15.12,14.05,1.07,700,120.0
36563,好心情,6.3,,9.22,8.69,0.53,318,156.2
36568,GOODWORLD,15.699999,AT Lv.15,16.05,14.75,1.31,1185,128.0
36574,あいうえおんがく (Aiueongaku),13.499998,IN Lv.13,13.77,13.09,0.68,528,88.9
36578,B.O.L.,19.1,AT Lv.19,18.93,15.35,3.57,5000,215.5
36585,夏が終わる,14.0,IN Lv.14,14.26,13.21,1.05,735,180.0
36592,Journey,14.900002,IN Lv.14,15.19,14.45,0.75,881,123.6
36596,FREEDOM DiVE↓,17.0,AT Lv.17,18.21,15.78,2.42,3677,255.0
36611,我不曾忘记,15.200001,IN Lv.15,13.87,12.79,1.08,999,224.6
36616,贺新春,11.500002,HD Lv.11,11.17,10.7,0.47,390,153.0
36617,喵斯摇(Phi-sx.ver),5.6,EZ Lv.5,7.39,7.23,0.16,262,94.3
36626,MVURBD,15.800003,IN Lv.15,15.86,14.39,1.47,1500,166.1
36629,オーバーライド,20.0,IN Lv.14,15.5,14.43,1.07,1124,134.1
36630,Light Me Up,15.400001,IN  Lv.15,15.33,14.1,1.23,1396,175.5
36631,飞鼠进行曲,12.5,Lv12.5,11.04,10.5,0.54,300,89.1
36634,BBC Countdown 2013,15.0,SP Vertical,10.37,9.77,0.6,1051,70.0
36640,Pont des souvenirs,17.400002,AT Lv.17,17.43,16.18,1.25,1269,176.7
36641,刃図羅,15.799999,IN Lv.15,16.03,14.81,1.22,1044,124.0
36643,Echoes Of Memoria,16.0,IN Lv.16,17.18,14.57,2.61,3661,366.7
36650,SM4M,13.0,IN Lv.13,13.47,12.89,0.58,446,93.3
36657,Meta-Mysteria,17.0,AT Lv.17,17.22,15.79,1.44,1621,145.2
36705,In the End,14.5999975,14.6,12.96,11.96,1.01,954,156.0
36723,Ops:Limone,16.500002,AT Lv.16,17.25,16.04,1.21,1200,126.9
36731,ギプソフィラを花束に,12.0,HD Lv.12,11.65,9.93,1.71,1125,309.8
36744,朧月夜,12.0,HD Lv.12,12.53,11.58,0.95,662,184.3
36752,Waiting For The Sun,12.0,HD Lv.12,10.08,9.3,0.78,603,185.1
36762,人间万朵红,12.500006,HD Lv.12,13.02,12.08,0.94,805,206.8
36776,シックスプラン,13.299998,IN Lv.13,13.39,12.78,0.61,520,130.5
36794,小城夏天,13.9,Summer Lv.14,12.67,12.0,0.67,519,146.3
36806,インターネットサバイバー,15.400002,IN Lv.15,15.07,14.0,1.08,1133,117.6
36814,Latent Kingdom,16.300001,IN Lv.16,16.67,14.69,1.98,2068,148.1
36816,lifeline,16.500004,AT Lv.16,17.07,15.74,1.32,1907,286.0
36844,Parallel Universe Shifter,18.0,AT Lv.18,18.22,14.88,3.35,6298,416.5
36860,インスタント・ラヴ,12.0,IN Lv.12,13.8,12.71,1.09,953,173.7
36872,Moonfall (大月墜落狂想),17.800001,AT Lv.17,18.18,16.01,2.17,1800,120.1
36879,化けの花,14.600002,IN Lv.14,15.52,14.44,1.09,826,114.3
36881,GOODRUSH,15.8,IN Lv.15,16.45,15.21,1.24,1314,133.6
36890,Oshama Scramble!,14.500002,IN Lv.14,15.47,14.24,1.23,1141,114.6
36894,Page Of You,15.500002,Star Lv.15,15.53,14.67,0.86,1160,204.4
36899,So☆Lucky,14.400002,IN Lv.14,14.14,13.36,0.78,706,88.6
36913,Ēvocator,15.700003,IN Lv.15,15.9,14.74,1.16,1317,138.1
36919,TruE,15.100002,IN Lv.Elysia,15.68,14.61,1.07,1138,178.5
36933,限りなく灰色へ,15.600002,IN Lv.15,14.79,13.91,0.88,941,116.0
36938,raputa,16.0,IN Lv.16,16.29,14.94,1.34,1288,158.0
36940,Dream By Coma,14.700003,IN Lv.14,14.29,13.12,1.17,925,140.0
36941,ほしのおとしもの,14.600002,IN Lv.14,14.95,14.0,0.95,967,127.6
36946,Clean Up! (板中打掃歌),14.3,AT Lv.14,14.5,13.53,0.97,1023,154.0
36953,そして花になる,13.5,IN,14.07,13.08,0.99,788,142.6
36956,blacknEon,13.599998,IN Lv.14,14.32,13.51,0.81,881,129.6
36957,Rain,16.2,AT Lv.16,17.04,15.67,1.37,1128,124.8
36976,Zavodila,15.400002,AT Lv.15,15.8,14.42,1.38,1800,195.9
36992,LOST,15.500002,IN Lv.15,14.41,13.42,0.99,999,159.4
36995,Options,14.0,IN  Lv.14,14.14,13.27,0.88,728,112.9
37012,怪诞(GroTesquE),14.900001,IN Lv.14,14.46,13.87,0.59,560,110.3
37034,嫦娥奔月 -Lunar Paradoxx-,15.400002,IN Lv.15,15.09,14.21,0.88,1372,176.0
37035,Stella-rium,15.0,IN Lv.15,15.54,14.03,1.51,2269,241.4
37043,Class Memories,16.0,AT Lv.16,16.54,15.31,1.24,1374,144.3
37049,Forbidden Area,16.300001,IN Lv.16,16.21,14.92,1.28,1344,141.2
37052,朧月,18.600002,AT Lv.18,18.66,16.34,2.32,2525,200.7
37068,竹取飛翔 ~ Lunatic Princess ~,15.200005,IN Lv.15,15.17,13.63,1.54,2196,194.8
37078,Per Aspera Ad Astra,15.0,IN Lv.15,16.4,15.16,1.25,1365,129.1
37079,The Winter,13.600002,IN Lv.13,13.59,12.97,0.62,458,80.0
37081,レイニーブーツ,14.300001,IN Lv.14,14.16,13.55,0.62,957,146.2
37082,オーバーライド,14.600002,AT Lv.14,14.68,13.8,0.88,900,134.1
37090,Radiant Night,14.6,IN,14.06,12.6,1.45,1389,279.3
37100,Hauynite,16.1,IN Lv.16,15.83,14.7,1.14,1330,157.7
37101,权御天下,15.100004,IN 15,16.82,15.75,1.07,723,90.1
37103,ダーリンダンス,14.900003,IN Lv.14,15.11,14.34,0.77,860,136.0
37104,All My People,16.7,IN Lv.15,13.95,12.61,1.33,1222,187.3
37108,天元枢机 ([ Central Prayer Unit ]),16.2,IN Lv.16,16.18,14.83,1.35,1272,145.7
37110,不虚此行 On the Journey,12.0,IN Lv.12,12.11,11.29,0.82,381,117.2
37121,"Vengeance of the ""V""",17.400002,AT Lv.17,17.95,16.05,1.9,2140,161.6
37123,BUZZ CUTZ,18.000004,IN Lv.17,19.05,15.45,3.6,8385,567.1
37132,Level Up,14.900003,EX  Lv.14,15.49,14.53,0.96,1080,114.0
37151,raputa,16.4,IN Lv.16,16.69,15.49,1.2,1204,145.4
37157,イガク,16.200005,AT Lv.16,15.99,15.01,0.97,1041,117.0
37162,Dextroy,16.5,α,16.2,14.53,1.68,1477,101.7
37206,Destr0yer,15.300001,IN Lv.15,15.72,14.25,1.46,1234,165.3
37207,不虚此行,12.600002,IN Lv.12,12.99,12.43,0.56,458,123.1
37208,权御天下,15.100004,IN,16.82,15.75,1.07,723,90.1
37212,色彩,14.0999975,IN Lv.14,14.76,13.79,0.97,1066,182.8
37216,Apollo,17.0,WQL Lv.17,17.15,16.04,1.11,1361,140.5
37244,"Georgette Me, Georgette You",13.700003,AT Lv.13,14.03,13.3,0.73,1116,218.0
37273,夏の雨の日の思い出,14.0,IN Lv.14,13.94,12.9,1.04,963,160.5
37289,It's alright,13.999999,IN,15.36,14.48,0.88,963,180.9
37309,时间(Starry Night RS ver.),13.0,IN Lv.13,12.73,11.91,0.82,721,116.1
37313,ブルアカ 6th PV,16.0,AT Lv.16,16.84,15.54,1.3,965,89.5
37329,Frog,10.0,SP Lv.?,12.49,11.41,1.08,660,66.6
37342,ぽっかんカラー,16.4,AT Lv.?,16.44,15.3,1.14,877,88.9
37345,安魂摇,15.3,IN 15?,12.31,11.55,0.75,917,174.4
37348,TruE,10.0,HD  LV.10,9.87,9.08,0.78,515,172.2
37355,喵斯摇(Phi-sx.ver),16.7,IN Lv.16,14.3,14.0,0.31,520,96.0
37361,Aurora-XE In The Neon Night Of Zero Night City-,15.400004,IN Lv.15,16.23,15.54,0.69,821,121.9
37373,ヤミナベ!!!!,16.1,IN Lv.16,16.58,15.23,1.35,1360,125.1
37374,烂泥,7.999987,HD,11.96,11.43,0.53,505,139.4
37382,Unleashed World,17.800003,AT Lv.17,18.6,16.96,1.64,1760,129.5
37391,Daifixia,15.1,AT Lv.15,14.43,13.84,0.58,831,108.2
37392,アイデン貞貞メルトダウン ,14.0,IN  Lv.14,13.66,12.88,0.78,616,86.1
37396,リテラチュア（翻自 上田麗奈）,13.1,IN Lv.13,11.07,10.75,0.33,297,77.3
37410,月下桜天國,15.600002,YING Lv.15,14.27,13.5,0.77,929,125.6
37436,:3c,17.900002,AT Lv.17+,18.15,16.0,2.15,2592,192.0
37464,恋月桜花,16.0,Sakura Lv.16,15.97,14.75,1.22,1604,199.1
37477,花月,13.0,IN Lv.13,13.86,12.86,1.01,942,208.5
37500,Avantgarde,18.000004,AT  Lv.18,18.6,16.28,2.32,2091,152.8
37512,Cutter,15.2999935,IN Lv.15,15.25,14.32,0.94,921,130.5
37513,タイヨウパラダイス,13.600002,IN Lv.13,13.83,12.91,0.92,615,122.1
37516,ナツノハテ,15.700001,SP Lv.15,16.35,15.28,1.07,1348,247.8
37524,何者,14.600002,IN  Lv.14,12.8,11.98,0.82,711,141.0
37554,Unwelcome school,14.800003,IN Lv.14,14.85,14.12,0.73,916,119.2
37580,i see you,14.200001,LV:14.2,12.62,11.59,1.03,796,180.6
37585,Re：End of a Dream,17.1,AT Lv.17,17.15,16.01,1.14,1293,139.4
37594,穿越时空的思念,14.599999,Lv.14.6,13.26,11.76,1.49,2000,278.5
37595,To : Be Continued,17.2,AT Lv.17,17.99,15.99,2.0,2000,133.6
37604,アイスクリーム・エンジェルズ,15.5,IN Lv.15,16.1,14.71,1.39,1503,208.8
37639,新人類 (Shinjinrui),15.800003,IN Lv.15,15.01,13.93,1.08,1210,148.8
37642,Do you wanna kiss angel?,13.900001,SP Lv.I am,13.9,13.09,0.81,673,181.0
37649,Star Fall in Evernight City,13.900003,IN Lv.13,14.84,13.76,1.08,598,109.0
37752,英雄主义,14.0,IN Lv.14,13.57,13.19,0.38,466,80.4
37753,太空旅行（feat.熊子）,13.300001,IN Lv.13,12.99,11.91,1.08,838,187.0
37754,太空旅行（feat.熊子）,8.800003,HD Lv.8,10.26,9.26,1.0,740,187.0
37805,刹那の誓い,14.9000025,IN Lv.14,14.57,13.68,0.88,1020,117.8
37826,Heaven's Gateway (feat. Persian Groovies),16.0,AT Lv.16,17.55,15.77,1.78,1585,130.6
37827,Eternal Ending,15.800003,IN Lv.15,16.21,14.87,1.34,2000,220.8
37855,Dead Soul,5.6000004,EZ Lv.5,8.48,7.56,0.92,534,138.2
37867,ちっちゃな私,15.500002,AT  Lv.15,15.2,13.67,1.52,1404,221.1
37869,TWISTED GARDEN,18.2,Death Lv. ？,18.64,15.58,3.05,5500,412.4
37883,Dolce Biblioteca,13.1,IN Lv.13,13.04,12.65,0.39,453,115.3
37899,エンド・オブ・フェイク！,17.2,AT Lv.17,18.07,16.11,1.96,2297,201.1
37916,Sacred Play Secret Place,14.400002,IN Lv.14,11.43,10.05,1.39,999,305.5
37919,Ad astra per aspera(Extended.Ver),16.1,AT,16.86,15.32,1.55,2362,261.3
37928,清醒梦,12.1,IN Lv.12,12.32,11.61,0.71,427,92.3
37932,きゅうくらりん,17.0,AT  Lv.17,17.13,16.29,0.84,1314,140.7
37960,雪之梦,13.900003,Lv.13.9,12.62,10.6,2.02,2221,284.4
37962,Fly to the Moon,14.1,IN Lv.14,14.1,13.49,0.61,777,132.9
37975,跨时空的梦,8.600002,EZ Lv.8,10.22,9.17,1.05,950,220.3
37976,凡愚,15.800003,IN Lv.15,15.51,14.38,1.13,1043,163.5
37977,frog,13.0,IN Lv.13,12.15,11.11,1.04,1143,120.2
38012,Chatblanc,12.600002,IN Lv.12,12.75,12.23,0.52,352,95.2
38025,6th PV Theme,14.9,IN  Lv.14,15.27,14.34,0.93,612,89.5
38026,下剋上,15.400002,IN  Lv.15,14.98,13.71,1.27,1000,149.2
38060,虚無さん,17.0,IN Lv.14,13.97,13.23,0.74,802,146.1
38064,青い鳥はもう死んだのに,16.400002,IN Lv.16,16.16,14.9,1.27,1642,178.7
38074,LOVELY BASTARDS,7.2000003,EZ Lv.7,6.98,6.69,0.29,226,83.2
38076,IN MY HEAD,10.0,IN LV. FIFTEEN,15.12,13.72,1.4,1665,271.4
38092,シェードの埃は延長,15.400001,IN Lv.15,16.39,14.93,1.46,1974,228.4
38093,ENDYMION,16.400002,IN Lv.16,16.16,15.12,1.05,1210,114.7
38096,妖し月夜の縁より,15.300001,IN Lv.15,14.94,14.09,0.85,970,124.2
38097,KIRArin☆streaming☆LOVE,15.300001,IN Lv.15,14.86,13.79,1.06,1100,100.2
38101,Gaudium Resonance,15.1,IN Lv.15,15.59,14.68,0.9,1027,124.8
38104,チルノのパーフェクトさんすう教室,14.700003,IN Lv.14,14.44,13.54,0.9,809,114.0
38106,何罪之有,15.0,MV Lv.15,13.87,13.38,0.49,611,118.7
38108,SELF,13.200001,IN Lv.13,14.04,13.08,0.96,831,168.5
38126,Watch me! (TV size),14.0,IN  Lv.14,13.78,13.37,0.41,520,87.4
38127,后巷深宵-开端,15.500002,WAW Lv.15,16.5,15.06,1.44,1757,195.5
38155,Paradise,14.500002,IN.Lv14,12.4,11.33,1.06,600,164.7
38180,銀梅花,14.799999,IN Lv.14,15.29,14.67,0.62,789,109.3
38191,Love like we're dying,15.000004,IN Lv.15,14.17,13.54,0.63,715,130.3
38222,ハレハレヤ,14.0,IN Lv.14,13.57,12.27,1.3,828,202.8
38273,How To Make音ゲ～曲！ (RYOQUCHA Remix),16.00001,IN  Lv.15+,15.58,14.49,1.1,1357,136.5
38286,Suomi,15.500002,IN Lv.15,14.23,13.56,0.66,715,123.0
38288,Inverted World,16.0,IN Lv.16,15.74,14.92,0.82,972,106.7
38294,初音未来的消失,16.2,AT Lv.16,17.0,15.19,1.81,2820,256.4
38305,神威,15.8,IN Lv.15,15.98,14.84,1.14,1199,142.8
38318,Endeavors,13.0,IN Lv.13,14.69,13.54,1.15,1029,208.9
38322,"G.V.N. (Glitter,Vomitus and Neon)",15.0,IN lv.15,15.03,13.95,1.08,1170,161.5
38340,十日终焉,14.0,14,14.09,13.04,1.04,970,191.0
38371,"Cold Air,Warm Heart",15.0,IN Lv.15,15.58,14.68,0.9,1122,136.2
38372,over. (feat. KYURO3),15.500002,IN,15.65,14.05,1.6,2232,285.5
38378,パレード,14.200001,EX Lv. 14,13.61,12.11,1.5,1492,288.0
38380,清醒梦,14.3,IN Lv.14,12.82,12.43,0.39,383,75.0
38382,使一颗心免于哀伤,20.0,AT Lv.15,13.32,12.42,0.89,895,188.6
38386,ららら,14.0,IN Lv.14,13.98,13.1,0.88,674,134.8
38387,Please,15.800001,AT Lv.15,15.62,14.58,1.04,1057,119.3
38391,Nopea,19.0,AT Lv.19,18.69,16.33,2.36,1727,102.3
38394,MOTTAI,15.2,IN LV.15,15.3,14.23,1.07,1121,149.6
38396,アイロニ,17.200005,AT Lv.17,16.09,14.74,1.35,1692,241.4
38404,"G.V.N. (Glitter,Vomitus and Neon)",15.599999,IN lv.15,14.94,13.87,1.07,1173,161.5
38410,ivory tower,12.6,HD,12.28,11.62,0.66,239,54.6
38413,Pagoda,14.900003,IN Lv.14,14.69,13.34,1.35,1376,306.8
38415,Lost Dream(Explicit),14.700002,Dream.14,14.92,13.98,0.94,828,147.7
38428,我的世界唱片《otherside》,11.0,11,13.34,12.67,0.67,416,104.1
38438,Deep Blue,14.800003,AT Lv.14,14.64,13.6,1.05,933,186.0
38446,TRICKL4SH 220,15.900003,IN Lv.15,15.98,15.1,0.89,1184,121.1
38468,あい2～じゅっ,15.800003,IN Lv.15,15.24,13.87,1.36,1155,145.1
38486,Triple The Insanity-Muder Time Trio(Phase 2),16.400013,IN Lv. 16,16.98,15.61,1.38,1414,181.5
38493,ヒミツ (feat. 可不),14.0,IN Lv.14,14.41,13.44,0.97,966,140.1
38517,寂寞的人伤心的歌,14.200001,IN Lv.14,12.56,11.33,1.24,1229,201.2
38570,An Enigmatic Encounter-[UNDERTALE:LAST BREATH],17.600002,AT Lv.17,17.42,16.1,1.33,2265,272.0
38581,Heart Function,16.0,IN Lv.-15,15.16,14.18,0.97,977,144.2
38591,Cutter,15.600002,IN Lv.15,15.79,14.8,0.99,1195,138.0
38603,Space Station(From Rolling Sky),13.200001,IN Lv.13,13.07,12.6,0.47,400,75.6
38606,グローリー · ワンダーランド,18.300001,AT Lv.18,18.47,16.3,2.17,2278,150.7
38614,第57次取消发送,8.600001,HD Lv.8,7.97,7.56,0.41,300,153.5
38622,Nyarlathotep's Dreamland,17.300001,AT Lv.17,18.2,16.21,1.99,1953,125.9
38680,Unsinkable Memory,15.700003,IN Lv.15,15.77,14.63,1.13,1037,152.6
38685,牛牛大胜利,15.8,IN Lv.15,15.47,14.05,1.42,1800,178.6
38689,DΣADLY TRIGGΣR,16.300005,16.3-16.7,16.79,15.55,1.24,1377,176.7
38698,ひめごと*クライシスターズ,15.400002,IN Lv.15,15.08,13.79,1.28,1547,208.3
38703,Take Me Hand,14.599999,IN Lv.14,13.62,12.88,0.74,788,239.8
38707,惊涛落日（慢）,15.2,AT Lv.15,12.57,11.07,1.5,1689,159.9
38724,FKIN W H A T,18.1,AT Lv.18,18.28,15.49,2.8,4284,284.0
38731,Insane Defect,15.500002,IN Lv.15,15.54,14.5,1.04,1127,167.8
38733,Aphasia,15.900003,AT Lv.15,15.03,14.47,0.56,647,110.6
38735,Skip!!,14.3,IN,13.61,13.03,0.58,546,117.8
38736,LiftOff,15.500002,IN Lv.15,15.02,14.21,0.81,1227,127.9
38741,Eternal Ending,18.100008,END Lv.18,18.26,15.8,2.45,3000,230.7
38742,ハレハレヤ,14.0,IN Lv.14,13.5,12.19,1.31,850,202.8
38771,零天視,17.500002,AT Lv.17,17.89,16.29,1.6,1268,105.6
38785,Echoes of Memoria,15.0,EX Lv.15,16.62,14.47,2.15,2879,358.1
38793,Before the Love,15.200001,IN Lv.15,15.24,14.05,1.2,1393,122.4
38795,Atm∅spHere,16.0,IN  Lv.16,16.91,15.73,1.18,1310,131.5
38796,希望の朝へ (向着黎明奔去),14.0,IN Lv.14,14.39,13.38,1.0,1069,254.5
38797,Lose you now,12.0,IN LV.12,12.71,11.77,0.94,711,186.0
38807,無機質世界に彩を,14.6,SP Lv.?,14.76,13.96,0.8,641,123.3
38811,GHOST,17.000004,IN Lv.17,17.46,15.3,2.16,3777,314.2
38820,一二三,10.300001,HD Lv.10,8.04,7.64,0.39,380,226.5
38841,寂灭终日,14.0,Tzu.14,14.44,13.29,1.15,838,240.0
38845,回る空うさぎ,12.999998,IN Lv.13,11.55,10.66,0.89,791,168.1
38848,夏が終わる,14.0,IN Lv.14,13.72,12.99,0.73,740,191.8
38872,理想主义,15.0,ID Lv.15,14.72,13.83,0.89,934,162.0
38880,MarbleBlue.,17.800003,AT Lv.17,17.77,16.36,1.41,1526,148.8
38893,うたかたのせかいで,15.9,IN Lv.15,15.95,14.94,1.01,1230,155.9
38895,Duality (feat.初音ミク),14.600002,IN Lv.14,14.58,13.6,0.98,1191,180.0
38897,拂晓,14.900003,IN Lv.14,14.3,12.78,1.52,2025,207.4
38898,Memories Sacrafice (V.S. ver.),16.0,IN  Lv.16,15.4,14.24,1.16,1157,141.6
38917,冻梦,14.500002,IN Lv.14,13.77,12.78,0.99,1019,198.3
38928,Kagura,15.1,IN Lv.15,15.29,14.36,0.94,1126,129.7
38929,リメンシア (feat. 初音ミク),15.700003,IN Lv.15,15.25,13.77,1.48,1693,258.8
38937,Radiant,14.0,IN Lv.14,14.19,13.47,0.72,863,130.9
38939,炜WARD ROMANCE,14.6,IN  Lv.14,14.81,13.64,1.17,985,147.7
38940,阜成门 (Original Mix),13.300001,IN Lv.13,13.61,12.9,0.71,786,158.2
38952,Ave Mujica,15.800003,IN Lv.15,16.28,14.99,1.29,1800,242.7
38960,虐,15.499999,AT Lv.15,16.38,15.08,1.3,1585,189.6
38965,はじまりの曲,13.0,IN Lv.13,13.63,12.93,0.69,490,98.5
38970,Selenotaxis,15.100001,AT Lv.15,14.6,14.15,0.46,777,137.4
38990,F_Ripples,16.2,IN Lv.16,16.19,14.93,1.26,1240,124.2
39001,嬢王 (feat. 初音ミク),16.000004,IN  Lv.16,16.13,15.04,1.09,1037,139.6
39003,M （エム）,15.0,IN Lv.15,14.76,13.76,1.0,1161,178.8
39007,オラシオン（ED）,13.700003,IN Lv.13,13.55,13.15,0.39,601,83.3
39018,DA'AT -The First Seeker of Souls-,18.400005,AT Lv.18,18.52,16.37,2.15,2208,151.9
39029,"Mourning, Stagnant.",15.6,IN Lv.15,15.6,14.13,1.47,1600,199.0
39037,.357 Magnum,14.800003,HR Lv.14,14.9,13.98,0.91,1111,126.8
39039,HAINUWELE,15.9,IN  Lv.15,15.75,14.69,1.07,1282,142.8
39056,THE WORLD REVOLVING (Camellia Remix),16.900003,IN Lv.16,17.09,14.97,2.13,3700,402.0
39065,刺客传奇,14.499998,IN Lv.14,13.72,12.95,0.77,665,137.3
39073,樱落繁花,15.0,★SP Lv.15,15.91,14.41,1.5,1358,164.9
39078,Sayonara Hatsukoi,14.400001,IN Lv.14,13.4,12.66,0.73,1034,107.5
39085,ラビットホール,16.400002,AT Lv.16,17.11,15.76,1.35,1548,156.9
39088,Abiogenesis (Fan-Remake),15.400002,IN Lv.15,15.09,13.98,1.11,1301,166.7
39107,Watcher,9.900001,mc,8.72,8.27,0.45,332,137.9
39108,komorebi,15.300001,IN Lv.15,15.56,14.62,0.93,1613,204.8
39109,偽中国語,14.400005,IN Lv.14,13.3,12.58,0.72,765,146.5
39119,Angel dust,4.1,SP Lv.4,16.26,14.97,1.29,1235,135.5
39156,Assumptions,13.400002,IN Lv.13,13.71,13.21,0.5,528,106.6
39160,アマツキツネ,8.600002,EZ Lv.8,8.37,7.72,0.65,440,126.8
39172,Jump out,15.1,IN Lv.15,14.85,13.95,0.9,1207,134.1
39178,Echoes of Memoria,17.600002,AT Lv.17,18.31,15.81,2.51,4000,366.8
39187,Lumina,16.300001,AT Lv.16,15.92,14.83,1.1,1145,154.2
39192,MARENOL,14.000007,IN Lv.14,14.85,13.5,1.35,1343,140.5
39197,Celestrial Quest,14.800003,IN Lv.14,15.03,13.86,1.17,1300,200.0
39199,Memories of Kindness,5.5,IN Lv.14,12.65,11.39,1.26,1143,266.6
39201,Phase Distorter,16.100004,IN  Lv.16,16.21,14.85,1.36,1192,129.7
39209,Fallen Symphony,1.9,Final,20.09,15.7,4.4,10000,540.5
39218,MIRЯOЯ,17.0,AT Lv.17,16.77,15.68,1.08,1235,116.6
39229,Blows Up Everything,16.1,IN Lv.16,15.37,14.15,1.22,1420,130.6
39240,stop-motion,18.0,AT Lv.18,18.63,16.15,2.48,2222,187.5
39261,ゆで卵茹でます! ! ! !,20.0,IN Lv.14,12.89,12.6,0.3,245,35.8
39263,エンパープル (Empurple),15.900003,AT Lv.15,15.62,14.55,1.07,1149,123.4
39264,幻影鬼魅 (PLEASE),15.400001,AT  Lv.15,15.64,14.58,1.05,1060,119.3
39267,ダイダイダイダイダイキライ,14.600002,YY Lv.14,14.5,13.68,0.83,920,153.2
39296,我花开后百花杀,12.500002,IN Lv.12,10.31,9.29,1.02,666,201.1
39316,ハート111,9.2,IN Lv.14,14.25,13.69,0.56,614,102.8
39364,隙,10.0,SP  Lv.?,12.94,12.18,0.77,488,119.0
39365,三妖精SAY YA,13.0,lv 333,13.31,12.62,0.69,600,105.7
39369,Fragrance,15.300005,AT Lv.15,14.81,14.05,0.76,637,79.7
39382,雾里,13.0,IN  Lv.13,12.97,11.71,1.26,1000,239.5
39399,opia -awakened-,16.300001,EYES 16,16.59,15.08,1.51,1930,279.9
39401,脑壳疼,15.0,IN Lv.15,14.35,13.57,0.78,740,163.2
39402,Hyper Rhapsody,15.0,IN Lv.15,15.95,14.64,1.31,1129,145.9
39406,ずんずんサファリ,14.700003,IN Lv.14,14.59,13.63,0.95,965,134.4
39415,海馬成長痛,15.2,SP Lv.？,14.9,13.53,1.37,1862,184.7
39416,灾蚀的痕影 Silhouette of Catastrophe,15.1,IN Lv.15,16.34,14.82,1.52,1277,97.6
39417,Sphalerite,16.300001,IN Lv.16,16.69,14.92,1.77,1985,152.4
39420,メロウ（跃动青春op）,13.700003,IN  Lv.13,13.14,12.74,0.39,402,86.1
39428,Straight into the Lights,15.500002,IN Lv.15,15.8,14.39,1.4,1514,140.0
39437,藏语早读（Hardcore）,17.200005,IN Lv.17,16.94,15.42,1.52,2133,202.7
39453,VorpΛlize,16.0,AT  Lv.16,15.8,14.72,1.08,988,106.2
39459,大东北是我的家乡（Ciforance Remix）,16.500002,NorthEast Lv.16,17.32,15.71,1.61,1185,86.4
39461,TIANTIAN,14.600002,HL Lv.14,14.66,13.32,1.34,1170,239.5
39468,Whiplash,13.500002,IN Lv.13,13.16,12.23,0.93,752,180.5
39476,HAL 30000,16.3,AT Lv.16,17.36,15.35,2.0,4270,135.2
39481,☆花となれ,11.0,IN Lv.11,8.74,8.1,0.64,404,100.5
39484,☆花となれ,11.0,IN Lv.11,8.74,8.1,0.64,404,100.5
39498,くうになる (feat. 可不) ,13.800003,IN Lv.13,14.32,13.62,0.7,1039,144.2
39521,Rainmaker,14.700003,IN Lv.雷雨,15.07,13.97,1.1,1618,194.7
39531,ハート111,14.800003,IN Lv.14,13.82,13.0,0.82,671,105.8
39534,恋ひ恋う縁 (以恋结缘),14.700003,IN Lv.14,13.77,13.23,0.54,652,95.6
39537,Craic,16.300001,IN lv.16,15.9,14.94,0.95,1217,144.4
39540,Southern Cross,15.700027,Re:Master LV.15,16.94,15.51,1.44,1376,143.0
39543,炽火之舞 A Dance in Fire,15.2,IN Lv.15,15.2,14.46,0.74,1028,207.4
39547,TIME HEALS EVERYTHING,16.699999,AT Lv.16,16.3,14.57,1.73,1770,169.7
39570,ぼなぺてぃーと♡S,14.2,IN  Lv.14 ,14.09,13.47,0.62,502,87.6
39573,可愛くてごめん,14.0,AT Lv.14,14.86,13.52,1.34,1093,213.0
39581,3rd Avenue,15.0,IN Lv.15,13.55,13.29,0.26,476,146.3
39583,Absolute Queen,15.800003,IN Lv.15,15.99,15.13,0.87,1048,123.3
39587,東の空から始まる世界 (始于东方之空的世界),13.0,13,14.26,12.76,1.5,1057,226.2
39588,徳川カップヌードル禁止令,15.0,IN Lv.15,14.54,13.43,1.11,944,119.5
39591,電脳眠眠猫 (feat. 可不)  ,13.500002,IN.13,13.45,12.54,0.92,749,151.1
39592,BossRushTier1,14.700003,IN Lv.14,15.07,14.38,0.69,987,123.9
39595,BRAVE ROAD,18.1,AT Lv.18,18.29,16.47,1.82,1434,151.0
39642,Recollect Lines,17.3,AT Lv.17,17.24,15.62,1.62,1879,168.5
39671,トラフィック・ジャム,14.900003,IN lv.14,15.53,14.4,1.13,1577,227.0
39686,月夜見,16.1,IN Lv.16,15.85,14.7,1.15,1202,143.0
39699,Loveit? (feat. LOLUET),14.800004,IN  Lv.14,13.6,13.02,0.58,609,134.2
39703,TIANTIAN(低配),14.600002,HL Lv.14,14.65,13.32,1.34,1170,239.5
39721,Samurai 45,15.0999975,IN Lv.15,14.6,13.23,1.36,1888,171.5
39741,Don‘t say lazy,16.3,AT Lv.16,17.07,15.34,1.73,2293,256.1
39746,再飞行,11.400005,IN,12.79,12.36,0.44,421,88.9
39748,crystallized,14.900003,IN Lv.14,15.37,14.15,1.22,1392,229.0
39777,Immaculate,17.1,AT  Lv.17,17.51,16.23,1.29,1795,187.3
39807,拂晓,8.0,FM Lv.8,9.82,8.34,1.48,1310,219.9
39809,Computer Cornflakes,16.0,IN Lv.16,16.03,14.96,1.07,1071,185.6
39842,Roland 01,14.0,Lv14,13.8,13.15,0.66,381,81.5
39843,ARES,15.1,IN Lv.15,14.92,14.02,0.9,930,112.6
39846,Space Walk,13.6,IN Lv.13.6,13.19,12.34,0.85,410,108.5
39858,25時の情熱,14.900001,IN  Lv.14,13.18,12.4,0.78,629,111.5
39862,Nuit Silencieuse,16.400002,IN  Lv.16,16.98,15.46,1.53,1873,162.8
39876,SELF,14.900003,IN LV.14,14.49,13.61,0.88,887,158.3
39881,Valhalla,15.0,AT Lv.15,14.94,13.62,1.32,1245,177.4
39905,Last Judgement,17.200005,AT Lv.17,17.95,16.24,1.7,1684,124.1
39916,NightTheater,15.800003,AT15,15.22,14.48,0.74,830,122.0
39917,Expectancy,15.500006,AT Lv.14,16.0,14.97,1.03,1259,138.1
39929,翠杜,15.800003,IN Lv.15,15.57,14.19,1.38,1676,141.2
39939,Androgynos (Full Ver.),16.2,IN  Lv.16,16.48,14.53,1.94,2550,285.9
39941,虚無さん,15.600002,IN Lv.15,15.79,14.23,1.56,1344,146.1
39961,Virtual World,13.099999,IN Lv.13,14.03,13.26,0.77,757,144.1
39962,white.roses,12.0,IN Lv.12,9.48,8.92,0.56,378,166.8
39968,ナイト・オブ・ナイツ,16.300001,IN Lv.16,15.78,14.58,1.19,1440,178.2
39982,DEUX EX MĀXHINĀ,17.300001,IN Lv.17,17.46,15.52,1.94,1601,113.7
39984,寰墟之叹,15.0,Universe Lv.0,15.26,14.24,1.02,875,113.2
39991,Test Me,8.0,lv.14.8,14.36,13.31,1.05,1318,184.0
40003,雨桜,13.400002,IN Lv.13,12.65,11.87,0.78,1076,283.0
40008,MAO！,13.700003,IN  Lv.13,13.74,13.17,0.56,415,93.9
40025,Sphalerite,13.900003,HD Lv.13,13.69,12.9,0.79,1121,146.1
40042,Cry for me,13.800003,IN Lv.13,14.41,13.15,1.26,928,273.2
40048,over.(feat.KYURO3),18.300001,over. Lv.∅,18.59,15.98,2.61,2247,268.7
40053,Empyrean,14.300001,IN Lv.14,14.09,13.22,0.87,888,112.3
40054,Class Memories,15.400002,AT Lv.15,14.86,13.8,1.06,1423,140.7
40075,Poker,14.399999,IN Lv.14,14.01,13.26,0.75,659,122.9
40081,雨之城,8.3,EZ lv.8,9.07,8.63,0.45,260,70.6
40113,Forbidden Area,16.1,IN Lv.16,16.27,14.88,1.39,1472,141.4
40123,DESPAIR,16.800009,DESPAIR,16.27,14.62,1.65,2400,309.1
40124,The Second Sanctuary,19.9,IN Lv.15,14.49,13.54,0.95,1082,163.2
40131,恋ひ恋ふ縁(以恋结缘),15.199997,AT Lv.15,15.22,14.39,0.84,829,99.6
40151,绝命舞曲,14.700001,IN Lv.14,15.4,14.27,1.13,1138,145.2
40153,"3,2,1!",13.0,IN  Lv.13,13.53,12.27,1.27,937,223.8
40156,Lyrith -迷宮リリス-,15.0,IN Lv.15,15.73,14.6,1.13,1109,142.4
40161,KAEDE,17.0,HT,16.34,14.58,1.76,3000,216.9
40163,ALL☆NIGHTER!,15.300005,AT,14.52,13.72,0.81,963,131.7
40167,Axeria,14.899996,IN Lv.14,14.03,13.4,0.63,666,98.3
40169,君の笑う聲,12.200001,IN 12.20,8.76,8.06,0.7,260,100.4
40178,あいしていたのに,17.2,AT Lv.17.2,13.55,12.12,1.42,1649,203.5
40189,Nekomimi Switch,10.0,Neko Lv.11,11.46,10.28,1.17,991,230.2
40194,寄明月,3.0,IN Lv.15,13.68,13.12,0.56,1100,204.9
40207,猫ミーム- feat.KAFU (人語ver.),12.8,IN Lv.12,12.57,12.03,0.53,479,72.9
40236,Dreamweaver,15.299999,IN,14.85,14.22,0.63,603,104.7
40343,stars we chase,13.700003,IN Lv.13,13.29,12.74,0.56,405,74.3
40344,MEGAHEARTZ,15.800003,IN Lv.15,15.95,15.07,0.88,932,111.6
40361,有明/Ariake,15.700003,AT  Lv.15,15.0,13.94,1.06,823,153.5
40384,ULTiMATE INFLATiON,18.000004,AT Lv.18,18.94,16.29,2.65,1950,117.7
40391,PANGRAMIST,16.500002,AT Lv.16,17.22,15.49,1.73,1704,138.6
40392,My Piano Is Escaping,15.900002,IN Lv.15,15.78,14.38,1.4,1524,138.0
40394,Lava Chicken,15.900003,AT Lv.15,16.28,15.32,0.96,1000,127.5
40396,STYX HELIX,15.0,IN Lv.15,13.92,13.31,0.61,710,93.4
40400,T氏の話を信じるな,15.0,IN LV.15,15.58,14.58,1.0,1045,149.4
40403,春嵐,16.600002,AT Lv.16,17.51,16.37,1.15,1187,150.3
40410,He asked me if I exercise and I said I play Wii Sports Resort,16.400002,AT  Lv.16,16.91,15.64,1.27,1469,127.9
40421,the story of the tap and the hold(4),16.5,RS Lv.16.5,16.06,15.03,1.03,1478,256.4
40454,AtoZ,14.5,In,15.78,14.7,1.08,1087,128.6
40465,春嵐,16.0,AT Lv.16,17.37,16.25,1.11,1175,150.3
40468,臙脂,14.900001,IN  Lv.14,14.27,13.22,1.04,777,157.9
40470,二十九分之一的幼稚犯,14.1,IN Lv.14,13.6,12.55,1.05,1026,202.1
40482,Lava Chicken,15.400002,IN Lv.15,15.17,14.2,0.97,789,127.5
40483,白夜梦,13.400001,Love Theory·Lv.13,11.53,10.77,0.76,550,147.4
40508,混沌ブギ,16.0,AT Lv.16,16.73,15.61,1.13,1260,141.5
40521,天灵灵地灵灵,15.2,MD  Lv.15,14.81,13.72,1.09,1017,137.9
40526,Hello(BPM)2024,16.1,IN Lv.16,17.72,15.62,2.1,2948,166.5
40534,云深不知处,14.0,IN Lv.14,12.22,11.33,0.88,666,175.3
40538,きゅうくらりん,16.300001,IN,16.59,15.05,1.55,1661,211.4
40550,Zavodila,15.400002,AT Lv.15,15.8,14.42,1.38,1800,195.9
40552,Particle Arts (What A Shino Frenchcore Edit),15.000019,IN Lv.?,16.39,15.39,1.0,1581,194.4
40555,Just so you know,12.0,IN Lv.12,13.55,12.62,0.93,570,158.7
40561,大风吹,12.000004,Wind Lv.12,12.18,11.21,0.97,620,220.9
40567,D/N/A,16.5,AT,15.61,14.13,1.48,1373,123.1
40574,MIRЯOЯ,15.500002,IN Lv.15,15.35,14.26,1.09,1190,117.7
40581,Dirty Work,14.200001,IN Lv.14,12.74,11.66,1.07,859,176.3
40587,Towards the 300,18.2,AT Lv.18,19.06,16.34,2.72,2232,129.6
40590,Inorganyx Prayer,14.0,IN Lv.14,15.33,14.18,1.15,964,144.0
40591,★Unraveling Stasis,16.4,IN Lv.16,16.01,14.76,1.25,1470,157.1
40618,Frozen Heart(instrumental),8.900001,HD Lv.8,13.9,13.09,0.8,700,163.3
40626,Hammer of Justice,15.0,IN Lv.15,14.76,13.93,0.83,824,131.4
40669,★Unraveling Stasis,16.4,IN Lv.16,16.01,14.76,1.25,1470,157.1
40683,CLOSE TO ME(Red Moonrise mix),15.1,IN Lv.15,11.31,10.75,0.56,405,63.4
40694,Kentucky Jelly,15.900001,Legacy Lv. 15,16.19,14.88,1.31,1727,158.2
40704,Last Kingdom,16.1,IN  Lv.16,16.66,15.79,0.87,1022,137.6
40717,天使にふれたよ!,13.0,IN Lv.13,13.29,12.35,0.94,850,168.8
40748,Bullet Hell,15.700003,IN  Lv.15,15.63,14.64,0.98,1097,152.5
40750,LiftOff,15.200001,IN Lv.15,14.98,14.14,0.84,1013,127.9
40775,Pixel City,15.900005,IN Lv.15,15.81,14.57,1.24,1108,124.2
40777,たぶん終わり,14.900001,IN Lv.14,14.48,13.57,0.91,986,171.0
40786,拂晓,13.0,IN Lv.13,13.97,12.54,1.43,1527,207.4
40812,FIRE BIRD (TV Size),15.0,AT  Lv.15,15.11,14.33,0.78,1110,133.3
40814,莫愁乡,12.999997,IN Lv.13,13.8,12.87,0.93,670,129.9
40816,撞地球,14.0,IN Lv.14,11.51,11.08,0.43,449,164.5
40832,しゃん・だら・りん♪,15.400002,IN Lv.15,15.1,14.12,0.99,888,131.8
40858,T氏の話を信じるな,16.6,A16  Lv.T,17.11,16.03,1.09,1100,155.2
40870,熱帯夜の祭り (feat. Pica),13.400002,IN  Lv.13,12.74,11.91,0.83,779,148.8
40880,Suicide!,15.300002,IN Lv.15,14.03,13.42,0.61,678,118.4
40905,FGV//MΞ,14.900001,IN Lv.14+,15.22,14.01,1.21,1194,168.1
40976,Vibing in the 20s,15.0,AT Lv.15,15.63,14.82,0.81,1080,161.9
40977,Neon Vortex,14.1,DF Lv.14,14.46,13.77,0.69,597,90.0
40981,Crossmythos Rhapsodia,18.0,AT Lv.18,18.59,16.41,2.18,2180,154.8
40994,Fractured Angel,17.000004,AT Lv.16+,17.39,15.72,1.67,2325,299.8
41008,董卓討つべし,15.200001,IN Lv.15,15.25,14.37,0.89,980,144.0
41014,Boundless Bliss (无垠无忧),13.2,IN Lv.13,12.03,11.49,0.54,456,115.7
41030,见到你真开心！,13.599999,IN Lv.13,12.86,12.08,0.78,404,98.3
41040,STARGAZERS,16.900003,AT Lv.16,17.14,15.64,1.5,1815,167.7
41043,テトリス,16.700006,IN Lv.16,14.96,14.2,0.77,994,139.1
41044,Bustling Night,9.999996,HD Lv.10,12.56,11.8,0.76,800,193.6
41051,雑踏、僕らの街,16.199999,AT.Lv16,17.19,15.41,1.78,2349,180.0
41076,私はあの花火大会に行かなかった,15.0,IN LV.15,14.52,13.99,0.53,781,161.0
41093,反乌托邦,15.600002,15,10.59,9.94,0.65,1259,140.0
41117,Friendship Through The Ages (Club Mix),15.300002,❤️MLP,13.51,12.23,1.28,1178,213.4
41132,Mystic Light Quest,15.400001,IN Lv.15,15.32,14.07,1.25,1300,198.0
41135,Ruined Lullaby,12.0,IN Lv.12,9.87,8.94,0.93,528,174.1
41153,はじまりの曲,14.0,IN Lv.14,13.78,13.32,0.46,576,90.6
41170,少女绮想曲~dream battle,15.0,IN Lv.15,15.36,14.37,0.99,1103,162.8
41186,B.B.K.K.B.K.K.,15.9,IN Lv.15,16.61,15.69,0.92,1034,113.6
41195,耀斑,15.200001,MN Lv.15,15.15,14.16,0.98,1495,182.6
41210,纳塔 Natlan,15.3,AT Lv.15,14.99,13.86,1.13,1406,279.9
41225,~ Redintegration ~割れた鏡,16.8,AT  Lv.16,17.19,16.14,1.06,1213,119.0
41228,Catch The Glory (Cut ver.),17.0,AT Lv.17,18.06,16.2,1.86,2372,189.7
41236,不可逆的運命ディストピア,17.600002,OLIVIER Lv.17,18.49,16.0,2.49,3436,221.4
41238,Villain Virus,16.400002,AT Lv.16,17.28,15.33,1.95,2496,263.3
41242,Apollo,18.0,AT Lv.18,18.18,15.94,2.24,2463,148.3
41243,初嵐,15.0,IN Lv.15,15.84,14.29,1.55,1675,224.5
41247,Sickkunt Hardstyle (Explicit),15.7,IN Lv.15,15.38,14.31,1.07,910,147.6
41253,Counting Stars,14.699999,IN Lv.14+,15.19,13.89,1.31,1518,253.1
41258,Destr0yer,11.499998,HD Lv.11,13.26,12.21,1.06,742,164.7
41267,Space Walk,6.0,IN Lv.13.6,13.41,12.57,0.84,411,108.5
41268,空飛ぶ猫,15.0,IN Lv.15,15.29,14.24,1.05,1366,191.4
41270,silly-willy-nilly,17.9,AT Lv.17+,18.21,15.76,2.45,2400,143.8
41271,Towards the Horizon,15.599999,IN Lv.15,15.32,14.16,1.16,1208,115.8
41276,おべんきょうたいむ,15.800003,IN Lv.15,15.12,13.89,1.23,1079,145.1
41279,蝴蝶,14.800003,IN Lv.14,13.75,12.48,1.27,940,199.0
41284,Ice Ginte-冰巨星,16.0,Legacy Lv.16,16.41,15.36,1.05,1200,176.0
41288,天火明命,14.0,IN Lv.14,14.58,13.64,0.93,950,133.9
41299,Error Code(VIP Mix),16.2,IN Lv.16,17.03,15.01,2.02,5555,187.3
41313,十拳剑,16.900003,AT Lv.16,17.47,16.14,1.33,1376,156.2
41335,The Third Sanctuary(Short ver.),14.0,IN lv.14,13.37,12.62,0.75,862,148.6
41346,夜、萤火虫和你,15.600002,IN Lv.15,15.12,14.01,1.11,968,173.0
41348,STARGAZERS,16.0,IN Lv.16,15.99,14.48,1.51,1634,167.7
41352,ゆけむり魂温泉 II,14.400002,IN Lv.14,14.71,13.89,0.82,1040,142.5
41359,らくらく安楽死,15.700003,IN Lv.15,13.96,12.96,1.0,910,157.7
41392,我不曾忘记,13.0,IN  Lv.13,12.34,11.33,1.01,750,225.8
41402,Grimheart,14.800003,AT Lv.14,14.24,13.47,0.77,644,122.5
41405,Neverending Night,15.1,IN Lv.15,13.88,13.38,0.51,808,97.7
41412,Kaleidoscope,15.0,IN  Lv.15,14.71,13.78,0.93,813,112.0
41416,莫愁乡,14.500002,AT Lv.14,14.3,13.41,0.89,860,117.3
41418,Megamix,16.800007,IN Lv.16+,18.37,15.75,2.61,5000,596.8
41424,Paper Dolls,15.600002,IN Lv.15,15.5,14.36,1.14,1374,168.0
41439,Connected Sky,15.0,AT Lv.15,14.08,13.37,0.71,797,108.3
41445,Selenotaxis,14.500002,IN Lv.14,14.57,13.84,0.73,697,145.7
41448,"G.V.N. (Glitter,Vomitus and Neon)",16.700003,AT Lv.16,17.46,15.7,1.77,1953,157.4
41473,A DARK ZONE,14.700003,IN Lv.14,14.89,13.88,1.01,850,123.6
41489,Per Aspera Ad Astra,15.900002,IN Lv.15,16.19,15.05,1.14,1383,129.1
41514,Babs Seed,13.500002,IN Lv.13,13.03,12.19,0.84,573,109.8
41518,ディア♡マイフレンド,15.1,IN Lv.15,14.36,13.56,0.8,735,119.3
41561,独りんぼエンヴィー,12.500003,IN Lv.12,8.89,8.48,0.42,213,72.9
41569,The King's Return,12.899998,HD Lv.12,13.15,12.48,0.67,648,121.5
41581,she,12.0,IN Lv.12,12.03,11.64,0.4,500,139.0
41603,DeadLocked,10.0,HD Lv.10,13.16,12.22,0.94,968,198.2
41615,T氏の話を信じるな (feat_ 初音ミク & 重音テト),15.0,TTT Lv.15,14.55,13.71,0.84,909,155.7
41616,Inverted World,15.600002,Inverted.15,15.78,14.95,0.82,1043,122.6
41617,アスノヨゾラ哨戒班,15.800003,IN Lv.15,15.27,14.1,1.17,1408,171.1
41623,HYPER SWEET,15.0,AT Lv.15,15.29,14.05,1.24,1355,204.0
41628,春嵐,16.699999,AT Lv.16,17.65,16.49,1.15,1180,150.3
41646,Far Eastern Flavor ,15.700003,IN,15.89,14.58,1.31,1337,133.9
41648,のじゃロリック,15.700003,IN Lv.15,14.9,14.01,0.89,831,125.6
41651,Sunset Journey,15.0,IN Lv.15,15.15,14.15,1.0,1264,206.7
41660,HumaN,15.800003,AT Lv.15,16.4,15.59,0.81,981,125.8
41667,VorpΛlize,13.900003,HD Lv.13,14.32,13.67,0.65,750,106.3
41673,VOID,15.5,IN Lv. 15,15.25,14.43,0.82,902,125.8
41695,Echoes Of Memoria,17.0,AT Lv.17,18.07,15.32,2.76,4012,366.7
41696,Spirits,13.600002,IN  Lv.13,13.43,12.17,1.26,1095,291.0
41697,Butterfly Twist,15.0,IN Lv.15,14.6,13.69,0.92,991,118.5
41768,チームメイト,14.2,IN  Lv.14 ,14.73,13.89,0.84,806,105.3
41770,Sakura Tears,14.900003,IN Lv.14,12.91,11.93,0.97,841,179.5
41789,色は匂へど散りぬるを,13.500001,IN Lv.13,13.62,13.2,0.42,406,92.1
41790,Love's Oracle,13.800003,IN Lv.13,13.46,12.9,0.56,541,100.2
41799,Broken Fruitz,16.0,IN Lv.16,16.09,15.02,1.07,1131,120.5
41801,Life is PIANO,12.800003,IN Lv.12,13.25,12.42,0.83,757,115.0
41822,壱雫空(Game Size),18.0,AT Lv.18,17.88,16.26,1.63,1172,87.1
41824,ZERO to INFINITY (Short.ver),14.500003,IN Lv.14,13.3,12.88,0.41,320,70.9
41850,雨·塔~Cactus's Resolve~,15.800002,IN Lv.15,16.25,14.89,1.36,1640,145.3
41877,World's end loneliness,16.2,IN Lv.16,16.1,14.97,1.14,1349,140.3
41892,From Nought,15.3,IN Lv.15,16.0,14.66,1.34,1110,123.1
41913,Ēvocator,16.9,RE  Lv.16,17.47,16.04,1.43,1642,138.7
41922,Swing Sweet Twee Dance feat.ななきなな,15.0,IN Lv.15,14.47,13.79,0.68,844,124.1
41923,アリア,14.7999935,IN Lv.14,14.9,13.6,1.31,1222,213.5
41926,PUPA (feat. Endorfin.) [Endorfin. remix],15.2,IN Lv.15,14.94,13.85,1.09,1032,148.5
41933,Bad,7.0,IN. Lv.14.7,14.61,13.71,0.89,937,165.5
41938,Heracles(Quree Remix),16.400002,IN Lv.16,16.26,15.03,1.23,1406,138.4
41947,Angel's Salad,16.0,AT  Lv.16,17.73,15.89,1.84,1639,133.8
41958,密码的周一,17.2,AT Lv.17,17.16,15.75,1.41,1354,121.8
41972,After School Dessert,14.800003,IN Lv.14,14.84,13.75,1.09,1111,120.0
41977,テトリス (feat.重音テト),16.700003,AT LV.16,17.46,15.87,1.59,1745,139.1
41992,Prophesy One,16.300001,AT LV.16,16.38,15.01,1.37,1450,124.4
41993,芳华慢,12.200001,IN Lv.12,10.61,9.44,1.17,607,199.1
42006,バケモノの唄,14.0,IN Lv.14,15.26,13.89,1.37,1333,226.7
42012,4nim0sity,13.900001,IN Lv.13,12.75,11.43,1.32,974,206.7
42019,希望有羽毛和翅膀,12.0,IN Lv.12,12.61,11.44,1.17,1000,222.2
42034,春日影 (CRYCHIC ver.),15.3,IN Lv.15,15.09,13.54,1.56,1460,248.8
42039,LaVI-Bavellabion,15.0,IN Lv.15,13.87,13.42,0.45,497,87.5
42049,Montagem Toma,15.0,RS Lv.15,14.65,13.82,0.84,726,115.2
42052,Elysium Rebellion,16.500004,AT Lv.16,17.52,15.96,1.55,1400,148.0
42053,Space Alien,15.900001,AT Lv.15,14.68,13.66,1.02,895,118.6
42069,ダイジョブですか？,16.2,IN Lv.16,16.66,15.39,1.27,1336,143.4
42074,Ice Ginte-冰巨星,16.0,Fixed Lv.16,16.34,15.31,1.03,1156,172.8
42080,SOC=0,13.899995,IN Lv.13,15.3,13.91,1.39,1113,132.0
42084,黒い翼の舞,17.0,AT Lv.17,17.64,16.19,1.45,1536,154.9
42095,World's end BLACKBOX,17.2,IN Lv.17,17.08,15.35,1.72,1580,154.4
42105,アリア,14.600002,IN Lv.14,14.51,13.16,1.35,1400,213.5
42113,Xaleid◆scopiX,18.400002,Re:AT Lv.18,19.03,15.57,3.46,4444,240.8
42117,Triple the Threat-[Bad Time trio Hard Mode],17.300001,AT Lv.17,16.75,15.89,0.86,1130,148.5
42138,乐园梦游记,15.0,IN,14.55,13.52,1.03,842,186.2
42141,We Won't Be Alone,15.300001,IN  Lv.15,14.4,13.57,0.83,904,217.0
42142,ViRTUS,16.1,AT Lv.16,16.22,15.15,1.08,1135,139.1
42146,Colorful Mess,14.300001,IN Lv.14,14.17,13.61,0.56,736,111.3
42147,片恋花舞,15.000002,IN Lv.15,15.37,14.36,1.0,1106,132.9
42167,Avataar ~ Reincarnation of Kalpa,15.600002,IN Lv.15,15.22,14.09,1.13,1025,161.7
42173,微光，于神游远方中遐想,15.0,LIGHT LV.15,14.82,13.35,1.47,1620,300.2
42178,Dance in Silence,17.0,AT  Lv.17,17.12,15.89,1.24,1933,204.8
42179,Revenant,16.0,IN Lv.16,16.48,15.01,1.47,1834,182.9
42181,N,17.400002,FD Lv.17,18.1,16.42,1.67,2237,235.9
42190,Möbius,17.0,AT Lv.17,18.37,16.3,2.07,1981,133.8
42204,Initial Light,17.1,AT  Lv.17,17.34,16.2,1.15,1263,149.1
42226,TOWER DEFENCE:PHASE1,13.799998,IN Lv.13,14.53,13.78,0.75,791,111.8
42236,珍珠,18.700006,SP Lv.?,17.08,15.7,1.39,1496,196.4
42238,恋せよ乙女！(恋爱吧少女！),13.600002,IN Lv.13,12.89,11.84,1.05,721,82.8
42241,MAGGOD,16.300001,AT Lv.16,16.51,15.18,1.32,1328,115.1
42246,Checkmate,14.2,IN Lv.14,14.55,13.49,1.06,1231,183.1
42274,Cross Fire（Extended Mix）,17.400002,AT Lv.17,17.78,15.95,1.82,2074,205.7
42290,けものになりたい,15.800003,IN.15,15.43,14.25,1.18,1322,185.6
42300,Tablets,15.0,IN Lv.15,15.22,14.38,0.84,1074,114.3
42309,Alfheim's faith,16.1,IN Lv.16,16.18,15.21,0.96,1038,130.5
42341,ヤンデレラガール,15.0,IN Lv.15,14.31,13.69,0.63,391,66.2
42344,Eternal Skyline,15.900003,IN,16.02,14.95,1.08,1082,144.3
42345,Ice Cream 少女,14.600002,IN,13.84,13.17,0.67,663,132.7
42356,ロキ,15.0,IN Lv.15,13.99,13.01,0.98,947,140.8
42364,Guardian,13.1,HD Lv.13,14.47,13.33,1.14,1225,222.4
42379,No-name Requiem,15.900003,IN Lv.15,16.33,14.88,1.44,1389,132.0
42406,銀河（feat.初音）,15.600003,HR Lv.15,14.8,13.66,1.14,1580,134.4
42450,末世論 ~混沌から産まれた思い~,16.0,IN Lv.16,16.31,14.89,1.42,1580,142.5
42506,It`s TV Time!,14.500002,IN Lv.14,14.92,13.97,0.95,1089,163.8
42508,超度 -Go Beyond-,16.200005,IN Lv.16,16.4,15.08,1.32,1531,146.0
42511,BOW AND ARROW,14.0,HD Lv.14,13.24,11.68,1.56,1523,169.7
42522,梦语,13.599997,AL,13.73,12.34,1.39,786,275.5
42526,sølips,17.300001,AT Lv.17,17.84,16.28,1.56,1281,137.5
42530,ビターチョコデコレーション,15.400001,IN  Lv.15,16.3,14.83,1.47,1616,187.9
42539,Hello! My World!!,15.500002,IN Lv.15,15.33,14.24,1.08,821,113.2
42544,削いで、,14.300001,IN Lv.14,13.08,12.19,0.89,836,184.5
42547,Blackbird,16.300005,RE:IN Lv 16,16.41,14.97,1.43,1709,209.7
42573,Flashdance,15.300001,IN Lv.15,14.95,14.22,0.73,808,118.2
42578,机械玩具,15.400002,AT Lv.15,15.84,14.82,1.02,892,135.7
42590,Destr0yer,11.500002,HD  Lv.11,10.54,9.62,0.92,793,164.0
42598,強風オールバック,14.0,IN Lv.14,13.64,12.6,1.05,825,131.1
42602,Estahv -六戒-,15.0,IN Lv.15,15.26,13.84,1.42,1061,155.3
42603,来，拍照啦！Let's Take a Photo!,14.5,IN Lv.March 7th,13.89,13.15,0.74,442,88.0
42616,【SW】NotToNotice();,15.900003,IN.15,16.36,15.18,1.18,1433,178.5
42628,I Wanna,17.9,AT Lv.17,18.18,16.28,1.9,1968,149.8
42630,电子迷宫,15.0,AT  Lv.15,14.96,13.96,1.0,837,118.6
42645,depression,9.0,hope.9,10.3,9.32,0.98,571,198.7
42660,荒诞儿戏,16.6,AT Lv.16,17.08,16.14,0.94,845,115.5
42663,That Girl(DJ Remix),15.0,IN Lv.15,14.48,13.02,1.46,1264,244.7
42667,I Really Want to Stay at Your House,13.0,IN Lv.13,14.36,13.14,1.22,1382,240.7
42684,T氏の話を信じるな,15.0,T Lv.15,15.4,14.55,0.85,1056,155.7
42698,Ghroth,16.200005,IN Lv.16,15.61,14.19,1.42,1378,142.1
42707,普通に岁をとることすら,11.200001,IN  Lv.11,8.92,7.8,1.12,657,262.3
42722,Cyber Solitude,17.500002,FD Lv.17,18.48,16.07,2.41,3324,244.8
42727,医生,12.999992,IN.13,14.22,13.05,1.18,1251,163.3
42730,Minecraft Lava Chicken (Original Game Soundtrack),14.500002, IN Lv.14.5,16.11,14.75,1.36,1020,127.5
42744,Disorder,16.100004,AT 16,17.19,15.99,1.2,1080,124.2
42763,Glacier,14.0,IN Lv.14,14.31,13.45,0.85,780,146.4
42782,樱之子,14.0,IN Lv. 14,14.58,13.39,1.19,1131,196.2
42785,でんでん心電図,14.999998,IN Lv.15,15.51,13.95,1.56,1705,260.5
42800,DX超性能フルメタル少女,15.800003,AT Lv.15,15.96,15.17,0.79,1000,111.3
42810,R.I.P.,15.900001,IN Lv.15,16.68,15.55,1.12,942,130.0
42830,卡农(摇滚版),16.700003,AT Lv.16,17.27,15.78,1.49,1700,146.4
42843,Forest Mixtape,12.2,12,11.53,10.91,0.62,345,126.4
42846,World's end loneliness,16.900002,AT ,17.19,15.58,1.61,1600,142.9
42852,莫愁乡,13.999997,T_T Lv.14 ,13.32,12.36,0.96,922,130.0
42867,Inverted World,15.600002,IN Lv.15,15.08,14.06,1.02,972,117.3
42869,C'Mon,15.0,IN Lv.15,15.19,14.22,0.97,1162,194.5
42870,Super Fructose 2.0,15.1,AT Lv.15,14.59,13.6,0.99,1119,174.2
42877,Through Patches of Violet,15.700009,IN Lv.15,15.34,14.18,1.16,1176,223.4
42879,Sense,14.400002,IN Lv.14,13.86,12.91,0.95,1475,165.8
42890,N,15.900003,IN Lv.15,15.66,14.31,1.35,1754,246.0
42891,生命性シンドロウム (feat. 初音ミク),17.500002,AT Lv.17,17.95,15.89,2.06,2778,219.9
42893,恶修女——永火熔铸,14.300001,IN Lv.14,15.22,13.93,1.3,1500,148.7
42903,竞速小英雄,19.6,IN LV.16,17.3,15.75,1.55,1689,179.8
42908,N,15.900003,IN Lv.15,15.66,14.31,1.35,1754,246.0
42914,但,16.5,草东街左转,15.87,15.1,0.76,1069,131.6
42915,Nxde,15.300001,IN Lv.15,14.46,13.14,1.32,718,173.7
42922,今はいいんだよ。/可以不再继续逞强了哦。,11.0,HD Lv.11,8.27,7.66,0.61,570,139.5
42942,Grin,16.0,AT Lv.16,17.22,15.76,1.46,1556,161.1
42947,WORLD RESET,15.0,IN Lv.15,16.24,15.01,1.23,1234,141.6
42948,Odysseus,15.500002,IN Lv.15,15.68,14.3,1.38,1197,141.8
42962,世界寿命と最後の一日(Live 花譜),14.8,IN Lv.14,15.22,13.94,1.27,1567,252.9
42975,Super Fructose 2.0,14.800003,IN Lv.14,14.34,13.19,1.15,1115,173.3
42982,Booths of Fighters,17.2,AT Lv.17,17.11,16.03,1.08,1234,111.9
42983,ouroboros -twin stroke of the end-,17.300001,AT Lv.17,17.56,16.01,1.55,1691,145.4
42984,Clinozoisite,17.900003,AT Lv.17,18.4,16.11,2.29,4417,323.7
43013,Satelite:memories,16.300001,IN Lv.16,15.96,15.02,0.95,1021,133.2
43024,洗牌(Live),15.900003,IN Lv.15,15.6,14.44,1.16,1139,145.7
43042,Cherry Pop,16.0,IN  Lv.16,15.24,14.03,1.21,945,137.5
43050,Journey's End,15.0,IN Lv.15,13.94,13.29,0.65,550,73.4
43052,B3611V,18.0,AT Lv.18,18.11,16.38,1.73,1893,171.1
43062,愛♡スクリ～ム！,14.200001,IN  Lv.14,14.09,13.3,0.8,710,165.0
43064,Ready?,14.900003,IN Lv.15,14.69,13.81,0.89,1080,128.0
43067,Thank you for dears,13.500008,IN.O-O,14.82,13.47,1.35,1546,283.4
43082,Time Stop,14.399998,IN.14,14.1,13.5,0.61,832,197.6
43098,せかいから____がきえるとき,15.599998,Disappear Lv.15,15.52,14.28,1.24,1877,210.6
43121,医生,15.0,IN.15,14.23,13.08,1.16,1290,163.3
43134,Bring it on,14.500002,FM,14.4,13.4,1.0,1025,181.5
43135,国立,5.0,HD  Lv.5,8.69,8.4,0.29,170,83.3
43144,Abatement,15.999998,IN Lv.16,15.96,14.64,1.32,1315,138.9
43151,Synthesis.,16.2,IN Lv.16,16.57,14.76,1.82,1925,194.7
43161,イルミナティ,16.0,IN Lv.16,16.45,14.68,1.77,1713,91.6
43175,Seven Deadly Sins,14.400001,IN,15.17,14.49,0.68,640,96.5
43184,ディスコルディア,18.2,AT Lv.18,18.15,16.54,1.6,1613,118.0
43191,Bad Apple!! feat.SEKAI,15.300001,AT Lv.15,16.16,15.28,0.88,1036,139.1
43192,珠玉,12.0,LK Lv.12,12.82,11.8,1.02,551,172.2
43205,Waiting For Love,10.0,IN Lv.13,12.98,12.12,0.87,777,218.2
43213,felys -final remix-,14.700003,IN  Lv.14,15.55,14.38,1.17,1070,152.5
43221,JUMP! BEAT! PLAY!,15.0,IN  Lv.15,14.23,13.54,0.69,958,120.5
43222,权御天下「2025官方重置版」,14.300001,IN Lv.14,14.39,13.08,1.31,1032,221.8
43227,寒晶的遐梦 Frigid Reverie,13.900003,IN Lv.13,14.44,13.63,0.81,444,66.5
43228,deadline chasers,17.0,Pinnacle Lv.17,17.23,15.37,1.85,1866,125.3
43238,Shelter,15.600002,IN Lv.15,14.59,13.3,1.29,1521,206.4
43239,Level Up,16.000004,IN Lv.16,16.45,15.37,1.07,1300,120.0
43273,MEGAMIX,17.300003,SP  Lv.?,18.52,15.8,2.72,5238,595.0
43277,World's end BLACKBOX,17.5,AT Lv.17,17.7,16.05,1.64,1705,157.3
43279,Super Fructose 2.0,13.400002,HD Lv.13,12.62,11.78,0.83,815,163.2
43286,焦作,14.8,IN,14.65,13.51,1.14,1397,206.3
43296,starlight,10.0,IN  Lv.X,10.51,9.3,1.21,1032,264.9
43310,Shall We Dance?,14.0,IN Lv.14,14.22,13.5,0.72,886,153.3
43319,thrinos;pygmalion,16.500004,AT Lv.?,16.33,14.95,1.38,1483,140.6
43332,chronos_visionia,15.6,IN Lv.15,15.1,14.12,0.98,1128,171.9
43345,Curly Wurly（万达广场）,12.6,IN Lv.12,13.43,12.81,0.62,470,88.8
43349,命に嫌われている。,16.400002,IN Lv.16,16.4,14.61,1.79,2494,269.1
43359,magnet,14.5,IN  Lv.14,13.38,12.63,0.75,715,117.4
43373,Astaroth,16.400002,16.4,16.93,15.45,1.47,1462,152.0
43389,限りなく灰色へ,14.500001,IN  Lv.14,14.49,13.76,0.73,711,97.7
43390,Next Time (full ver.),15.400002,AT Lv.15,15.09,13.87,1.22,1600,164.6
43402,Fly To Meteor (Milthm Edit),15.0,IN,15.3,14.64,0.65,1001,150.0
43404,すれすれ,12.6,IN  Lv.12 ,12.67,12.36,0.31,405,79.4
43417,净善的遐歌,13.6,IN Lv.13,13.9,13.4,0.51,514,118.2
43421,来世願幸,17.400002,AT Lv.17,17.32,16.26,1.06,1132,113.4
43424,雪愿,16.400002,16.4   4k,15.8,14.85,0.95,975,108.1
43430,"Boom, Boom, Boom, Boom!!",16.0,AT Lv.16,16.33,15.55,0.78,1033,140.4
43433,Sage,15.1,IN Lv.15,15.34,14.46,0.89,1180,141.0
43440,请不要带我走。,12.400002,IN Lv.12,11.62,11.0,0.62,534,122.9
43448,Raijin no Hidariude（雷神の左腕）,14.0,IN Lv.14,14.41,13.63,0.78,821,124.3
43455,冥,18.0,AT Lv.18,18.4,16.57,1.83,1610,120.1
43466,Helios,15.0,IN Lv.15,15.22,14.04,1.18,1417,232.0
43489,Fight Against the Past,1.0,TB.1,19.18,16.21,2.97,6492,337.9
43492,丢手绢,13.700001,FEN Lv.13+,14.04,12.97,1.07,388,45.3
43495,ω4,16.6,IN Lv.16,16.93,15.52,1.41,1393,157.3
43496,Steve's Lava Chicken (Camellia Remix),16.0,AT Lv.16,17.0,15.79,1.2,1000,86.6
43524,私はあの花火大会に行かなかった,14.200001,IN Lv.14,14.28,13.64,0.64,923,161.6
43532,OperationD (xi Remix),17.0,AT 17,17.47,15.37,2.1,3240,318.9
43534,Static ft. Hatsune Miku,14.2,AT Lv.14,14.04,13.38,0.67,505,76.1
43545,空の箱(feat.nina),4.0,IN 14.4,14.03,13.37,0.66,512,90.8
43548,Chaotic Time Trio Phase1,15.0,IN Lv.15,14.38,13.1,1.28,2025,256.6
43551,gentleman（鸟叔）,15.0,AT Lv.15,14.81,13.74,1.07,1100,167.6
43573,otherside,14.700003,IN Lv.14,14.08,13.25,0.82,977,166.9
43586,忙シー日,15.900001,SP Lv.ユユユ,15.57,14.44,1.13,1476,147.1
43587,ALL☆NIGHTER!,15.0,AT Lv.15,15.36,13.92,1.44,1746,131.7
43593,独角戏 Monodrama,13.0,,14.35,13.46,0.89,455,77.4
43601,World's end BLACKBOX,17.2,AT Lv.17,17.26,15.81,1.45,1415,157.2
43636,无责任集合体,14.699999,IN Lv.14,14.87,13.79,1.08,1188,202.9
43640,Sun,13.099999,IN Lv.13,13.41,12.54,0.87,763,198.8
43645,AFTER PANDORA,14.0,IN Lv.14,13.63,12.88,0.75,646,136.2
43648,GlAiMfEe,15.0,IN Lv.15,14.38,13.89,0.49,451,61.9
43660,Alastor,17.199999,IN Lv.17,16.24,14.95,1.29,1492,146.8
43663,#curtaincall 1.3x,18.0,AT Lv.18,18.43,16.09,2.34,1603,93.9
43673,RE Aoharu,14.0,IN Lv.14,14.33,13.55,0.77,826,122.5
43685,Wake(short ver.),12.0,IN Lv.12,13.37,12.77,0.6,685,146.8
43706,拂晓,10.0,10,14.24,12.91,1.32,1820,196.9
43725,+ERABY+E CONNEC+10N,17.600002,AT Lv.17,17.88,16.02,1.86,3000,282.8
43729,Inherited World,16.7,AT Lv.16,16.75,15.7,1.05,1323,135.0
43746,Chaotic Time Trio Phase3,16.0,AT Lv.16,17.42,15.33,2.08,3227,391.8
43761,星耀 【交锋】-Stars Shine 【Confrontation】,17.0,AT Lv.17,17.49,15.89,1.6,2413,225.6
43762,Traveling Light,5.0,IN  Lv.13.5,12.04,11.32,0.71,432,116.9
43770,燎沉香,14.0,IN,13.36,12.48,0.88,839,122.2
43771,Dead Angel,15.600002,IN.15,15.88,14.67,1.2,1295,146.3
43776,蜃楼,8.099998,HD,11.55,10.32,1.23,929,198.6
43783,Witch's Curse,15.700003,IN Lv.15,15.62,14.66,0.96,1250,116.9
43794,イガク,15.0,SP Lv.?,14.92,13.97,0.96,1000,114.4
43795,哈索尔 (雪狐x黎歌 翻唱),14.6,IN  Lv.14,15.65,14.18,1.47,1660,217.4
43808,いますぐ輪廻,16.0,IN Lv.16,15.55,14.8,0.75,906,119.6
43838,Sky Blue（天蓝色）,15.500024,IN Lv.15,12.86,11.75,1.11,1176,177.5
43840,星降る夜と一輪の花,16.800003,AT Lv.16,16.3,15.13,1.18,1452,156.4
43843,Bad Apple!! feat.SEKAI,15.300001,AT Lv.15,16.16,15.28,0.88,1036,139.1
43844,超ナイト・オブ・ナイツ,16.0,IN Lv.16,16.47,15.3,1.18,1166,123.4
43850,Unlimited Hyperlink,16.400002,IN Lv.16,16.73,14.67,2.05,2700,186.2
43859,My Sunset,15.300001,IN Lv.15,14.37,13.58,0.79,860,146.8
43861,Calling Out,16.800001,AT Lv.16,16.75,15.21,1.54,2090,184.4
43864,il ventod'oro,14.0,AT Lv.14,14.77,13.86,0.91,834,104.0
43880,macro.wav,14.900001,IN Lv.14,15.63,14.4,1.23,999,117.2
43890,生きる,11.1,IN Lv.11,10.14,9.78,0.36,358,91.1
43899,熱中症になりたいな,16.0,AT Lv.16,14.9,14.02,0.88,795,102.5
43902,Fly of Beelzebub,16.500002,IN Lv.16,17.04,15.65,1.39,1320,129.0
43905,D/N/A,14.900003,IE Lv.14,14.23,13.3,0.92,912,116.4
43928,恋ひ恋う縁,14.9,IN Lv.15,14.59,13.64,0.96,687,100.6
43948,Seasons,16.2,AT Lv.16,16.12,14.23,1.89,2888,189.3
43979,Mutation,17.1,IN Lv.17,17.15,15.52,1.63,1607,137.9
43998,ヒロイン (nakotanmaru ver.),15.0,ヒロイネ Lv.15,14.98,13.73,1.26,1500,245.5
44002,HECATONCHEIR,15.300001,IN Lv.15,15.62,14.56,1.06,1184,140.7
44058,Arrhythmia to Wonderland,15.3,IN Lv.15,14.49,13.67,0.83,724,118.6
44068,OutBreaker,15.0,IN Lv.15,14.49,13.45,1.04,1156,195.0
44070,かごめかごめ,14.1,IN Lv.14,14.09,13.2,0.89,1126,172.8
44074,月与十六夜,17.000004,AT Lv.17.?,17.44,15.62,1.82,2665,219.8
44078,to soar,15.300001,IN Lv.15,15.43,14.36,1.07,1039,128.0
44083,NeruNeru-Chan travels to the Luminous Stars!,17.00001,AT Lv.17,17.33,16.02,1.31,2025,287.5
44088,Assumptions,14.3,IN Lv.14,14.66,13.55,1.12,1107,209.0
44091,Child's Play(Awe Remake),16.6,PA Lv.?,16.88,15.68,1.2,1411,188.7
44118,Little Rabbit and Deliverance,19.0,AT Lv.19,19.11,15.77,3.34,3522,183.4
44127,天天天国地獄国,13.900001,IN Lv.13,14.15,13.21,0.95,1027,219.4
44128,狱火焚天Inferno Combusts II（part1）,13.0,HD Lv.13,15.44,13.92,1.52,2120,323.6
44150,那年盛夏,15.0,IN Lv.15,12.14,11.36,0.79,529,130.2
44170,Gloomy Flash,14.400001,IN Lv.14,14.69,13.75,0.95,1107,159.8
44184,That Girl,16.6,AT Lv.16.6,14.67,13.48,1.19,888,168.7
44187,イイナ祭 ,13.900001,IN Lv.14,13.62,13.09,0.53,438,77.6
44194,Cotton Candy Soda,12.900001,IN Lv.13,14.13,13.22,0.92,781,145.9
44198,MVURBD,15.700003,IN Lv.15,15.42,14.3,1.12,1364,164.6
44204,黎命に殉ず,17.900005,AT Lv.17,17.81,16.33,1.48,1588,139.5
44223,Wolves Standing Towards Enemies,16.800003,IN  Lv.16,17.18,15.51,1.67,1568,162.1
44231,ω4,17.1,AT Lv.17,17.21,15.98,1.24,1389,157.0
44233,AKAGE,15.0,IN Lv.15,13.7,12.96,0.74,662,133.8
44252,Bring Back The Summer,14.800002,AT Lv.14,13.59,12.22,1.36,1000,211.4
44259,赤壁、大炎上！！ (feat. おもしろ三国志),17.0,AT  Lv.17,17.21,15.34,1.87,2574,158.7
44263,山海,12.8,HD,13.23,12.1,1.13,774,221.4
44265,Ragnarok,10.0,ECHOES OF EXTINCTION,18.44,15.95,2.49,4000,318.0
44271,Down to the Chords,16.700003,AT Lv.16,16.91,15.22,1.69,1894,193.5
44273,夜に駆ける,16.000004,IN Lv.16,15.73,14.82,0.91,1099,142.4
44296,My Wonderland,13.799999,IN Lv.13.8,14.05,12.95,1.1,983,134.1
44315,Kyoto,13.800003,IN Lv.13,14.85,13.6,1.24,1185,200.7
44338,IOR,16.0,NOTE Lv.16,16.17,15.09,1.08,1134,113.6
44340,Infinity Heaven,16.2,AT Lv.16,16.68,15.91,0.76,1150,146.8
44342,高潔なる教皇,14.0,IN Lv.14,14.25,13.42,0.83,839,153.0
44344,WATER,15.0,AT Lv.15,14.85,14.12,0.73,877,138.7
44358,The Journey,12.600002,IN    Lv.12,9.8,9.47,0.33,220,118.4
44396,willed,15.0,IN Lv.15,15.05,14.18,0.87,883,123.8
44400,With a Wish-《地缚少年花子君 第二季》TV动画片尾曲,10.0,IN,10.13,9.37,0.76,344,86.8
44407,但,16.7,AT  Lv.16,17.09,16.06,1.03,1223,136.1
44409,Kentucky Jelly,16.2,EX Lv. 16,15.85,14.56,1.29,1484,158.2
44418,RoquiRa：Between Life and Death,17.700003,AT Lv.17,18.54,15.52,3.02,6558,640.5
44421,Crucified,13.0,IN Lv.13,11.94,11.24,0.71,528,90.7
44423,被世界抛弃的孩子,20.0,8*2,15.19,13.99,1.2,1195,194.8
44450,嘿咻狂想曲,11.600002,IN Lv.11,9.81,9.51,0.31,225,64.0
44455,T氏の話を信じるな,15.700003,IN Lv.15,15.07,14.21,0.87,976,155.7
44469,云女孩(Happycore Mix),16.600002,IN Lv.16,17.31,15.99,1.33,1400,148.5
44514,Broken Starlight,14.400002,FM Lv.14,13.81,13.3,0.51,555,69.3
44520,茉子の日常,15.500002,AT Lv.15,16.06,14.78,1.28,1290,141.0
44524,Crucified,14.100004,IN Lv.14,14.47,13.6,0.86,983,188.9
44529,Enjoy the Ride,14.0,IN Lv.14,13.94,13.17,0.77,761,143.8
44535,Magical Flavor,13.900003,IN Lv.13,14.31,13.4,0.91,695,120.0
44542,Rabbit in The Black Room,16.900002,16.9999,17.78,15.74,2.03,1493,124.7
44577,霜雪千年,13.0,IN  Lv.13,13.85,12.74,1.11,900,233.1
44579,Eviternity,18.0,ST Lv.18,18.05,16.22,1.83,2045,184.6
44584,Ruin in Cascade,18.0,REBORN,18.61,15.8,2.8,4900,304.7
44600,桃源郷で救済を（桃源乡的救济）,12.800007,IN Lv.13,14.08,12.51,1.57,1230,263.0
44602,悪ノ召使,15.0,AT Lv.15,13.53,12.88,0.66,696,133.2
44604,Aphasia,1.4000002,lN Lv.14,13.5,11.91,1.6,950,200.6
44628,Eutopia,11.700003,IN Lv.11,9.55,8.32,1.23,777,278.2
44632,T氏の話を信じるな,15.700003,IN Lv.15,15.06,14.19,0.87,982,155.7
44649,レイル・ロマネスク (Rail Romanesque),13.0,IN Lv.13,13.51,12.14,1.36,1493,250.1
44651,天火明命,14.800003,IN Lv.14,14.82,13.95,0.87,873,133.9
44657,終の舞姫,17.400002,AT Lv.17,17.27,15.79,1.48,2085,175.8
44669,BWLAUTE BEIRRD,15.500001,Re:AT Lv.15,16.09,14.63,1.46,1969,226.6
44677,ALL☆NIGHTER!,16.800003,AT Lv.16,17.58,15.68,1.9,1755,132.0
44684,好きだから。,14.000009,IN,15.22,13.68,1.54,1825,288.4
44688,Antler,10.0,AT Lv.7?,12.51,11.27,1.25,1314,196.5
44693,neu,18.0,AT Lv.18,18.03,16.74,1.28,1177,106.1
44696,嘿咻狂想曲,12.0,IN Lv.12,9.17,8.88,0.29,227,64.0
44699,希望有羽毛和翅膀,13.4,IN Lv.13,12.96,12.07,0.89,656,221.1
44705,Xaleid◆scopiX,18.2,AT  Lv.◆,18.74,16.2,2.54,3636,251.5
44732,祭月夜,13.900003,IN Lv.13,13.89,12.85,1.04,888,121.8
44734,Hope Alive (ys8),16.0,IN,15.62,14.59,1.03,1051,110.7
44737,GOAT!,13.600002,IN Lv.13,12.53,11.57,0.96,542,126.7
44743,macro.wav,14.599995,IN Lv.14,15.55,14.34,1.21,1105,128.7
44745,感傷生命,13.200005,IN Lv.13,12.57,11.46,1.11,1098,201.2
44746,钢琴,7.0,EZ Lv.7,10.69,10.35,0.35,232,76.6
44774,Eventide,14.900003,IN Lv.14,14.65,13.53,1.13,1423,198.5
44807,臙脂 ft. 重音テト,14.0,IN Lv.14,14.61,13.81,0.8,864,157.2
44830,Like A Flower,15.599999,IN Lv.15,14.38,13.2,1.18,1175,185.4
44844,エイリアンエイリアン,15.499996,Lv.？,15.24,13.74,1.5,1630,176.5
44852,"the end of this world, and the girl who crossed the moon's oceans.",15.1,Insane Lv.Ø,15.25,14.42,0.83,894,181.9
44854,Latitude,15.1,IN Lv.15,15.16,13.98,1.17,1103,138.7
44856,群青シグナル,16.0,IN Lv.16,14.43,13.5,0.93,1071,148.4
44859,IGNITE,15.700003,IN Lv.15,15.13,14.11,1.02,1116,151.6
44862,Alpharise,17.1,AT Lv.17,17.09,15.63,1.47,1977,224.0
44874,I Wanna,17.0,OLIVIER Lv.17,17.86,16.37,1.49,1560,149.8
44879,破旧世界（最终）,14.5999975,IN Lv.14,13.58,12.81,0.77,579,110.3
44914,八重回归 • 伪,14.600002,return Lv.14,14.07,12.89,1.18,907,200.4
44917,The Second Sanctury,15.400001,AT Lv.15,12.44,11.54,0.89,1110,163.1
44919,Skyfall,15.700003,AT Lv.15,16.94,15.81,1.13,929,124.6
44923,匿名M,14.999999,,15.15,14.24,0.91,1031,152.7
44930,四海五洲,15.099999,LV.15/SP,14.03,13.47,0.56,781,127.5
44934,Nyarlathotep's Dreamland,17.0,AT Lv.17,17.81,15.9,1.9,1816,144.3
44971,Sphalerite,15.600002,IN Lv.15,16.05,14.94,1.11,1380,146.1
44980,月下繚乱 ~2022 Re Master~,15.400002,AT Lv.15,15.21,14.28,0.93,1087,137.1
44985,the Tower of NIRV(ニルヴの心臓),17.500002,AT Lv.17,17.72,16.11,1.61,1587,161.2
44989,Spark!e,15.399998,AT Lv.15,16.86,15.92,0.94,877,112.9
44992,Dear Farthest You,18.900003,AT Lv.18,18.96,17.27,1.68,1314,111.6
45005,Campanella,17.0,AT Lv.17,17.64,16.12,1.52,1436,130.0
45015,Hello(BPM)2025,10.0,BBC第三届2nd,16.93,14.96,1.97,3441,191.5
45037,Dark Sanctuary,13.0,IN Lv.13,10.47,9.91,0.56,280,94.7
45039,Innocent white,16.0,IN Lv.16,15.62,14.71,0.91,970,121.7
45041,虚無さん,10.0,FM  Lv.¿,15.46,14.09,1.37,827,137.7
45057,百九十,16.0,IN Lv.16,15.6,14.28,1.31,1400,180.3
45067,Lost Umbrella,14.299998,IN,14.8,13.87,0.93,1126,174.1
45076,嘘,11.0,IN Lv.11,8.46,8.18,0.27,349,115.7
45087,MARENOL,16.300001,AT Lv.16,16.46,15.21,1.25,1000,140.1
45094,REVΘCATE,16.00001,IN Lv.16,15.75,14.74,1.0,935,114.7
45129,INTERNET YAMERO,17.0,やめろ Lv.?,17.68,15.85,1.83,3014,228.6
45130,㋰責任集合体,14.0,IN.14,15.31,14.11,1.2,1111,200.7
45140,Pastel Lines,9.800003,HD  Lv.9,11.29,10.75,0.54,451,96.0
45162,VorpΛlize,16.2,IN Lv.16,16.05,14.97,1.08,1059,106.1
45174,Tigris,16.2,AT Lv.16,17.21,15.51,1.7,2000,189.7
45183,わるぐち,15.1,IN Lv.15,16.19,14.57,1.62,1892,332.7
45185,Last Dance,14.0,IN Lv.14,14.76,13.77,0.99,1175,188.9
45196,大东北是我的家乡(DJ何鹏版),13.900001,东北 Lv.带π,14.04,12.92,1.13,1050,241.9
45200,いますぐ輪廻,13.0,IN Lv.13,12.9,12.47,0.43,643,119.6
45220,Nightingale,15.700003,In15,15.93,14.57,1.35,1550,161.2
45261,星と僕らと (tofubeats Remix),15.0,AT Lv.15,14.79,13.51,1.27,1257,220.4
45273,divine,6.0,AT 13.6,12.02,11.08,0.94,630,133.8
45280,みちしるべ（路标）,12.000001,SP Lv.12.0,9.86,9.41,0.45,296,85.3
45307,罗小黑战记ED,13.5,MT 13,12.41,11.77,0.64,148,30.6
45308,ヒステリックナイトガール,15.2,IN Lv.15,15.23,13.89,1.34,1603,214.2
45316,萤火虫の怨,13.2,IN Lv.13,12.62,11.98,0.64,811,148.5
45322,アスノヨゾラ哨戒班,14.5,IN Lv.14,15.46,14.15,1.31,1428,176.4
45323,Devotion,15.0,AT  Lv.15,15.22,14.23,0.99,935,143.7
45324,Poet of the Stars,14.300001,IN Lv.14,14.73,13.4,1.34,1265,228.0
45342,游乐园-The Amusement Park,13.0,IN Lv.13,13.19,12.83,0.37,507,89.8
45346,Invisible Frenzy,17.1,AT Lv.17,17.24,15.79,1.46,1486,131.3
45360,雨露霜雪,17.300001,AT Lv.17,17.19,15.64,1.55,1674,147.8
45365,CrossFire Hard Arrange,14.900002,INSANE Lv.14,14.69,14.02,0.67,826,128.1
45366,勋章,11.0,IN  Lv.11,10.47,9.37,1.1,423,177.1
45380,雨之城,12.200001,IN Lv.12,9.41,9.03,0.38,213,71.6
45388,反乌托邦,13.300001,IN Lv.13,15.02,14.18,0.85,802,140.3
45394,Avantgarde,16.800003,AT Lv.16,17.22,15.75,1.47,1630,142.9
45403,LIFE,15.900003,AT Lv.15,15.14,14.04,1.09,1219,205.1
45415,Lost Civilization,14.899997,IN  Lv.14,14.8,13.98,0.82,980,118.5
45431,M1LLI0N PP,18.0,AT Lv.18,18.46,15.37,3.09,5500,419.3
45445,インドア系ならトラックメイカー,17.0,AT  Lv.17,16.82,15.73,1.08,1182,186.6
45451,MOTTAI,14.300001,IN Lv.14,14.55,13.49,1.07,1198,152.9
45479,Anlter,16.2,AT Lv.16,16.63,15.28,1.35,1827,199.8
45499,星になる,15.0,IN Lv.15,14.56,13.49,1.06,1205,213.3
45520,NECROPTOSIS,17.600002,AT Lv.17,16.95,15.23,1.72,3280,337.2
45534,ラビットホール,16.800003,New Lv.16,16.79,15.47,1.32,1506,156.9
45535,SIGMA,17.300001,AT Lv.17,17.12,15.84,1.28,1500,184.7
45545,ハルトキ～Spring Moment～,15.700003,AT Lv.15,15.52,14.95,0.58,632,86.5
45548,Utopiosphere -Platonism-,16.0,AT Lv.16,13.89,12.96,0.93,1000,114.6
45560,八重回归（伪）,13.700003,IN Lv.13,13.73,12.5,1.23,792,183.1
45563,Coming True,16.2,AT 16,16.12,15.07,1.05,1353,175.3
45564,Akasagarbha -reincarnate-,16.600002,AT Lv.16,17.25,16.16,1.09,1024,108.4
45574,R,15.800003,IN Lv.15,15.44,14.33,1.1,1150,138.7
45580,食通万物 修心修身,15.400005,IN Lv.15,14.56,13.22,1.34,1141,200.5
45603,Paparazzo,15.0,IN Lv.15,14.92,13.59,1.33,1488,183.8
45608,Cast Me A Spell,14.0,IN Lv.14,14.0,13.2,0.8,646,126.2
45615,ノマド (Nomad),12.0,IN Lv. 12,12.89,12.38,0.51,290,72.2
45619,囍,13.0,IN Lv.13,13.05,11.83,1.23,1531,203.3
45634,The finai:Posthumous[终幕 遗信],15.200001,IN 15,15.04,14.23,0.81,771,109.1
45643,Beyond The Timeline,14.0,IN Lv.14,15.17,14.21,0.96,1170,155.2
45651,耀斑,17.400002,AT Lv.17,17.88,16.02,1.86,2482,189.2
45664,Next Time,13.8,IN 13,13.84,13.11,0.73,802,153.6
45671,Glitched World,15.200001,AT Lv.15,14.01,13.42,0.58,583,161.1
45672,One Last Time,15.1,IN  Lv.15,14.95,13.71,1.24,1143,219.4
45692,人生有梦,14.0,兰,13.04,11.85,1.19,1314,220.6
45693,月夜見,15.0,IN Lv.15,15.29,14.15,1.14,1009,141.7
45696,Pastel Lines,14.0,IN Lv.14,14.38,13.78,0.6,631,102.4
45716,晚安喵,12.0,FM Lv.12,10.63,9.85,0.78,384,111.5
45719,†KRUSHDAFIGHT!†,15.0,IN Lv.15,14.66,13.88,0.78,777,130.6
45727,Total Eclipse of The Sun,18.0,AT Lv.18,17.91,15.96,1.95,2229,126.0
45729,Love Kills U,12.600005,HD Lv.12,13.64,12.68,0.96,713,133.3
45745,MORNINGLOOM,14.8,IN 14,15.12,13.93,1.2,1258,131.2
45747,Ré：Ré,16.0,IN Lv.16,17.06,15.45,1.61,1403,129.6
45748,高潔なる教皇 (高洁的教皇),13.600002,IN Lv.13,13.09,12.46,0.63,739,152.1
45755,Never End,12.600002,HD Lv.12,13.43,12.97,0.46,616,133.6
45756,モ ミ ア ゲ ヲ シ ャ カ ア ゲ ヲ (搓搓炸鸡摇摇炸鸡),14.000001,IN.14,16.92,15.61,1.31,1204,187.1
45758,I love you so,15.0,AT Lv.15,12.68,11.56,1.12,687,144.5
45767,老张,11.0,14.514,15.94,13.72,2.22,1697,216.8
45797,Art For Rest,15.500002,IN Lv.15,15.59,14.42,1.17,1383,182.0
45798,Kaguya,15.799995,IN Lv.15,15.72,14.79,0.93,1331,145.5
45808,Super Nova,14.499999,IN Lv.14,14.53,13.63,0.9,927,151.8
45809,ONESELF,15.400002,IN,15.57,14.55,1.02,1239,119.2
45812,四下无人,14.299997,IN Lv.14,12.72,11.75,0.97,984,155.6
45813,バベル,15.200001,IN Lv.15,14.84,13.92,0.92,1007,144.5
45828,ただ君に晴れ,14.600002,IN Lv.14,15.25,13.77,1.48,1608,194.6
45829,アイディスマイル,13.700003,IN Lv.13,13.75,13.06,0.7,743,125.3
45847,把回忆拼好给你,15.0,IN Lv.15,15.37,14.11,1.26,1823,278.4
45855,My Soul,14.500002,IN Lv.14,12.39,11.0,1.38,708,231.1
45864,Braved Night,14.0,IN Lv.14,14.93,14.07,0.86,659,118.6
45878,.residue,20.0,UT.15,15.57,14.21,1.36,1971,241.0
45881,p.h,15.5,AT  Lv.15,15.86,14.36,1.5,632,104.8
45888,"Too Horny to Live, Too Dead to Cum",15.400001,IN Lv.15,15.66,14.6,1.06,1241,162.0
45916,Lava Chicken,14.300001,IN Lv.14,14.78,13.85,0.93,844,127.5
45917,チルノのパーフェクトさんすう教室,15.200001,IN  Lv.15,15.41,14.37,1.04,1060,120.3
45941,JUMP！BEAT！PLAY！,20.0,IN Lv.14,14.06,13.33,0.73,720,127.4
45948,SUPER EMULATOR [feat. HiTNEX-X],16.1,AT Lv.16,17.16,15.8,1.36,1830,168.4
45951,ほしのおとしもの,16.7,AT  Lv.16,16.73,15.91,0.82,1000,127.6
45965,Paradoxes,14.0,IN,13.37,12.52,0.84,563,88.9
45972,Dance and Fall in Love,13.7,IN Lv.13,13.86,13.16,0.7,605,130.8
45974,第57次取消发送,13.8,孤单 .Love 13,12.59,11.55,1.04,520,154.8
45976,心予報,13.400002,IN Lv.13,13.51,12.88,0.64,521,110.3
45980,Operation,16.0,AT Lv.16,16.94,15.89,1.05,1022,110.7
45981,七帷的暮雨,14.1,IN Lv.14,14.56,13.69,0.87,491,65.6
46010,Don't Fight The Music (retry ver),16.0,IN LV.16,16.2,15.03,1.17,1349,156.0
46015,あなたのチ○コは何センチ？,9.099997,SP  9cm,10.94,10.26,0.68,300,72.7
46016,Wasted(Nightcore),14.7,IN Lv.14,14.63,13.62,1.0,795,132.1
46023,妄想感傷代償連盟,13.900001,AT Lv.13 ?,8.69,8.22,0.47,547,248.7
46036,悬溺,10.0,HD,12.3,11.35,0.95,537,189.8
46038,明日への扉 (通往明天的门),14.0,IN Lv.14,15.15,13.72,1.42,1749,324.2
46058,Maybe One Day,13.0,IN Lv.13,11.93,10.86,1.07,1280,149.8
46064,STAR☆BURST,14.699999,IN.Lv.14,16.13,14.94,1.19,1324,135.4
46065,领主,11.700001,IN Lv.11,9.45,9.14,0.32,190,58.4
46067,人マニア,15.500002,IN Lv.15,15.02,13.62,1.4,935,121.0
46069,7th Avenue,10.0,sp Lv.???,14.43,13.68,0.76,713,135.0
46074,天天天堂地獄國,14.799998,AT Lv.14,14.68,13.32,1.37,1637,217.7
46088,室内系的TrackMaker,16.2,AT Lv.16,16.29,14.94,1.35,1764,194.1
46094,いますぐ輪廻,14.0,IN Lv.14,13.76,13.27,0.48,639,120.0
46100,Lost Frequency,16.900003,AT Lv.16,17.48,15.92,1.56,2342,261.5
46102,Dear My Waker,14.1,IN Lv.14,14.19,13.61,0.58,542,96.0
46103,めんどくさいモード,15.000004,IN Lv.15,15.23,14.19,1.05,1326,131.7
46109,ALL!!!,15.400002,IN Lv.15,14.85,13.73,1.13,1082,106.3
46145,抑郁症,13.7,13,15.04,13.5,1.54,1466,206.4
46146,夏烟火-道正,14.1,Daozheng,11.37,10.09,1.28,787,221.1
46168,QZKago Requiem,15.900001,IN Lv.15+,16.17,15.19,0.98,1146,136.0
46172,VEZZELiX,16.0,AT Lv.16,16.07,15.03,1.04,1242,122.5
46175,４２２,16.500002,AT Lv.16,17.08,15.93,1.15,1186,111.2
46188,アマデウス,15.0,IN Lv.15,14.13,13.3,0.83,743,89.3
46190,バブルの素敵なフルコース,13.900003,HD Lv.14,13.28,12.38,0.91,592,123.3
46195,芽,10.0,10,8.89,8.11,0.78,246,182.5
46200,DooM∞LighT,17.500002,AT Lv.17,17.94,15.82,2.12,2333,142.3
46201,CrossFire Hard Arrange,16.0,AT  Lv.16,15.47,14.88,0.59,928,125.6
46210,ちっちゃな私 ,14.300001,IN Lv.14,13.6,12.08,1.52,999,224.9
46218,エンパープル,15.6,IN Lv.15,14.49,14.05,0.44,601,111.9
46219,第57次取消发送,13.0,孤单 .Love 13,12.59,11.55,1.04,520,154.8
46226,Singularity,15.500001,IN Lv.15,15.07,14.04,1.04,1313,222.0
46227,ハローセカイ,14.500002,IN Lv.14,14.75,13.47,1.27,747,145.7
46232,DIVE with Ü,15.400002,IN Lv.15,14.99,13.98,1.01,909,125.3
46234,ホントノ,15.0,AT Lv.15,15.28,13.78,1.5,847,119.8
46235,ずんだもんの朝食 〜目覚ましずんラップ〜,15.500002,SP Lv.15,15.51,14.4,1.11,960,120.1
46239,Elemental Creation,17.2,	AT Lv.17,17.18,15.87,1.31,1160,122.4
46241,ネバーランド,16.700003,AT Lv.16,17.1,15.94,1.16,1350,150.8
46243,Glitched Universe,10.0,IN Lv.15,14.82,13.57,1.25,1730,175.2
46245,古典哈基米：野哈飞舞,16.600002,IN Lv.16,16.87,15.46,1.42,965,68.8
46250,HiTECK HEIST,16.300001,IN Lv.16,15.85,14.42,1.44,1737,184.0
46251,FFT,14.500002,IN Lv.14,14.69,13.62,1.07,788,126.5
46256,タマモッチ,15.900003,IN Lv.15,15.66,14.58,1.08,921,119.1
46257,ハローセカイ,14.500002,IN Lv.14,14.74,13.47,1.27,747,145.7
46258,Chicken Soup,15.600002,AT  Lv.15,14.94,13.44,1.5,1593,182.9
46259,空心人札记,13.700003,IN Lv.13,12.88,12.13,0.75,783,156.0
46260,reFract::dense,14.900003,AT  Lv.14,15.48,14.19,1.29,1098,126.0
46261,Crystallized,15.0,IN Lv.15,15.46,14.24,1.22,1328,165.5
46266,F1055,16.900003,AT Lv.16,17.68,16.07,1.6,1171,160.4
46268,DRAGONLADY,15.0,IN Lv.15,14.98,14.41,0.56,640,87.5
46269,旅の果てで待っていて,15.0,IN Lv.15,14.16,13.68,0.48,616,137.1
46274,Aether Ingita!,16.400002,IN  Lv.16,16.33,14.92,1.41,1802,180.3
46293,sølips,17.2,AT Lv.17,17.34,16.05,1.29,1221,135.1
46299,"Raw,Unfiltered Calamity",19.5,IN Lv.15,15.17,13.83,1.34,1484,248.3
46301,ULTRA SYNERGY MATRIX,15.900001,IN Lv.15,15.47,14.43,1.04,1026,120.0
46314,Tokyo Wabi-Sabi Lullaby,14.1,IN Lv.14,14.47,13.47,1.0,983,166.3
46319,死別(中文洛天依,9.9,easy,10.14,9.78,0.36,176,55.8
46326,緋色月下、狂咲ノ絶 (nayuta 2017 ver.),10.0,SP Lv.?,15.15,14.2,0.95,813,153.6
46327,Glitched Character,17.5,GLITCHED 17,17.71,15.63,2.08,2950,279.2
46328,アブノーマリティ・ダンシンガール ,16.0,IN LV.16,16.96,15.39,1.57,2000,194.0
46331,INTERNET OVERDOSE,15.1,IN  Lv.15,15.26,14.1,1.15,1529,211.9
46339,Mind Enhancement,15.500002,IN Lv.15,15.42,14.29,1.13,1142,136.0
46348,ANTINEUTRINO WITCHCRAFT,18.2,AT  Lv.18,18.71,15.73,2.98,3000,141.3
46363,なつさめ (feat. yunayu),14.800003,IN Lv.14,15.02,14.18,0.85,875,136.3
46372,天天天国地獄国,14.900003,IN  Lv.14,14.64,13.34,1.3,1067,205.7
46375,恶修女——永火熔铸,15.200001,IN  Lv.15,15.06,13.56,1.5,1473,148.7
46377,Stir and Mix,13.700003,IN Lv.13,12.29,11.79,0.51,315,76.8
46378,八芒星ダンス,16.300001,IN Lv.16,16.37,15.1,1.27,888,97.5
46386,Starlight Traveler,16.300001,IN  Lv.16,16.64,15.21,1.43,1441,161.8
46388,The Endless for Traveler,15.300001,IN Lv.15,14.81,13.89,0.91,1060,114.0
46393,Future Downloader,16.7,IN  Lv.16,17.22,15.61,1.61,1920,145.1
46408,From Star To Stardust,15.600002,IN Lv.15,14.87,13.8,1.07,859,159.5
46417,5:20AM,15.399998,AT  Lv.15,14.02,13.47,0.55,700,139.7
46422,ロストワンの号哭 (Lost One的号哭),15.1,IN Lv.15,16.23,14.63,1.6,1578,211.1
46434,Oceanus,17.300001,AT Lv.17,17.42,16.21,1.2,1232,133.6
46436,ゴー・トゥ・大都会,15.0,IN Lv.15,15.14,13.42,1.72,1367,168.5
46446,NeruNeru-Chan travels to the Luminous Stars!,16.599998,AT Lv.16,17.73,16.02,1.7,2345,273.5
46451,花に亡霊 (花上亡灵) [Cover Ver.],15.0,IN Lv15,13.8,13.19,0.61,466,80.3
46454,Gengaozo,15.099998,IN  Lv.15,15.72,14.41,1.31,1462,175.6
46470,Spark!e,15.6,AT Lv.15,16.85,15.91,0.94,877,112.9
46471,Anniv.,14.300001,IN Lv.14,14.22,12.89,1.33,1188,198.1
46474,Our New Story,1.0000001,EZ Lv.1,5.83,5.52,0.32,91,27.8
46475,迷星叫,15.800003,IN Lv.15,15.58,14.26,1.31,1415,189.3
46484,Grimoire of Emerald,15.700003,IN  Lv.15,15.66,14.36,1.3,1600,185.5
46485,祝福のメシアとアイの塔,14.8,♥ Lv.?,14.67,13.11,1.56,1225,286.1
46486,Stellar:Dream,19.0,AT Lv.19,18.62,16.31,2.31,2301,133.0
46490,Unraveling Stasis,18.0,AT Lv.18,19.07,16.23,2.84,2631,157.1
46523,ぐちゃぐちゃぬるぽ,15.600002,IN Lv.15,15.53,14.38,1.15,1086,126.2
46526,Monitoring (Best Friend Remix),14.1,IN Lv.14,14.45,13.41,1.04,971,172.3
46535,开心往前飞[无伴奏版,13.300005,13,13.43,12.38,1.05,362,58.7
46544,Chariot,13.200001,IN  Lv.13,12.87,11.71,1.16,730,141.6
46546,蜘蛛糸モノポリー,16.400002,AT Lv.16,17.12,15.68,1.44,1840,261.4
46549,G e n g a o z o,15.8,IN Lv.15,15.65,14.4,1.24,1351,156.4
46554,あなたしか見えないの,13.800001,IN,14.31,13.29,1.01,782,201.8
46560,王妃,15.0,HD.15,13.14,11.95,1.19,1303,204.4
46563,Infinity Heaven,18.000004,AT Lv.18,17.85,16.18,1.68,1646,146.8
46566,ULTRA RENDA 1,16.4,SP Lv.RENDA,15.9,14.55,1.35,1090,116.4
46594,Knight Rider,15.300001,IN Lv.15,15.18,14.01,1.17,1362,126.0
46629,下个，路口，再见吧,20.0,13,14.03,12.98,1.05,890,200.8
46634,Nyarlathotep's Dreamland,16.400002,IN Lv.16,16.24,14.93,1.31,1551,134.7
46638,Rich Man,13.700003,IN Lv.13,13.62,12.52,1.1,867,185.0
46659,"Sea,You&Me",13.0,SP Lv.13,12.51,10.99,1.52,1234,288.7
46669,Blue Lemonade,13.500002,IN Lv.13,12.63,11.76,0.86,616,109.0
46674,POLYBIUS GB SPEEDRUN -Glitchless,19.6,AT Lv.17,18.26,16.06,2.19,1648,105.2
46676,Echoes of Memoria,16.900003,AT Lv.16,18.15,15.67,2.47,3930,364.4
46677,Hand in Hand,14.1,AT Lv.14,13.92,12.99,0.93,679,118.1
46679,theme-44,8.0,AT lv.14.8,14.36,13.19,1.17,761,106.9
46694,IGNITE,17.0,AT  Lv.17,16.61,15.74,0.87,1145,151.2
46697,化けの花,15.0,FL Lv.15,15.64,14.67,0.97,980,114.7
46699,CET 4,12.0,Lv.12？？,13.92,13.24,0.68,576,104.5
46708,Frey's Philosophy,15.700003,IN Lv.15,15.9,15.0,0.9,896,125.4
46709,Avantgarde,17.0,AT Lv.17,17.94,15.98,1.96,1833,152.8
46710,Unleashed World,16.0,IN Lv.16,15.95,15.08,0.87,1063,129.7
46715,Monitoring (Best Friend Remix),15.799999,AT Lv.15,14.82,13.84,0.98,1187,171.7
46730,-SURREALISM-,16.0,AT Lv.16,17.05,15.48,1.57,1410,138.7
46738,PC Funeral ft. lexxiemow,14.0,IN Lv.14,12.96,12.49,0.47,607,84.5
46741,春日影 (Haruhikage),14.1,IN Lv.14,13.2,11.81,1.39,1065,245.6
46748,Mindless Soulles,15.6,IN,15.34,14.38,0.96,1163,173.0
46751,乘烟,14.5,兰14,12.35,10.72,1.63,1149,198.3
46779,珍珠,14.0,IN Lv.14,14.67,13.53,1.15,1234,175.0
46781,No Sky No Ground (feat. 重音テト),16.0,AT Lv.16,15.33,14.41,0.91,725,128.9
46795,HOYO-MiX+-+霜烈竞逐+Nippy+Bout,14.500004,14.5,14.22,13.13,1.1,1425,154.4
46797,Two Different Worlds,9.000001,EZ Lv.9,8.77,7.93,0.85,309,133.7
46799,Goodbye Goodnight,15.400002,IN Lv.15,15.19,14.04,1.15,1508,214.6
46810,SON OF SUN,16.1,SP Lv.14+?,14.63,13.75,0.88,1021,95.8
46832,ぐちゃぐちゃぬるぽ,15.0,MI Lv.15,14.81,14.01,0.8,842,126.2
46842,オーバーライド,15.400002,IN Lv.15,15.4,14.55,0.85,1101,135.3
46843,与风告别,12.400002,HD Lv.12,11.8,10.81,0.99,594,164.4
46847,Survive,15.200001,IN Lv.15,14.92,14.17,0.75,870,156.0
46848,×はんでぃ♡きゃっぱー×,15.0,AT Lv.16,16.55,15.35,1.2,1300,191.4
46854,Milk,14.0,IN Lv.14,14.63,14.04,0.59,641,102.2
46856,MEGALOVANIA (Camellia Remix),19.0,SP Lv.19,17.77,15.56,2.21,3653,349.0
46865,Fine Logic,14.0,IN Lv.14,14.99,14.02,0.97,1122,149.3
46866,黒塗り世界宛て書簡,14.2,IL Lv.⚫,13.96,13.04,0.92,666,112.9
46882,Don't Fight The Music,16.8,AT Lv.16,17.39,16.06,1.33,1615,156.7
46885,食通万物 修心修身,13.0,IN Lv.13,13.89,12.94,0.95,868,186.6
46886,Fragrance,17.0,AT,17.42,16.17,1.25,786,70.5
46893,Syrinx,15.9,IN Lv.15,16.64,15.33,1.31,1170,133.7
46907,5:20AM,15.399998,AT  Lv.15,14.02,13.47,0.55,700,139.7
46921,......已至。,15.200005,超大蛋 N15,14.33,13.09,1.24,1645,178.9
46935,Sparkle New Life,15.800003,AT Lv.15,15.65,14.62,1.03,1014,128.0
46954,u:phoria,14.8,IN Lv.14,14.66,13.68,0.99,965,151.3
46956,Your Best Nightmare,16.400002,AT Lv.16,16.5,14.81,1.7,1614,157.7
46960,Unbreakable,15.0,IN Lv.15,15.66,14.57,1.09,1073,137.1
46961,『風与线』,12.999998,IN,12.87,11.94,0.93,636,166.8
46983,トリカゴ,16.500002,AT Lv.16,16.5,15.26,1.24,1335,210.6
46995,Don't Forget,14.0,Lv.14,12.46,11.55,0.91,558,92.4
46999,ヒミツ,20.0,IN Lv.15,15.19,14.07,1.12,1116,140.1
47001,Submerged City,17.7,『水没都市』,18.19,16.18,2.02,3228,368.8
47023,c.s.q.n.,16.600002,AT Lv.16,17.3,15.9,1.4,1398,121.4
47028,跑!,10.0,IN Lv.跑,12.93,11.71,1.22,1000,156.7
47036,Theatore Creatore,17.0,AT Lv.17,17.71,15.88,1.83,1936,150.1
47053,散り散り,15.300001,IN Lv.15,15.63,14.54,1.08,830,101.7
47054,Theatore Creatore,16.199999,IN  Lv.16,16.17,14.55,1.62,1535,142.4
47066,おくすり飲んで寝よう,13.8,IN Lv.13,14.91,14.01,0.91,921,151.4
47070,The Last Requirem(redux),16.600002,AT Lv.16,17.21,15.9,1.31,1185,120.0
47074,青春コンプレックス,15.0,IN Lv.15,14.7,13.79,0.91,900,86.4
47078,尊師 ~The Guru~,16.600002,AT Lv.16,17.8,16.26,1.54,1297,119.6
47081,Infertehno,14.300001,IN Lv.14,14.85,13.63,1.22,1600,181.2
47091,Come Here Tonight,13.200001,IN Lv.13,14.04,13.29,0.74,632,125.5
47096,おぎゃりないざー,16.0,IN  Lv.16,17.13,15.36,1.77,1555,122.8
47099,ツムギボシ,15.0,IN Lv.15,15.24,14.18,1.06,1059,152.8
47115,有兽焉,13.0999975,IN Lv.13,13.9,13.07,0.83,318,37.0
47116,Belle de Nuit (Version d'Auteur),15.800003,AT Lv.15,15.34,13.98,1.36,1702,204.8
47128,ΩZСÜRIDΛD,17.9,NT 10+,17.84,16.32,1.52,1625,162.9
47137,LAMIA,18.0,AT Lv.18,18.63,16.47,2.16,1758,133.9
47147,Need You Now,15.400002,IN Lv.15,15.77,14.78,0.99,1046,144.0
47149,plumbum,13.0,IN Lv.13,13.39,13.01,0.38,527,78.0
47152,Eltaw,8.0,Story 8,15.2,14.32,0.88,789,129.3
47156,ΩZСÜRIDΛD,17.9,NT 10+,17.84,16.32,1.52,1625,162.9
47185,エガクミライ,9.700003,IN  Lv.9,9.59,9.28,0.31,326,98.3
47186,だれかの心臓になれたなら(Game Size),14.799996,IN Lv.14,14.15,13.32,0.83,923,125.4
47199,Enneaquest,15.300001,IN  Lv.15,15.23,14.12,1.11,1185,108.6
47207,Dispersive Corruption,18.0,CL Lv.18,18.56,16.76,1.8,1694,132.9
47217,今天不是明天,13.900003,IN Lv.13.9,13.89,13.01,0.88,786,165.8
47224,Absolute Disintegration,17.400002,AT Lv.17,17.66,16.25,1.41,1416,154.4
47229,Start To The End,15.500001,IN Lv.15,15.04,14.1,0.95,859,147.4
47240,Aftershine,13.0,IN Lv.13,12.72,11.74,0.98,927,217.1
47249,Night of Bloom,14.200001,IN Lv.14,13.82,12.82,1.0,869,132.0
47256,きゅびびびびずむ,15.700003,IN Lv.15,16.61,15.1,1.51,1518,153.4
47260,Permafrost,15.0,IN Lv.15,13.94,13.26,0.68,710,119.0
47268,回家的路,12.0,IN Lv.12,11.77,11.05,0.72,524,160.5
47269,Greeting into Abysschaos,18.5,AT Lv.18+,18.86,16.7,2.16,2150,134.6
47274,crystallized,15.700003,IN Lv.15,15.6,14.35,1.24,1460,253.8
47278,Altale,12.1,IN Lv.12,10.2,9.31,0.9,535,137.1
47280,天星问,14.899999,IN Lv.14+,15.27,13.74,1.53,1692,233.8
47282,MIRЯOЯ,20.0,SP Lv.?,16.07,14.84,1.23,1240,125.7
47284,Rhuzerv,15.699999,SKY Lv.15,15.63,14.58,1.05,1006,129.4
47286,D/N/A,12.599999,HD Lv.12,13.75,13.01,0.74,696,123.1
47296,宇宙残骸少女(Cosmic Dusty Girl),14.0,IN Lv.14,14.02,13.41,0.61,648,122.8
47297,エンパープル,14.0,Lv.IN.14,14.93,13.94,0.99,1210,168.1
47304,Tempest,16.9,AT Lv.16,17.35,16.27,1.08,1500,137.1
47310,Fission,14.700003,IN Lv.14,14.66,13.88,0.78,793,126.4
47313,Lost Memory,14.0,IN Lv.14,12.35,10.46,1.89,1372,230.2
47315,NEONAPSE,15.500002,IN Lv.15,15.13,13.77,1.35,1672,170.4
47316,Rafflesia,18.700003,HD  Lv.18,19.71,15.75,3.97,5811,335.9
47320,Animosity,15.0,FM(FXIN) Lv.15,16.69,15.32,1.36,1963,242.3
47326,Exit This Earth's Atomosphere,18.300001,AT Lv.18,18.24,16.14,2.1,3722,326.1
47329,白龙,14.199997,LV.兰,13.51,12.53,0.98,749,211.0
47341,SENSENFUKOKU,15.0,IN  Lv.15,15.94,14.83,1.11,1138,95.4
47345,Empyrean,14.700001,IN Lv.14,14.59,13.64,0.95,1043,133.8
47361,失態生態実験体,16.0,IN Lv.16,17.44,15.79,1.65,2225,193.5
47370,Vagina Dentata,16.9,AT Lv.16,17.32,15.83,1.5,1682,209.6
47381,Sparkle New Life,14.200001,IN  Lv.14,13.63,12.94,0.68,871,128.0
47382,弥渡山歌（PHONK）,16.1,AT Lv.16,16.27,15.2,1.07,941,104.8
47407,Checkmate (feat. Re.may),15.0,IN Lv.15,16.43,15.18,1.25,1161,130.2
47410,《Ж》,16.0,AT Lv.16,16.81,15.91,0.91,963,133.6
47444,Walk Thru Fire(Lofi Mix),13.0,IN Lv.13,10.21,9.63,0.58,425,129.8
47448,Vicious Mockery,19.1,AT Lv.19,18.85,16.99,1.85,2222,147.8
47450,Bright red hertz,16.1,AT Lv.16,16.22,15.71,0.51,900,129.4
47465,渚,10.1,HD Lv.10,9.65,8.66,0.99,618,229.2
47486,Next Time,12.900003,IN  Lv.12,12.64,12.26,0.37,509,85.0
47489,驟雨の狭間,15.800003,IN Lv.15,15.76,14.28,1.48,2247,220.7
47514,Saintelmo,17.1,AT  Lv.17,17.66,15.97,1.69,1600,120.0
47519,Collapse,15.300001,IN Lv.15,14.71,13.7,1.01,711,211.9
47520,游山恋,12.0,IN Lv.12,9.23,8.35,0.88,460,212.5
47529,Dark Shadows,15.4,IN Lv.15,15.25,14.31,0.94,736,107.9
47532,命に嫌われている,14.0,AT lv.14,15.64,14.13,1.51,2000,268.5
47540,ditto,12.900001,IN,11.98,11.2,0.78,725,170.5
47542,Leukemia,15.800003,IN Lv.15,16.33,14.39,1.94,3200,213.8
47544,提瓦特民谣,18.5,IN Lv.12,14.06,13.04,1.03,900,210.7
47545,紅蓮華,15.899996,AT  Lv.15,15.73,14.13,1.6,2000,224.4
47552,Immaculate,16.1,IN Lv.16,16.12,14.69,1.44,1425,177.8
47555,AiAe,17.500002,SKY Lv.17,17.75,15.58,2.17,2739,234.6
47560,殿ッ！？ご乱心！？,16.0,IN Lv.16,15.7,14.86,0.84,1106,126.7
47564,SYSTEM_ON,14.0,IN Lv.14,14.2,12.92,1.28,1234,142.0
47597,BiBiC HEART,15.0,IN Lv.15,14.59,13.75,0.84,778,129.4
47605,Oshama Scramble!,15.600002,IN Lv.15,15.61,14.51,1.1,1088,119.7
47615,FindersX,14.400002,IN  Lv.14,14.28,13.32,0.96,982,135.8
47623,ふわふわ時間,16.700003,AT Lv.16,16.64,15.58,1.06,1123,138.1
47647,身体は正直だって言ってんの,14.7000065,IN Lv.14,14.28,13.37,0.9,906,138.9
47654,Le Porteur d'Ombre,17.000002,ECLIPSE INCARNATE,17.77,16.08,1.69,1638,142.1
47659,Celestial transmutation(Remixed),13.799999,IN Lv.14,14.46,13.53,0.93,1130,149.8
47663,里面是向死而生的孤独,15.100004,IN Lv.13,13.61,12.59,1.03,1152,150.5
47676,Moon Sorrow Moonlit Night,16.700003,AT Lv.16,17.54,15.68,1.86,1900,145.6
47684,Beyond the Eternity,15.0,IN Lv.15,14.99,14.13,0.86,912,138.3
47685,ツクヨミステップ (feat. nameless)(月读舞步),15.3,AT Lv.15,14.96,13.79,1.17,1640,139.6
47725,影色舞（Silhouette Dance）,13.8,IN Lv.13,14.43,13.46,0.98,823,130.7
47728,サヴァイバル・キリング・メーカー,14.800003,IN Lv.14,14.91,13.46,1.45,1253,142.8
47732,TiMe-mory,14.0,RS Forever.14,14.56,13.44,1.12,1000,116.9
47745,「End of All」,15.700003,AT  Lv.15,13.87,12.46,1.42,1526,208.4
47750,ムリムリ進化論,14.900003,IN Lv.14,14.83,14.13,0.69,676,87.5
47773,壱雫空(Game Size),14.800003,IN Lv.14,15.71,14.89,0.82,905,87.1
47774,ツイッターランド (feat. 初音ミク),15.1,IN Lv.15,14.37,13.7,0.67,657,135.0
47786,借过一下,13.200008,IN 13.2,14.09,12.45,1.64,1375,285.9
47787,我是初音未来（ZClear Remix）,16.0,爆 Lv.16,16.64,15.65,0.99,625,59.0
47791,signal of abydos(xi Remix),10.0,AT xi,17.89,15.8,2.09,3030,265.0
47795,灼火之心 Blazing Heart,15.200001,AT Lv.15,15.88,14.57,1.31,1265,158.6
47805,Death By Glamour,15.0,IN,15.02,14.01,1.0,923,126.1
47817,Falling Again,16.1,AT Lv.16,15.85,14.63,1.22,1054,247.8
47822,Wondering MystiqUe,15.900003,IN Lv.15,16.47,15.24,1.23,1250,138.9
47831,The King,15.0,IN Lv.15,14.88,14.2,0.68,1090,153.2
47835,crystallized,15.0,AT Lv.15,15.29,14.19,1.11,1500,186.2
47837,弦楽少女は諦めを知らずに,16.600002,AT Lv.16,15.88,14.61,1.27,1625,189.8
47838,殿ッ！？ご乱心！？ - Shu - feat. 天羽しろっぷ,16.0,IN Lv.16,16.68,15.47,1.2,1284,124.7
47840,Blithe,15.100004,IN Lv.15,15.45,14.63,0.82,720,126.3
47864,新世界,15.900003,IN Lv.15,15.96,14.85,1.11,1075,88.3
47865,Fading Wind,14.900003,IN Lv.14,15.49,14.11,1.38,1532,275.5
47889,一花一剑【天官赐福】,12.000008,-New,13.92,13.17,0.75,535,163.3
47894,君の神様になりたい(Mygo!!!!! ver.),15.1,AT Lv.15,15.03,13.81,1.22,1314,159.5
47900,雑踏、僕らの街 (TV Size),16.600002,AT Lv.16,17.35,15.95,1.4,908,87.5
47914,Willed,14.0,IN Lv.14,14.25,13.61,0.64,685,120.6
47915,Oshama Scramble!,15.0,IN,15.28,14.29,0.99,972,114.6
47916,百九十,15.800003,IN Lv.15,15.5,14.29,1.2,1400,181.6
47917,UMMU,15.0,IN Lv.15,15.04,14.3,0.74,855,117.8
47940,提瓦特民谣,13.0,IN Lv.13,13.97,12.92,1.05,891,210.7
47952,The Everlasting Rain,15.900003,AT.15,16.95,15.55,1.39,1466,172.4
47966,Marshmallow,15.600002,IN Lv.15,15.62,14.54,1.08,1520,163.2
47969,LAMIA,17.500002,AT Lv.17,18.2,16.19,2.01,1677,133.9
47970,おくすり飲んで寝よう,14.0,IN Lv.14,14.72,13.28,1.45,993,175.4
47982,Chartreuse Green,15.499999,IN Lv.15,16.05,14.79,1.26,1150,117.0
47997,Sanctuary,17.599998,AT Lv.17,17.46,16.25,1.2,1395,147.0
48002,叶えたい、ことばかり (Matitann HC Bootleg),16.0,AT Lv.CrFt16,16.3,15.14,1.16,1644,211.4
48018,七ツ風,14.700003,IN Lv.14,14.68,13.56,1.12,1327,246.2
48024,室内系的TrackMaker,15.0,IN Lv.15,14.78,13.58,1.21,1530,192.2
48027,せかいから____がきえるとき,16.2,IN Lv.16,16.25,14.96,1.29,1266,138.9
48049,Sparkle New Life,20.0,AT Lv.16,16.56,15.62,0.94,1094,115.2
48054,万般情绕千里过往,13.0,lN Lv.13,13.7,12.54,1.16,677,195.4
48058,Nyan-Nyan Naughty Night,15.900003,IN Lv.15,17.08,15.61,1.47,1326,138.6
48098,★Future Downloader,10.0,AT Lv.16+,18.26,15.81,2.45,2875,200.5
48099,Future Downloader,10.0,AT Lv.16+,18.21,15.8,2.41,2875,200.5
48101,Infinity Heaven,16.0,AT Lv.16,16.64,15.73,0.92,1212,144.1
48105,Prominence,15.500002,IN Lv.15,14.77,14.13,0.64,989,163.0
48166,再生,8.999998,HD Lv.9,9.13,8.23,0.89,392,79.7
48171,Caliburne ~Story of the Legendary sword~,15.700003,IN Lv.15,15.2,14.31,0.88,1035,129.0
48174,樱落繁花,15.2,IN Lv.15,15.44,14.32,1.13,1140,169.8
48179,Mannenzakura,14.600001,IN Lv.14,13.74,12.88,0.86,730,159.4
48182,Infinity Heaven,12.200001,HD Lv.12,10.99,10.38,0.61,570,146.8
48185,Regnaissance,15.699999,IN  Lv.15,14.92,13.88,1.04,1033,159.8
48190,DEAR MY WAKER,15.0,IN Lv.15,15.37,14.45,0.92,1069,102.9
48192,The Romance,13.600002,IN Lv.13,13.14,12.53,0.6,520,117.9
48203,ジャックポットサッドガール,15.1,IN Lv.15,15.96,14.75,1.2,1350,180.7
48211,Zephyrs,15.400002,IN Lv.15,16.15,14.8,1.36,1389,215.9
48228,ツクヨミステップ (feat. nameless)(月读舞步),10.0,AT Lv.15?,15.08,13.81,1.27,1618,139.6
48230,Rose At Midnight,14.500002,IN Lv.14,14.96,13.85,1.11,1042,117.8
48247,Connected (Camellia Remix),15.400002,AT Lv.15,15.5,14.28,1.23,1300,255.2
48251,パンこげこげになっちゃった,13.0,IN Lv.13,13.75,13.36,0.39,233,42.9
48253,Lava Chicken,16.800003,AT Lv.16,17.4,15.99,1.41,1350,127.5
48255,底 色 theory。,15.0,IN  Lv.15,13.1,12.29,0.81,712,184.1
48259,CROSS✝OVER,15.900003,IN Lv.15,15.48,14.43,1.05,1000,139.2
48271,最終鬼畜妹フランドール・S (USAO Remix),9.0,IN Lv.15.8,16.36,15.12,1.24,1548,193.7
48273,Undertale,1.0,SP Lv.1,13.6,12.72,0.88,1183,371.8
48275,Fantasia Sonata Arcadia,13.400002,IN Lv.13,13.46,12.79,0.67,732,151.7
48277,怪獣になりたい,3.7999985,SP  Lv.?,17.79,16.27,1.51,1145,115.0
48278,雨露霜雪,17.1,IN Lv.17,16.91,15.49,1.42,1569,144.2
48280,祥风时雨,13.0,IN  Lv.13,12.7,11.78,0.92,756,177.9
48281,Crystal Shower,14.700003,IN Lv.14,14.47,13.68,0.79,802,142.6
48282,INFINITE HYPERDRIVE,16.0,AT Lv.16,15.93,15.06,0.87,1009,144.0
48284,DA'AT -The First Seeker of Souls-,16.2,IN Lv.16,16.55,15.16,1.39,1492,152.0
48294,Xaleid◆scopiX,16.500002,IN  Lv.16,17.54,15.6,1.94,2800,256.5
48317,你我的最终曲,14.499999,IN Lv.14,13.04,12.42,0.61,651,150.6
48322,Empurple,13.0,IN Lv.13,13.74,13.04,0.7,729,175.8
48326,テレパシ(心电感应)feat.初音ミク,15.500002,IN Lv.15,15.03,14.19,0.84,1034,133.4
48327,森奥虚跡,14.0,IN Lv.14,15.12,14.14,0.98,1076,153.9
48328,Rapture,14.700003,IN  Lv.14,14.6,13.78,0.82,809,128.0
48342,Ginvera,14.0,IN Lv.14,15.53,14.96,0.58,571,101.4
48351,DRE4M1N9,15.0,AT Lv.15,14.25,13.35,0.9,556,135.8
48352,Life is PIANO,15.0,AT Lv.15,14.45,13.7,0.75,681,122.1
48362,ラグトレイン,13.9,IN,14.13,13.1,1.03,916,140.4
48373,おくすり飲んで寝よう,14.7,IN Lv.14,14.72,13.28,1.45,993,175.4
48380,TruE,20.0,EL Lv.?,16.15,15.09,1.06,1111,181.5
48383,Prefabricated Love(short ver.),16.1,IN Lv.16,16.11,14.96,1.15,1200,134.7
48388,Cyberflux,16.700003,AT Lv.16,17.48,15.98,1.51,1383,147.4
48391,Vicious Mockery,16.400002,AT Lv.16,16.45,14.85,1.6,2056,164.2
48399,NEVER,14.900003,AT Lv.14,14.84,13.73,1.11,1001,208.0
48400,飞鼠进行曲,11.499999,IN Lv.11,10.39,9.72,0.67,400,89.0
48401,我的模样,17.900003,AT Lv.17,17.44,16.26,1.19,888,88.4
48409,Mannenzakura,14.400002,IN Lv.14,13.75,12.9,0.85,730,159.4
48429,Limen,15.600002,IN Lv.15,14.47,13.6,0.88,953,148.4
48438,Mutation,16.799997,IN Lv.16,16.68,15.22,1.47,1562,137.9
48439,Firmament Star,15.0,IN Lv.15,15.08,14.13,0.95,900,133.7
48443,Disperagioia,16.1,Legacy Lv.16,17.06,15.26,1.8,1980,213.2
48444,RE Aoharu,15.200001,IN Lv.15,15.73,14.73,1.0,967,122.7
48476,ドーピングダンス Doping Dance 亢奋剂舞,15.1,IN ,15.55,14.26,1.29,1278,138.1
48482,打上花火,10.0,Enjoy it~,11.66,11.22,0.44,369,107.5
48484,Ginevra,15.400001,IN Lv.15,15.12,14.03,1.09,1040,112.7
48497,KILLKISS(TV Size),16.5,Lv.16,16.95,16.0,0.95,871,87.1
48515,パンこげこげになっちゃった,13.0,IN Lv.13,13.75,13.36,0.39,233,42.9
48520,土坡上的狗尾草,16.5,IN Lv.16,13.85,12.48,1.37,965,168.4
48531,YUMEND,14.0,IN,14.05,12.91,1.15,840,158.7
48540,Sweet Sweet アリス,13.800003,IN Lv.13.8,13.06,11.87,1.2,967,223.3
48553,Time,15.1,IN Lv.15,13.92,12.93,0.99,949,217.2
48554,狮尾之舞 Swirls of Shamshir,15.0,IN  Lv.15,15.12,13.64,1.48,1500,244.1
48572,Xaleid◆scopiX(fisrt half.ver),14.9,IN Lv.15-,15.78,14.56,1.21,1324,154.5
48588,炯眼の絶対零度,14.500002,IN Lv.14,14.98,14.18,0.8,730,107.0
48597,逃！,14.0,IN13,14.39,13.1,1.29,1165,163.0
48600,Circle Circle Dot Dot,12.0,IN,13.48,12.95,0.53,306,70.8
48605,云女孩,12.799998,FM Lv.12,13.82,12.91,0.91,736,173.2
48612,Dream Away feat. Yukacco,15.600002,IN Lv.15,16.08,14.61,1.47,1551,212.0
48620,せかいしね,10.0,10,13.63,12.83,0.8,728,139.0
48629,Journey,14.700003,IN Lv.14,14.97,14.25,0.73,700,122.4
48642,アクセラレイト,16.600002,AT Lv.16,17.41,15.75,1.67,1204,94.6
48643,Mind Enhancement,16.700003,AT ,17.25,15.69,1.55,1452,141.4
48648,Infinity Heaven,17.6,ULTRA Lv.17.6,16.78,15.52,1.26,1321,144.2
48655,雑踏、僕らの街,15.900001,IN Lv.15,14.67,13.82,0.85,609,85.3
48658,Future Downloader,18.6,FTR Lv.18,18.57,16.17,2.4,3000,200.5
48679,四月の雨,13.0,AT Lv.13,14.37,13.64,0.73,790,121.5
48691,目撃！テト31世,14.500002,IN Lv.14,14.11,13.06,1.05,804,133.6
48697,Ninelie(EasyListening),14.800003,IN Lv.14,13.98,13.1,0.89,950,138.2
48711,The World Tree,15.9,IN  Lv.15,15.46,14.4,1.06,891,111.5
48720,Eternal Snow,14.800003,IN  Lv.14,14.73,13.75,0.97,760,114.9
48729,Final Hope,15.1,IN Lv.15,14.89,13.92,0.97,950,104.7
48734,いますぐ輪廻,14.799999,IN Lv.14,14.15,13.36,0.79,616,119.8
48740,LaVI-Bavellabion,14.800003,IN Lv.14,14.04,13.24,0.8,544,86.8
48742,轻涟,14.399999,AT Lv.14,11.12,10.27,0.85,394,134.5
48768,Sakura Fubuki,14.800003,IN Lv.14,14.26,13.61,0.65,694,110.4
48784,WATER,14.299999,AT  Lv.14,14.2,13.43,0.78,825,150.0
48788,Satelite：memories (Rework),14.700003,AT  Lv.14,15.18,14.26,0.91,971,133.1
48813,Archidoxen,17.400002,AT Lv.17,17.68,16.26,1.42,1467,115.3
48824,Agni7EEE,17.0,AT LV.17,18.46,16.29,2.18,2611,164.9
48831,夏夜最后的烟火,12.0,lv.12,11.42,10.33,1.08,601,263.6
48840,Φ,15.400002,IN Lv.15,14.9,13.82,1.08,1375,120.0
48841,跑！,15.900001,AT Lv.15,13.78,12.79,0.98,807,164.6
48849,Elusive Emotes,14.800003,IN Lv.14,14.74,13.71,1.03,1052,138.5
48855,きゅうくらりん,15.900003,IN Lv.15,15.81,14.7,1.12,1263,140.7
48856,Stuckmoth (feat. Hatsune Miku),15.100002,IN Lv.15,14.9,14.11,0.79,981,151.6
48861,Stuckmoth,15.700003,AT  Lv.15,15.32,14.08,1.24,1220,140.1
48866,cryout,14.1,IN Lv.14,14.01,13.18,0.82,755,119.8
48873,驟雨の狭間,15.600002,IN Lv.15,15.94,14.37,1.57,2155,220.3
48883,再生,14.0,IN Lv.14,14.22,13.33,0.89,690,152.1
48885,Lockdown,14.0,IN Lv.14,13.9,13.0,0.9,734,193.4
48887,カレンデュラ(piano ver.),12.0,IN Lv.12,12.39,10.69,1.7,1201,291.2
48899,NaCl,12.8,IN Lv.12,12.99,12.38,0.61,465,118.2
48907,What's up? Pop! (tpz Overcute Remix),12.900001,IN Lv.16,16.3,15.06,1.24,1328,162.9
48911,虚の依代,16.0,AT lv.16,16.64,15.41,1.23,1733,185.3
48912,Break Through the Barrier,16.0,AT Lv.16.6,17.14,15.73,1.41,1674,127.2
48913,Antler,8.0,IN Lv.14.8,15.06,13.74,1.32,1869,195.2
48916,《Ж》,16.0,AT  Lv.16,17.69,15.88,1.81,1736,139.2
48924,Aoharu,14.0,IN Lv.14,17.12,15.4,1.71,1202,109.9
48929,R,15.0,IN Lv.15,14.42,13.31,1.11,1145,138.8
48930,Luminous Entities Lost Heart,16.800003,AT Lv.16.8,16.93,15.86,1.07,1451,179.9
48935,Sense,16.7,IN Lv.15?,16.85,15.84,1.01,978,176.0
48948,Re Particle X,15.600002,IN Lv.15,15.62,14.32,1.31,1389,165.6
48951,Do Better,14.0,IN Lv.12~14,13.65,12.7,0.95,956,165.0
48952,Archidoxen,16.499998,IN,16.85,15.55,1.3,1360,115.3
48959,Trojan,14.0,IN Lv.14+,14.83,13.93,0.9,1134,141.9
48967,魔理沙に大変な役でハコにされました,17.100004,AT Lv.17,17.49,15.98,1.51,1800,208.9
48970,LaVI-Bavellabion,14.500002,AT.14,14.75,13.77,0.98,546,88.2
48971,End of World,17.1,AT Lv.17,16.94,15.86,1.08,1216,118.5
48982,8.32,16.1,AT Lv.16,16.53,15.0,1.53,1832,244.2
48987,SUPERNOVA,14.0,IN Lv.14,13.95,13.26,0.7,724,116.8
48989,ラヴィット (Loveit),14.0,14,15.43,14.05,1.38,1448,206.0
48995,百鬼֎夜行,17.300001,AT Lv.17,17.58,16.2,1.38,1322,128.2
49003,A Head Full Of Dreams,14.0,IN  Lv.14,10.2,8.96,1.24,1500,173.4
49005,Archidoxen,17.300001,AT Lv.17,17.42,15.84,1.58,1607,115.3
49039,Venomous Firefly,16.900003,IN Lv.16,17.21,15.51,1.7,1564,115.6
49042,The Grimm Troupe,13.300001,IN Lv.13,14.59,13.72,0.88,666,130.3
49043,时·忆,13.200008,IN Lv.时3,12.63,12.2,0.43,426,103.2
49049,日不落,7.0,HD Lv.7,13.04,11.51,1.53,1181,220.8
49054,Elusive Emotes,14.300001,IN Lv.14,14.6,13.46,1.14,948,136.7
49063,Forbidden Area,16.899998,IN Lv.16+,16.75,15.31,1.44,1389,136.1
49085,マシュマロ,16.0,IN  Lv.16,15.04,14.32,0.72,1047,153.3
49091,Life Force,15.3,IN Lv.15,15.64,14.3,1.34,999,107.3
49095,KIZUNA Resolution,17.2,AT Lv.17.2,17.54,15.97,1.57,1600,128.0
49101,親愛なるあなたは火葬,15.800003,IN Lv.15,16.29,14.38,1.9,1784,253.7
49112,目撃！テト31世,14.900003,SP Lv.14,14.42,13.7,0.71,780,132.1
49125,南京夜无电波讯号,15.400002,AT Lv.15,14.66,14.1,0.55,883,144.0
49135,KiLL∀ DEA7H,18.300001,AT Lv.18,18.54,16.0,2.54,3121,167.8
49151,纯蓝,8.1,HD Lv.8,10.45,10.09,0.36,350,183.0
49153,Postliminium,15.5,IN Lv.15,15.18,14.41,0.76,734,126.4
49179,,0,,18.28,16.11,2.17,2026,180.0
49182,LaVI-Bavellabion,14.700003,IN Lv.14,14.08,13.58,0.51,609,94.2
49203,World’s end BLACKBOX,17.0,AT Lv.17,18.02,15.94,2.08,2128,155.5
49209,日常と地球の額縁,15.800003,AT.15,16.27,14.88,1.39,1821,214.2
49215,,0,,18.18,16.28,1.9,1800,122.7
49216,Metaphor,16.0,IN Lv.16,15.88,14.97,0.91,927,146.1
49217,それがあなたの幸せとしても,13.0,IN Lv.13,14.46,13.38,1.09,1104,259.1
49227,リコレクションエンドロウル,16.2,IN Lv.16,16.3,14.89,1.4,1682,139.9
49230,QZKago Requiem,16.9,IN Lv.16+,16.86,15.54,1.32,1196,129.1
49231,终日,14.0,nu-22,14.28,13.28,1.01,773,111.7
49241,girls.exe,16.700003,IN Lv.16,16.72,15.07,1.66,1557,157.4
49249,Beast Hunter,16.2,AT Lv.16,16.09,15.17,0.92,1035,136.5
49255,终会与你同行,11.0,IN Lv.11,11.39,10.93,0.47,259,93.1
49295,Silent Answer,14.0,IN Lv.14,14.57,12.78,1.8,1592,169.6
49296,覆灭重生 Come Alive,7.0,LZ Lv.7,7.0,6.32,0.68,222,128.8
49302,反乌托邦,14.200001,IN  Lv.14,13.84,13.12,0.73,733,143.8
49311,X-TALI(DJ),12.0,IN,12.9,12.57,0.33,301,65.3
49351,Glacier,14.900003,IN Lv.14,14.08,13.28,0.8,900,166.7
49358,你如何形容夏天,15.400002,IN Lv.15,13.23,11.26,1.98,1382,227.4
49359,WATER,16.400002,AT  Lv.16,15.32,14.46,0.86,923,151.4
49361,★Villain Virus,17.800003,AT Lv.17,18.38,15.79,2.6,5000,264.6
49372,BiBiC HEART,16.0,IN Lv.16,16.1,15.09,1.01,1124,128.6
49387,わちゃ・もちゃ・ぺったん行進曲,15.5,AT Lv.15,15.43,14.5,0.93,947,110.8
49402,Angel fall down,17.100012,SP Lv.17,17.16,15.75,1.41,1345,87.3
49412,Autumn Fall,15.600002,IN Lv.15,15.34,14.35,0.99,1070,139.9
49421,Quon,15.599998,IN,15.09,14.24,0.85,859,118.2
49430,ouroVoros,15.600002,IN Lv.15,16.01,14.82,1.19,1269,125.8
49448,空の箱,15.999992,AT,15.05,13.52,1.53,2024,165.7
49463,BPM = BPM + 1,16.1,IN  Lv.16,15.52,14.69,0.83,800,126.8
49472,落日余晖（Sunset Glow）,14.200001,IN Lv.14,13.97,13.31,0.66,570,114.3
49493,Guns Blazing,14.200001,IN Lv.14,15.23,14.26,0.96,946,121.3
49499,ツムギボシ,15.200001,IN Lv.15,15.48,14.17,1.31,1264,156.1
49513,Echoes of Memoria,17.300001,IN Lv.17,17.71,15.32,2.39,3600,364.4
49515,Bloody Marquis,16.300001,IN Lv.16,16.35,15.03,1.33,1255,122.2
49541,AFTER PANDORA,14.0,IN Lv.14,14.43,13.67,0.76,646,136.1
49546,终焉,17.300001,UT Lv.17,17.66,15.75,1.91,3378,407.8
49556,ひとりごつ,6.0,IN Lv.6,9.01,8.5,0.51,68,24.3
49560,来起舞吧 / おどりゃんせ,15.900001,IN 15,15.9,14.39,1.51,1704,192.6
49563,黎命に殉ず,18.0,AT Lv.18,18.12,16.11,2.0,1656,139.5
49570,What's up? Pop! (tpz Overcute Remix),18.5,SP Lv.?,17.75,15.72,2.03,2500,164.4
49573,Between Boundaries,12.900003,HD  Lv.12,12.98,12.57,0.41,595,103.8
49578,Rafflesia,19.9,IN Lv.19+,19.8,15.82,3.98,5978,335.9
49580,コネクショん★コミュニケーショん,17.0,AT Lv.17,17.07,15.98,1.1,941,91.8
49610,K1LL SOMEBODY,17.0,IN Lv.17,17.67,15.81,1.86,2107,133.1
49619,拝啓,12.0,IN Lv.12,11.82,11.44,0.39,279,51.8
49623,魔理沙は大変なものを盗んでいきました,16.4,AT Lv.16,17.39,15.62,1.77,2709,240.0
49635,隰有苓,14.900001,AT,13.24,12.15,1.09,1158,190.2
49648,笙 · 宴(MotiF-east),16.600002,AT Lv.16,16.62,15.41,1.21,1166,134.4
49672,Black MInD,15.0,IN Lv.15,15.43,14.46,0.98,1000,126.9
49686,東京シュノーケル,13.500002,IN Lv.13,15.13,14.15,0.98,907,157.2
49690,SToRY,14.400002,IN  Lv.14,14.35,13.7,0.65,556,82.8
49692,せかいしね,10.0,10,13.63,12.83,0.8,728,139.0
49701,The Order…,15.0,IN Lv.15,15.46,14.43,1.03,999,95.9
49708,GOODBOUNCE,14.700003,IN Lv.14,14.86,14.01,0.84,831,128.0
49713,Awakened,14.800001,SP Lv.?,12.5,11.61,0.89,787,211.8
49721,もぺもぺ,16.0,AT Lv.16,16.02,14.74,1.28,1044,107.2
49745,Montagem Miau,10.0,SP Lv.Miau,16.6,15.63,0.97,1000,69.3
49750,just something,15.300001,IN Lv.15,15.37,14.26,1.11,952,129.8
49772,HARPY HARE,15.799999,AT Lv.15,14.52,13.8,0.72,490,65.3
49778,Calamity of the Mystic Garden Doom,17.0,AT Lv.17,17.48,15.77,1.72,2065,182.4
49786,くうになる,14.1,FM Lv.14,14.21,13.27,0.93,873,143.9
49800,MarbleBlue.,17.0,AT Lv.17,17.78,16.22,1.55,1548,152.4
49814,cyanotype,15.500002,IN Lv.15,15.31,13.93,1.38,1929,268.3
49816,キズナヒトツ,13.400002,IN Lv.13,12.14,11.1,1.04,922,222.5
49842,SECRET BOSS,16.700003,AT Lv.16,17.46,15.74,1.72,2411,265.6
49863,Gray  Heaven,17.400002,IN Lv.17,17.3,15.3,2.01,3218,254.0
49892,GOODMEN,15.400002,IN Lv.15,15.22,14.26,0.96,1012,122.1
49905,Forbidden Area,16.9,AT Lv.16,17.83,15.99,1.84,2092,141.4
49907,《Ж》,18.0,AT Lv.18,17.69,16.42,1.27,1288,135.3
49915,Sinfonia Regalis,14.8,IN Lv.14,14.84,14.13,0.71,978,129.0
49975,At The Edge,14.800003,IN Lv.14,14.04,13.14,0.9,1000,194.3
49986,イガク,13.900003,IN  Lv.13,13.38,12.8,0.58,724,114.4
49987,Fly To Meteor,14.3,Star Lv.14,14.5,13.68,0.82,860,148.0
50028,流星物语,12.0,PM Lv.12,14.73,13.73,0.99,994,137.6
50036,Heathenism dogma（异见学说）,16.800003,AT Lv.16,17.36,15.88,1.48,1437,148.2
50044,色は匂へど散りぬるを,13.800003,IN Lv.13,13.36,12.68,0.68,710,115.2
50046,チルノのパーフェクトさんすう教室 ⑨周年バージョン,14.2,SP  Lv.14,14.61,13.9,0.71,747,120.3
50049,The Seagull,6.0,EZ Lv.6,9.44,8.62,0.82,350,106.9
50052,千本桜,13.5,IN Lv.14,14.97,13.86,1.11,1115,169.1
50054,思草,14.1,IN Lv.14,14.06,13.21,0.85,813,123.9
50057,在云端提着花洒的女孩,14.0,IN Lv.14,13.95,12.87,1.07,679,133.0
50058,Silent Echochamber (feat. balxervant & Kobaryo),16.200008,IN  Lv.16,15.94,14.62,1.32,1405,168.5
50059,神っぽいな,15.0,AT Lv.15,16.74,15.83,0.91,758,97.6
50060,エゴイスト,15.700001,IN Lv.15,15.52,14.04,1.48,1854,210.5
50065,Beyond,15.799997,AT,15.62,14.84,0.79,907,191.4
50072,Glacier,15.0,IN Lv.15,15.0,13.98,1.02,990,164.2
50076,あの夏のいつかは（2023ver.）,12.5,0,13.45,12.0,1.45,1203,267.8
50087,Dash,14.600002,IN Lv.14,14.4,13.18,1.22,1164,137.0
50089,怪獣になりたい,17.400002,AT Lv.17,17.59,16.09,1.5,1262,115.0
50099,業 -善なる神とこの世の悪について-,16.400002,IN Lv.16,16.15,14.73,1.42,1610,154.0
50106,Ad astra itur ≡☆,15.0,IN Lv.15,15.15,14.24,0.91,1063,144.7
50123,Without You,14.800003,AT Lv.14,14.64,13.39,1.25,828,145.0
50126,Star light,14.0,IN Lv.14,15.44,14.09,1.36,1308,211.9
50127,Winter（冬）,14.0,Legacy Lv.14,12.45,11.52,0.93,690,163.3
50135,Eltaw,16.0,AT Lv.16,16.23,15.14,1.1,906,129.4
50139,Party in the HOLLOWood feat. ななひら,15.0,Fm Lv.15,14.36,13.67,0.69,1016,145.3
50146,Attack of killer Queen,16.0,IN Lv.16,14.8,13.92,0.88,1000,119.6
50150,我会等（节选）,13.2,IN Lv.13,12.31,12.0,0.31,278,65.9
50160,Bring Me Back,16.1,IN Lv.16,15.27,14.1,1.17,1152,160.9
50174,Loki,17.300001,AT Lv.17,17.21,15.87,1.34,1255,114.2
50179,破釜沉舟,10.0,破釜沉舟,18.1,15.87,2.23,2833,239.9
50181,デッド・パロディ・ダンス,15.1,IN Lv.15,15.54,14.29,1.25,1300,170.7
50188,伴月同眠,7.2000003,IN  Lv.7,8.42,8.08,0.34,266,108.3
50207,elegante,13.200001,IN Lv.13,13.53,13.01,0.53,625,115.5
50208,QQ,16.300001,IN Lv.16,16.18,14.91,1.27,1334,122.5
50262,Trip,14.0,14,13.87,12.66,1.2,875,180.6
50264,Journey,16.000006,AT Lv.16?,16.56,15.73,0.84,962,122.4
50265,生,14.800003,VividCycle Lv.14,13.94,13.07,0.87,800,182.3
50282,Computer Cornflakes,16.300001,IN Lv.16,16.57,15.2,1.38,1438,178.1
50283,靈,16.6,IN Lv.16+,16.1,14.92,1.18,1374,175.2
50294,ギターと孤独と蒼い惑星,15.600002,IN Lv.15,15.69,14.39,1.29,1241,150.3
50298,I Can't Wait,9.0,IN Lv.9,9.18,8.84,0.34,213,90.2
50300,圣诞星,12.0,2k.lv12,14.34,13.5,0.84,777,170.8
50301,macro.wav,15.500002,IN Lv.15,15.22,14.17,1.04,1103,125.6
50308,驟雨の狭間,16.400005,Legacy. Lv.16,16.2,14.79,1.41,1292,130.3
50309,Flow Into You,15.6,IN Lv.15,14.7,13.95,0.75,835,133.9
50320,MegiddØ,16.6,AT Lv.16,18.1,16.09,2.01,1754,150.0
50332,Fragment of Memories,16.300001,AT Lv.16,16.68,15.42,1.26,1435,155.3
50333,国士無双(RYE特考V4.0.1）,20.0,RYE LV.18.3,18.31,15.57,2.75,3000,187.0
50338,I Can t Wait,12.0,4K-LV.12,13.41,12.83,0.59,473,93.4
50342,Love Story,17.400002,AT  Lv.17,17.5,16.01,1.49,1989,221.6
50346,Hope Is the Thing With Feathers (Raphiiel Remix),14.300001,SR Lv.14,13.01,11.8,1.2,1091,217.1
50347,Flower Forever,18.0,AT Lv.18,18.57,16.29,2.28,2380,163.2
50348,怪獣になりたい,16.400003,AT Lv.16,16.92,15.74,1.18,1000,118.4
50349,魔法的起点I,10.8,IN Lv.5,8.14,7.82,0.32,178,89.6
50357,Green World,15.0,AT Lv.15,15.83,15.06,0.77,738,176.2
50371,Crystal Skies (Sped Up),15.500002,IN Lv.15,14.44,13.95,0.49,862,138.8
50381,「???」 Battle Theme,15.500002,IN  Lv.15,15.53,14.45,1.07,1018,123.2
50388,残機,14.600002,IN Lv.14,13.64,13.15,0.49,520,88.1
50389,STARRY DAYS,12.500001,IN Lv.12,13.38,12.49,0.9,708,128.4
50390,"Good bye, Merry-Go-Round.",14.0,AT Lv.14,15.03,14.22,0.81,927,119.4
50391,寒いからあいすが食べたい,14.5,IN Lv.14,13.48,12.77,0.71,540,119.5
50394,どりーむもーど,14.400003,IN Lv.14,14.32,13.58,0.73,791,135.7
50399,妄想感慯代償連盟,13.7,IN Lv.13,14.61,13.97,0.64,719,129.5
50401,反乌托邦,13.700001,IN Lv.13,14.23,13.15,1.08,1000,139.9
50404,Initialize,15.800003,AT Lv.15,15.2,14.4,0.8,912,119.1
50417,Enchanted Love,15.0,IN Lv.15,14.32,13.93,0.39,640,118.5
50419,Lapis,17.1,AT Lv.16+,16.28,15.2,1.08,1080,118.8
50449,イガク,14.800003,IN Lv.14,14.18,13.03,1.14,1122,115.8
50457,Ruins,12.400005,IN Lv.12,11.94,11.54,0.41,363,90.1
50462,冲破穹顶,15.599999,800,16.15,14.86,1.29,1600,176.7
50477,冬日,14.400002,SP Lv.14,14.23,13.6,0.63,660,90.0
50485,Eviternity,18.099997,AT,18.68,16.31,2.37,2919,190.8
50487,せかいから____がきえるとき,16.0,IN Lv.16,16.69,15.21,1.48,1987,228.8
50491,Glacier,17.1,AT Lv.17,17.17,15.83,1.34,1563,156.3
50495,妖精小姐的魔法邀约,14.0,IN Lv.14,14.09,13.3,0.79,654,105.0
50498,Regulus,16.2,AT 16.2,16.12,15.03,1.09,1293,122.6
50508,まにまに 2025 Edit,15.400001,IN Lv.⚡,15.63,14.15,1.48,1710,248.0
50513,Strombringer,14.499996,IN Lv.14,14.55,13.34,1.21,1347,154.9
50527,夏祭り,14.200001,IN  Lv.14,13.96,13.32,0.64,663,132.8
50557,The Last Page,15.500002,IN Lv.15,15.65,14.62,1.04,1089,129.1
50568,外のヒト,14.800003,AT  Lv.14,14.52,13.73,0.79,605,90.4
50571,The Last Page,17.7,AT,17.64,16.25,1.38,1367,129.2
50573,雨女,14.800003,IN Lv.14,14.36,13.45,0.91,884,145.4
50575,雨女,9.500002,HD Lv.9,8.49,7.95,0.54,412,144.0
50577,雨女,7.4999986,EZ Lv.7,7.12,6.63,0.49,337,137.4
50579,Snowflakes,14.0,IN Lv.14,15.47,14.64,0.83,574,119.3
50588,Χάρων,15.700003,IN Lv.Ω,14.97,13.95,1.02,1027,148.1
50590,HYPER MEMORIES,18.2,AT Lv.18,18.27,15.94,2.32,3540,268.0
50596,Inevitability,16.0,AT Lv.16,16.86,15.3,1.56,1700,151.3
50604,反乌托邦,15.400002,IN.,12.85,11.91,0.94,786,131.7
50625,The Last Page,15.400002,IN  Lv.15,14.96,13.84,1.12,1078,129.1
50626,VIIIbit Explorer,15.8,IN Lv.15,15.55,14.4,1.15,999,130.2
50628,shelter,15.300001,IN Lv.15,15.13,14.16,0.96,1207,237.8
50635,Theme_88,10.600002,HD Lv.10.6,12.58,11.52,1.06,539,120.0
50638,テトリス,15.0,IN Lv.15,14.84,13.7,1.14,1105,139.1
50658,Love U More,20.0,LV Lv.XV,15.29,14.07,1.22,1166,172.5
50672,Menghua,15.200001,IN Lv.15,14.52,13.64,0.88,1463,197.5
50682,Empire,15.400002,IN Lv.15,14.97,14.05,0.93,1000,145.3
50695,MONTAGEM XONADA (FUNK NA FAVELA),2.0,鸡蛋啊 Lv.13,16.16,14.8,1.36,892,96.9
50702,靈,17.0,AT Lv.17.5,17.78,16.0,1.78,2187,175.1
50714,魔魔魔☆マジカル(feat. Sister MAYO,15.0,15,11.93,10.68,1.25,1090,218.1
50720,イイコと妖狐,14.0,IN Lv.14,14.46,13.14,1.32,1421,220.2
50731,Re：End of a Dream,17.100004,AT Lv.17,17.58,16.05,1.52,1533,130.6
50733,The Show's Over,16.500002,FM Lv.16,17.56,16.16,1.4,1180,116.4
50735,八重回归 · 真,14.0,Return Lv.14,14.13,12.95,1.18,919,213.8
50741,Manasha (Over Slowed),15.000007,IN,17.16,15.75,1.41,1324,124.8
50742,九重现实,13.5,Reality Lv.13,13.4,12.32,1.08,787,188.4
50747,系ぎて,16.300001,AT Lv.16.3,15.74,14.31,1.43,1298,154.7
50751,BlazinG AIR,15.600002,IN Lv.15,15.75,14.33,1.42,1210,134.4
50766,BLUE NOAH 2006,18.300001,AT Lv.18,18.35,16.34,2.01,2067,130.4
50768,もしも,15.0,IN Lv.15,14.93,13.98,0.95,1100,183.4
50777,真偽,13.300001,IN Lv.13,13.1,12.49,0.61,476,90.2
50790,好运来(Haocore Mix),17.1,AT  Lv.17,17.2,15.45,1.75,2286,171.4
50791,Comet Panto Men！,15.099999,In 15,15.13,14.07,1.06,1049,128.3
50796,Flyway,16.400002,AT Lv.16,16.51,15.62,0.89,1162,125.2
50798,πevergod,17.2,AT Lv.17,17.64,16.04,1.6,1666,157.0
50801,ATLAS RUSH,16.800003,AT  Lv.16,17.59,15.61,1.98,1517,129.2
50809,悔_,16.300001,∽,16.5,15.05,1.45,1435,151.2
50811,転生林檎,15.400002,IN Lv.15,15.38,14.19,1.19,1444,213.3
50815,ハナタバ,15.300001,IN  Lv.15,14.47,13.6,0.86,835,140.8
50816,Imperishable Night 2006 (2016 Refine),17.2,AT Lv.17,17.64,15.87,1.78,1595,127.3
50820,∑mβraciиg /ntelligзncзs,17.300001,AT Lv.17,17.48,16.02,1.47,1771,200.5
50830,Alea jacta est!,16.0,AT Lv.16,16.47,15.32,1.15,1369,128.3
50845,有求必应,16.600002,AT  Lv.16,16.73,15.41,1.32,1000,90.1
50849,雷切-RAIKIRI-,16.800003,IN Lv.16,17.64,16.01,1.64,1437,126.5
50854,INFiNiTE ENERZY -Overdoze-,16.1,Ex Lv.16,16.7,15.37,1.33,1170,112.0
50867,豪大大鸡排,10.0,鸡排 Lv. ?,12.14,11.27,0.86,423,45.9
50875,アリア (Aria),14.0,IN Lv.14,14.95,13.87,1.08,1107,212.2
50878,绒空FuLov - Fireworks in the Snow,14.0,IN Lv.14,11.97,10.89,1.08,811,221.1
50896,ネビュラの方程式,14.500002,IN  Lv.14,14.39,13.63,0.76,703,99.3
50903,macro.wav,15.700003,IN Lv.15,15.98,14.49,1.5,1376,128.7
50911,让风告诉你,15.0,IN Lv.15,15.54,14.02,1.52,1591,219.2
50918,Battle Against A True Herо,15.200001,IN Lv.15,14.83,13.84,0.99,970,147.0
50922,嘿咻狂想曲,12.0,Lv.12,7.29,6.4,0.9,209,63.8
50941,いますぐ輪廻,15.0,IN Lv.15,14.19,13.75,0.44,641,119.6
50956,Exitium,18.0,AT Lv.18,18.13,15.8,2.33,2237,136.8
50960,茉子の日常,15.1,IN Lv.15,15.05,13.67,1.38,1711,217.1
50965,霓虹(Neon),15.900003,AT Lv.15,14.42,13.91,0.51,730,116.3
50971,バゥムクゥヘン・エンドロゥル,15.6,NT  Lv.R,14.13,13.44,0.69,666,140.2
50983,HARD-COREMATA,15.500002,IN Lv.15,15.99,14.67,1.32,1453,181.2
50988,Poppy,16.0,AT Lv.16,17.12,15.82,1.3,1337,142.9
50992,FARAWAY,12.0,HD.12,12.96,12.35,0.61,404,83.6
51000,冰风暴,14.0,IN Lv.14,14.68,13.95,0.73,559,77.3
51001,Flower Dance,15.700003,IN Lv.15,16.28,14.76,1.52,1761,258.8
51011,高速素粒子衝突型加速器,16.0,IN Lv.16,16.77,14.95,1.82,3410,434.6
51028,Sphalerite,17.2,AT Lv.17,17.86,15.94,1.92,2300,151.3
51031,Dementia,69.0,AT Lv.16.69,16.64,15.01,1.63,1869,177.8
51041,食通万物 修心修身,15.700003,AT LV.15,15.15,14.33,0.82,1310,200.5
51050,Latent Kingdom,16.1,AT ,17.2,15.69,1.51,2132,283.9
51058,世界上的另一个我,15.1,IN Lv.15,14.63,12.98,1.65,1212,220.8
51065,悔_,16.2,IN Lv.16,16.28,14.9,1.37,1545,151.2
51069,目撃！テト31世,14.800003,IN Lv.14,14.24,13.28,0.96,710,128.2
51071,il,15.400002,IN Lv.15,15.49,14.31,1.18,1331,201.8
51082,靈,16.400002,IN Lv.16,16.04,14.93,1.11,1189,175.2
51084,Ditto,12.1,IN Lv.12,10.87,9.65,1.22,674,179.0
51088,INTERNET YAMERO,16.0,IN  Lv.16,16.76,15.27,1.49,2155,238.7
51105,望断心绝,16.0,RO Lv.16.7,17.54,15.42,2.12,3563,342.9
51107,Knight Rider,15.700002,IN,16.08,14.77,1.31,1314,126.2
51111,ただ声一つ,15.1,AT Lv.15,16.0,14.9,1.1,1157,153.3
51122,星茶会,13.8,IN Lv.13,13.83,12.84,0.99,946,195.6
51123,Yorugao,15.400001,IN 15,15.81,14.65,1.15,1041,125.3
51130,流萤之森,14.300001,IN Lv.14,9.67,9.08,0.58,320,127.5
51135,ウィマーマ・サーガ,15.5,MA  Lv.9+16,15.25,14.1,1.15,1371,239.6
51141,-SURREALISM-,14.400001,Ex Lv.16,15.06,13.92,1.14,1015,146.7
51142,殉道之人,14.600002,IN Lv.14,14.07,13.13,0.94,1157,166.7
51154,千里饿殍行,15.400001,IN Lv.14+,14.15,12.71,1.43,1129,207.1
51168,UwU Funk,10.599995,IN Lv.10,10.77,10.1,0.67,200,41.2
51175,靈,17.8,AT  Lv.17+,17.85,16.07,1.78,2026,180.0
51193,Tiny Giant,13.7,IN,14.38,13.42,0.96,1012,175.7
51200,星降る夜と一輪の花,15.500002,IN Lv.15,14.67,13.86,0.82,971,168.1
51202,LiFE Garden(1.05x),18.0,AT Lv.18,18.28,16.12,2.16,1800,122.1
51206,SAN値直葬,15.0,MI Lv.15,15.37,14.48,0.88,1089,137.0
51219,+ERABY+E CONNEC+10N,16.6,IN LV.16,17.51,15.71,1.8,2999,282.8
51222,ただ病名が欲しかった,10.0,DD Lv.15+,15.77,14.48,1.29,1526,188.4
51238,eden,17.0,AT Lv.17,17.84,16.07,1.77,1780,140.7
51263,before the love,14.599999,IN Lv.14,14.28,13.36,0.92,915,122.5
51266,ただ病名が欲しかった,10.0,DD Lv.16,15.77,14.48,1.29,1526,188.4
51277,qualia -ideaesthesia-,15.900003,IN Lv.15,15.27,14.2,1.06,976,141.5
51279,Scrutinised,16.800007,AT.16,17.1,15.87,1.23,1470,145.9
51289,Exist(TV Version),13.0,IN Lv.13,10.72,9.41,1.32,508,65.0
51298,輪廻,14.200001,IN Lv.14,13.62,13.02,0.6,648,101.9
51304,You're Mine,14.000012,AT.14,16.6,15.88,0.72,1198,150.5
51307,断腿进行曲,14.300001,AT Lv.14,15.01,13.85,1.16,600,67.2
51326,ヒビカセ,13.0,HI Lv.13,12.84,12.03,0.81,693,124.7
51332,だーいすきだよ (feat_ をとは),14.599999,IN Lv.14,15.4,13.93,1.47,1207,146.8
51338,赛飞儿-举手之劳,14.600002,IN Lv.14,14.24,13.2,1.04,565,107.6
51343,ABYSSMOTION192.333,15.800003,AT Lv.15,15.21,14.25,0.96,754,122.2
51352,トリックハート,14.6,IN Lv.14,14.05,13.24,0.81,956,153.6
51361,snooze,16.0,AT Lv.16,16.85,15.73,1.12,1281,163.2
51364,SAIKAI,15.1,AT  Lv.15,14.3,13.49,0.81,555,116.8
51371,Hoshizora no Kanransha,20.0,IN Lv.15,15.53,14.91,0.62,990,122.3
51372,七ツ風,15.0,IN Lv.15,15.17,14.02,1.14,1517,246.2
51376,Individualistic Heroism,16.299994,UT.15+,15.54,14.46,1.08,1200,141.8
51377,The Ocean,15.0,AT Lv.15,14.84,14.31,0.53,720,125.2
51382,STRONG 280,17.0,AT Lv.17,17.22,15.53,1.69,2612,246.9
51396,Qliphyshivh,10.0,AT Lv.17+,18.38,16.32,2.06,2107,144.8
51397,Gray Heaven,18.400002,AT Lv.18,18.62,16.36,2.26,3400,253.0
51402,Virtual to LIVE,12.8,Re:Master Lv.12+,14.11,13.0,1.11,1221,240.0
51414,Le Porteur d'Ombre,14.200001,HD Lv.14-,15.33,14.38,0.95,1167,140.5
51419,Fantasia Sonata Arcadia,28.0,PR Lv.28,14.23,13.49,0.74,909,157.2
51431,Far Away,14.0,IN Lv.14,12.7,11.63,1.07,949,207.4
51450,耀斑,15.900003,IN Lv.15,13.97,12.31,1.66,1898,196.9
51460,反乌托邦,14.399999,Dystopia,14.33,13.55,0.77,908,140.2
51461,嬢王,16.300001,AT Lv.16,17.08,15.8,1.28,1520,137.4
51484,+ERABY +E CONNEC +10N,16.0,IN Lv.16,17.81,15.51,2.3,2007,126.2
51488,覆灭重生 Come Alive,12.0,SL Lv.12,12.37,11.49,0.88,704,128.4
51494,ウォーアイニー,14.600002,IN  Lv.14,13.48,12.8,0.68,718,80.7
51513,群青讃歌 (short ver.),26.0,PR Lv.26,13.62,13.01,0.61,505,88.3
51531,MOTTAI,14.800003,IN  Lv.14,14.94,14.04,0.9,1086,146.2
51538,Before the Story,5.4999995,FM  Lv.5,6.79,6.49,0.3,178,72.0
51546,UNDERGROUND,16.0,IN Lv.16,17.09,15.39,1.7,1838,255.3
51552,Eligos,16.400002,IN Lv.16,16.32,15.02,1.3,1500,135.4
51553,不死身ごっこ feat. 初音ミク,12.200001,HD Lv.12,12.61,11.8,0.81,756,140.0
51563,晚夜微雨问海棠,15.200003,IN Lv.15,13.84,12.71,1.13,1111,271.1
51586,Bosssa Gabba,18.0,AT Lv.18,18.26,16.48,1.78,1460,116.4
51587,竞速小英雄,13.500003,AT.13,14.06,12.91,1.14,962,180.2
51588,殿ッ！？ご乱心！？,15.0,IN Lv.16,16.54,15.26,1.28,1386,126.7
51589,《Ж》,14.0,HD Lv.14,15.05,13.96,1.09,1208,139.2
51605,The Last Page,16.7,AT Lv.16,16.57,15.64,0.93,1034,129.2
51608,SUPERNOVA,16.400002,IN Lv.16,17.38,15.81,1.57,2026,205.4
51609,哈哈一笑あっはっは笑,14.0,IN Lv.14,16.19,15.0,1.18,1409,201.6
51613,再生,15.000004,IN Lv.15,14.83,13.89,0.94,1060,158.9
51649,不死身ごっこ,8.500002,EZ  Lv.8,9.94,9.16,0.78,519,140.4
51650,JETLAGG!,16.300001,IN Lv.16,16.22,14.56,1.66,2152,218.4
51657,The Purge March,14.1,IN Lv.14,14.01,13.39,0.62,690,147.4
51669,Infinity Heaven,17.300001,AT Lv.17,17.3,15.88,1.42,1847,146.8
51688,Miss Elf's Magical Invitation,15.1,IN Lv.15,14.48,13.7,0.79,637,105.0
51699,NULCTRL,15.500002,IN Lv.15,14.7,13.59,1.11,948,143.2
51704,Gregorius Battle Theme,17.1,AT Lv.17,17.76,15.67,2.09,2200,208.8
51707,DIST SQUAD,19.0,AT Lv.19,19.69,16.17,3.52,1977,86.2
51722,Terrasphere,15.0,AT Lv.15,14.38,13.57,0.81,718,133.5
51730,再度和你,13.800019,AT13,13.65,12.86,0.79,665,178.6
51734,嘻哈闯世界,15.300001,IN Lv.15,15.24,13.72,1.52,1234,133.6
51746,アリスのマジカルハッピーワールド,14.0,IN Lv.14,14.23,13.02,1.21,999,171.4
51758,Encroached Sky,14.8,IN Lv.14,14.61,13.74,0.87,571,109.7
51764,Tales of Neverland,12.0,IN Lv.12,13.46,12.71,0.74,591,112.5
51773,The River,14.0,IN Lv.14,13.14,12.34,0.8,700,151.6
51795,Credits,12.500006,HD Lv.12,12.55,11.84,0.71,621,95.9
51818,emp,15.0,IN Lv.15,15.57,14.24,1.33,1200,128.0
51837,GOODWORLD,16.500002,AT Lv.16,17.08,15.63,1.44,1302,128.0
51840,天使のクローバー,15.1,IN Lv.15,15.32,14.33,0.99,1124,106.8
51841,不乱不破,13.900001,IN,15.09,14.13,0.96,1183,135.8
51848,:3c,16.7,AT Lv.16,17.4,15.77,1.62,2026,192.6
51850,Furry Adventure Triad,16.0,IN  Lv.15,14.94,13.52,1.42,2000,258.8
51851,宙天,16.7,IN Lv.16,17.31,15.83,1.48,1569,151.7
51860,志铭,16.2,AT Lv.16,16.58,14.7,1.88,1800,300.9
51861,青春のアーカイブ,16.0,Blue Archive Lv.16,16.15,14.99,1.16,1190,247.3
51864,我ら!ゴミ分別団,10.0,SP Lv.?,13.64,13.12,0.53,600,124.7
51868,Sakura Fubuki,14.200009,IN Lv.14,14.56,13.73,0.83,768,112.5
51883,残痕字,13.900001,IN Lv.13,14.14,13.52,0.62,646,96.2
51889,I Can't Wait（feat GUMI）,12.0,↑ Lv.12,11.97,11.29,0.68,508,90.2
51894,青い果実,15.600002,IN Lv.15,14.66,13.85,0.81,837,87.1
51904,TremENDouS,15.000004,TrueEnding,19.0,15.49,3.51,6978,433.6
51914,飾って,13.1,IN Lv.13,13.06,12.38,0.68,540,109.2
51924,おにあい（讴溺爱）,15.700003,AT Lv.15,14.73,13.67,1.06,941,140.3
51929,The Power Of Underground,19.0,AT Lv.19,19.44,16.25,3.19,4718,256.8
51941,ドッペルゲンガー,14.800003,IN  Lv.14,15.27,14.06,1.22,1037,196.6
51952,stεganography,17.700003,AT Lv.17,18.37,15.51,2.86,6204,319.1
51955,Vindicate Me,10.0,SP Lv.NL,15.38,14.31,1.07,1140,189.0
51959,相见欢,12.0,IN  Lv.12,9.81,9.37,0.44,360,160.1
51964,Play,14.3,14,14.42,13.97,0.45,710,152.6
51984, 不死身ごっこ feat. 初音ミク,17.0,AT Lv.17,16.7,15.39,1.32,1324,146.9
52019,Limen,15.300001,IN Lv.15,14.88,13.88,1.0,976,148.4
52032,黑神话：悟空 (PIKASONIC Remix),15.600002,AT Lv.15,14.84,14.14,0.7,803,96.0
52049,トリックハート,15.399998,IN Lv.15,14.27,13.56,0.72,639,134.4
52051,Armageddon,16.0,IN Lv.16,16.52,15.17,1.35,1263,132.5
52052,INFINITE HYPERDRIVE,16.2,IN Lv.16,15.9,14.98,0.92,1156,134.9
52053,あのね,15.8,IN Lv.15,16.04,15.17,0.88,1121,187.4
52055,Ex-Otogibanashi (Anime ver.),15.0,IN  Lv.15,14.54,13.86,0.68,718,103.0
52056,お願い！コンコンお稲荷さま,16.0,AT.16,16.12,14.94,1.18,1756,236.9
52061,Wer ich bin,14.0,IN Lv.14,13.75,12.73,1.01,768,183.4
52086,悠久の翼 (ef - the first tale.より),17.600002,AT Lv.17,17.3,16.28,1.02,1369,130.4
52087,Lost Requiem,17.900003,SE Lv.17,18.07,15.54,2.52,4892,539.0
52095,Catharsis,16.400002,IN Lv.16,16.13,14.9,1.23,1214,140.9
52097,逆_,15.0,IN Lv.15,15.34,14.28,1.05,1164,146.4
52099,DANÇA DO VERÃO,15.0,AT Lv.15,13.69,13.21,0.48,300,59.2
52101,限りなく灰色へ,15.400002,IN Lv.15,14.73,14.13,0.6,934,116.1
52104,KENSEI,14.0,IN Lv.14,14.65,14.03,0.63,631,118.2
52136,Dahlia,16.0,AT Lv.16,16.41,15.34,1.07,1045,118.1
52138,Algebra,16.0,IN Lv.16,15.92,14.38,1.54,1639,260.3
52145,驟雨の狭間 (Rainshower),16.0,IN  Lv.16,15.88,14.26,1.61,2350,220.3
52146,Eureka,16.900003,AT Lv.16,17.72,16.42,1.3,1160,137.2
52174,Seven,12.900001,IN Lv.12,11.97,11.57,0.4,604,142.5
52178,LAIGN,16.400002,IN Lv.16,16.53,15.06,1.47,1096,139.2
52182,星と僕らと (tofubeats Remix),14.999999,IN Lv.15,14.05,12.77,1.28,1551,220.2
52190,Aoharu Band Arrange,14.500002,IN Lv.14,14.26,13.62,0.65,821,105.7
52193,°F,15.0,AT Lv.15,16.64,15.55,1.09,1433,164.7
52201,Fatalisme,16.0,IN Lv.16,16.75,15.56,1.19,1201,137.1
52211,皮肉,14.0,MI Lv.14,14.88,13.83,1.06,1177,150.0
52219,Journey,20.0,IN Lv.16,15.58,14.71,0.87,1171,156.6
52237,L.O.V.E.S.I.C.K,15.700001,IN Lv.15,15.67,14.62,1.05,1172,142.5
52244,あのね,15.0,IN  Lv.15,14.17,13.17,0.99,999,187.3
52253,不乱不破,15.3,AT Lv.13,14.21,13.44,0.78,754,124.9
52262,Limen,18.0,Requiem Lv.18,18.0,16.36,1.64,1517,148.4
52263,英雄主义,13.199997,IN Lv.13,13.11,12.63,0.49,586,118.0
52276,_,16.600002,IN  Lv.16,16.75,15.01,1.74,2444,215.7
52286,異想天,16.1,IN Lv.16,15.56,14.66,0.9,1111,96.6
52293,fun TIME,15.600002,IN Lv.15,15.32,14.5,0.82,1272,165.6
52316,Mado,16.000002,SP Lv.?,16.52,15.35,1.18,1095,198.6
52322,BF2014,18.0,AT Lv.18,18.22,16.48,1.74,1786,119.1
52324,霜雪千年,14.9,VC Lv.14,14.2,13.32,0.88,545,96.0
52326,Tithonus,14.500002,IN Lv.14,15.09,14.11,0.98,1000,129.6
52328,カナデトモスソラ,15.400002,AT Lv.15,15.32,14.25,1.07,1210,242.7
52329,Re:Sin,16.1,IN Lv.16,15.61,14.54,1.07,1304,150.8
52351,Singularity,14.1,IN Lv.14,13.84,12.94,0.89,1002,145.2
52361,stεganography,17.700003,AT Lv.17,18.37,15.51,2.86,6204,319.1
52382,英雄,15.300001,IN Lv.15,15.83,14.82,1.0,881,88.6
52391,天方地園,16.900002,AT  Lv.16+,16.64,15.78,0.87,1161,147.2
52397,BLUE SKY,17.600002,AT Lv.17+,17.86,16.31,1.55,1133,79.3
52398,CROSS†OVER,15.600002,IN Lv.15,15.55,14.42,1.13,1224,135.0
52411,ReDreaming Angel 复梦天使,16.200003,AT Lv.16,16.3,15.09,1.21,1377,181.0
52417,匙ノ咒,15.500002,IN Lv.15,15.11,13.7,1.41,2183,256.4
52419,情绪回收站（新）,13.400002,IN Lv.13,13.67,12.72,0.95,585,113.5
52423,Exit This Earth's Atomosphere,17.700005,AT Lv.17+,18.52,16.05,2.47,4199,327.5
52426,世末积雨云,14.900002,End Lv.14,15.45,14.22,1.23,1500,199.0
52427,LiFE Garden(Extended Mix),9.0,HD Lv.14.9,16.12,14.08,2.05,2668,296.4
52435,Orphe,15.300001,IN Lv.15,14.79,14.04,0.75,941,118.3
52443,Immaculate,17.0,AT Lv.17,17.47,16.01,1.46,1643,187.8
52448,the EmpErroR,16.199999,IN Lv.16.2,16.46,15.44,1.02,1137,124.2
52450,Bathin,17.900002,AT Lv.17+,17.83,16.56,1.27,1400,141.6
52452,DIGITAL:CANVAS,16.300001,AT Lv.16,16.04,15.02,1.01,1105,127.2
52453,The JOJOLANDS OP：Make it rain,13.700003,IN Lv.13,13.32,12.98,0.34,396,103.3
52455,Safe Space,16.100004,AT Lv.16,15.41,14.23,1.18,1577,201.1
52470,但,15.200001,IN Lv.15,15.52,14.37,1.15,751,136.1
52476,生と死のある世界へ,13.1,IN Lv.13,10.96,10.22,0.74,450,106.5
52480,Lose Control,14.999999,AT Lv.15,14.84,13.34,1.5,2026,221.8
52482,Sphalerite,18.0,AT Lv.18,18.28,15.84,2.44,3295,150.3
52484,猫化現象Lv.100,14.0,MI Lv.14,14.47,13.4,1.07,1031,153.7
52527,Sterelogue,14.800003,IN Lv.14,15.34,14.41,0.94,870,123.4
52539,惡靈,15.500002,IN Lv.15,15.59,14.41,1.18,1180,138.4
52541,超ナイト・オブ・ナイツ,18.1,AT Lv.18,18.26,15.93,2.34,1780,118.4
52542,Gate Openerz,19.0,TB Lv.19,19.19,16.26,2.93,4514,254.9
52543,哀煉獄歌,19.0,AT Lv.19,19.13,16.12,3.01,2871,156.0
52547,Traxxendenza,18.600002,AT Lv.18,18.83,16.54,2.28,2116,148.3
52549,Find You (Edit),17.2,AT Lv.17,17.49,15.83,1.65,1644,171.8
52558,To:Be Continued,18.100004,AT Lv.18,18.01,16.41,1.6,1350,129.1
52573,POTENTIAL,17.1,AT  Lv.17,17.36,15.98,1.39,1516,134.1
52574,He asked me if I exercise and I said I play Wii Sports Resort,18.0,AT Lv.18,18.53,16.51,2.02,1894,130.9
52578,Cries of a Spirit,16.600002,IN Lv.16,17.2,15.4,1.8,2026,155.7
52586,白菊 -shiragiku-,14.700001,IN Lv.14,14.52,13.91,0.61,700,95.4
52592,RE Aoharu,20.0,Vol. Final,14.74,14.07,0.67,884,152.5
52594,ジョーファイ子-だって、音割れちゃ^うんだもんっ★,7.1,AT Lv.?,17.37,15.8,1.57,2063,176.3
52597,Eternal SubconsciencƎ,18.900003,AT Lv.18,19.38,15.62,3.76,6000,337.6
52599,EDM Jumpers,18.0,AT Lv.18,18.41,16.25,2.17,2361,139.0
52602,Mement Mori,15.0,IN Lv.15,16.64,15.06,1.58,1708,243.2
52619,Out of Control,18.4,AT Lv. 16,16.15,14.78,1.37,1436,107.9
52626,I Can't Wait feat. GUMI,18.0,AT Lv.18,18.05,16.19,1.86,1417,90.5
52630,HIDE & SEEK,14.200001,FM Lv.14,14.62,13.5,1.13,543,94.5
52639,盗墓笔记十年人间,2.9999998,IN Lv.12,13.22,12.04,1.19,673,165.3
52647,春嵐,15.700003,AT Lv.15,15.76,14.74,1.02,1251,143.1
52649,CALAMITY RHAPSODY,17.0,AT  Lv.18,18.4,15.97,2.43,3277,247.6
52674,Shizuku(feat.NEONA),17.300001,AT Lv.17,17.23,16.1,1.13,1560,168.0
52675,ヒアソビ,15.700003,IN Lv.15,16.12,14.8,1.32,1900,239.6
52678,Rise into the Ray -Funkot ver.-,16.0,AT Lv.16,17.83,15.53,2.3,2229,136.9
52679,Inverted  World,15.0,IN Lv.15,14.82,14.09,0.73,746,117.2
52687,BRAVE：ROAD,16.400002,IN Lv.16,16.49,15.39,1.1,1200,147.0
52691,愛言葉V,14.300001,IN Lv.14,14.46,13.35,1.11,928,208.7
52697,星云,16.1,AT  Lv.16,16.28,14.97,1.31,2129,216.2
52706,Infinity Heaven,13.900001,IN Lv.13(.9),14.74,13.8,0.94,945,146.2
52709,In Love,10.0,IN Lv.Love,14.66,13.47,1.19,1314,229.8
52710,Solace,16.0,IN Lv.16,16.6,14.96,1.63,2564,261.4
52731,「哥伦比娅：飞往何方」,14.0,IN Lv.14,13.43,12.64,0.8,598,195.8
52734,除夕,14.0,CNY Eve  Lv.14,14.67,13.71,0.96,1035,197.3
52744,Comet,16.600002,AT  Lv.16,17.39,15.9,1.49,1421,141.3
52745,Totality and Infinity,16.0,IN Lv.16,15.51,14.4,1.12,1214,131.7
52746,Bathin,16.600002,IN Lv.16,16.73,15.74,0.99,1098,141.6
52756,吴织速核,18.2,SHINOBI Lv.18,18.02,15.92,2.09,2309,160.0
52757,完美偶像,10.0,SP Lv.Aha!,16.96,15.64,1.33,1240,102.8
52764,Celestial Horizon,16.7,AT Lv.16,17.14,15.94,1.19,1077,137.1
52767,火花,14.1,IN Lv.14,14.28,13.12,1.15,724,179.8
52784,ABYSS MOTION 192.333,16.800003,AT Lv.16,16.64,15.57,1.07,1123,122.2
52785,In Love,10.0,IN Lv.Love,14.66,13.47,1.19,1314,229.8
52792,Solace,15.500002,IN Lv.15,15.3,13.88,1.43,1555,239.3
52794,Greeting into Abysschaos,17.300001,AT Lv.17,17.89,16.08,1.82,1748,134.5
52799,Unlimited Hyperlink,16.999998,Unlimited,19.22,16.3,2.92,3000,186.2
52816,春节序曲 (Cut ver.),10.900003,IN  Lv.10,13.62,13.15,0.46,433,64.5
52817,神のまにまに,14.0,IN.Lv.14,14.94,13.63,1.31,1399,248.9
52819,End Time,16.300001,IN Lv.16,16.26,15.1,1.16,1000,127.5
52826,HELLO （BPM）SUPERMIX,17.1,AT. Lv 17,18.88,15.49,3.39,7000,266.1
52827,ズットキット・プライマリ,14.900004,IN Lv.14,14.83,13.74,1.09,1742,227.0
52828,Disorder,17.0,AT Lv.17,17.63,16.18,1.45,1280,123.9
52832,蜘蛛の糸,17.0,AT Lv.17,17.34,16.02,1.32,1279,134.0
52836,Pyrocrypt,16.400002,IN Lv.16,16.18,14.82,1.37,1797,178.6
52848,俯瞰する廃墟(ZENITH 2026),19.1,RUINS Lv.19,19.06,17.19,1.87,1990,145.8
52857,Hoshizora no Kanransha,20.0,IN Lv.15,15.53,14.91,0.62,990,122.3
52871,Quadruplicity,16.0,IN  Lv.16,15.36,14.24,1.12,1220,139.5
52876,IA_V6_30sSongs,14.0,AT Lv.14,14.15,13.4,0.75,184,30.3
52890,Mizuoto to Curtain,17.000004,AT Lv.17,17.43,15.98,1.45,1471,166.5
52892,QZKago Requiem,14.8,HD Lv.14,15.07,14.34,0.73,1018,133.3
52896,IA_V6_30sSongs,15.0,IN Lv.14,14.46,13.73,0.73,123,24.8
52897,Last Resort,17.800003,AT Lv.17,18.56,16.09,2.47,1930,118.2
52923,Encountered(PV6bgm),15.700003,IN Lv.15,15.51,14.58,0.93,838,125.8
52925,Doomer,13.7,IN Lv.13,13.48,12.15,1.33,896,146.1
52928,Dreamseeker,17.800003,AT Lv.17,18.25,16.17,2.07,2026,142.3
52943,Bismuth,18.300005,Bi Lv.?,18.42,16.15,2.27,3226,285.1
52967,庙会,14.500002,IN Lv.14,14.02,13.32,0.7,764,115.8
52976,Luv Letter (Wisp X Remix),15.200001,IN Lv.15,15.09,14.04,1.05,1314,207.5
52980,Regrets and Dream,15.400001,IN Lv.15,15.36,14.3,1.05,1048,161.5
52982,MarbleBlue.,17.300001,AT 17,17.81,16.29,1.52,1644,152.4
53011,一千零一夜,13.200012,IN Lv.13,15.13,13.67,1.47,987,171.7
53015,Grin,15.900003,IN Lv.15,16.5,15.19,1.31,1207,132.9
53017,Bon Voyage!,12.800003,IN Lv.12,13.43,12.94,0.48,349,74.6
53022,IF = Infinity,15.600002,IN Lv.15,15.65,14.03,1.62,2590,390.4
53030,Innocent,18.0,AT Lv.18,17.95,16.06,1.88,1914,118.9
53056,循迹,10.0,HD Lv.10,13.92,13.12,0.8,762,190.3
53070,Immaculate,17.2,AT Lv.17,17.46,16.2,1.27,1574,176.5
53075,αterlβus (2025 Remaster),16.900003,AT Lv.16,17.43,16.17,1.26,1136,118.2
53080,Infinity Heaven,15.0,AT Lv.15,14.19,13.4,0.79,757,144.1
53081,うそつきマカロン,14.3,LOVE Lv.14,13.88,13.23,0.65,703,74.2
53089,トリックハート,31.0,PR Lv.31,15.18,14.17,1.0,1284,153.2
53092,Cradle your moments,15.0,IN Lv.15,14.57,13.64,0.93,1007,157.0
53094,Raina,14.6,IN Lv.14,14.45,13.48,0.97,914,144.1
53108,Ex-Otogibanashi (Anime ver.),18.200012,AT Lv.18,18.48,16.91,1.58,1214,103.1
53109,Precipice,15.200001,IN Lv.15,14.38,13.51,0.87,826,183.3
53115,イコラト,15.1,IN Lv.15,14.77,13.89,0.89,1084,181.3
53117,Inevitability,15.500002,IN Lv.15,15.93,14.57,1.36,1310,151.1
53118,宵焔桜火,16.2,IN Lv.16,16.0,14.81,1.19,1249,139.3
53127,Korolev十字绽开，卡门线上化作花束,15.200001,IN Lv.15,14.79,13.96,0.83,1040,141.4
53147,うそつきマカロン (feat. 重音テト),7.0,EZ 7,10.04,9.41,0.63,520,141.5
53150,うそつきマカロン (feat. 重音テト),15.0,IN 15,15.43,14.56,0.87,1000,141.5
53151,ループザルーム,14.900001,IN.LV.14.9,14.2,13.55,0.65,731,128.9
53153,Krave,16.0,IN Lv.16,15.67,14.47,1.2,1159,130.6
53154,Dusk Till Dawn,13.600002,IN  Lv.13,13.9,13.04,0.86,701,123.1
53170,今までの軌跡,9.0,IN Lv.9,6.21,5.84,0.38,55,20.5
53173,Suger Crash,13.199999,IN Lv.13,13.74,13.19,0.55,393,90.0
53188,優しさに触れて,12.0,IN Lv.12,7.69,7.3,0.39,315,92.9
53193,Survivors,15.0,IN Lv.15,14.44,13.57,0.86,892,217.5
53211,コントロールできない感情という変数,15.500001,IN 15.3,15.32,13.9,1.42,1598,212.1
53215,うそつきマカロン,15.0,IN Lv.15,14.57,13.12,1.45,1447,164.7
53224,REACTOR(REMAKE),17.0,AT Lv.17,18.23,15.7,2.53,2778,153.8
53226,Eviternity,16.9,AT Lv.16+,18.43,16.32,2.11,2499,188.0
53233,土坡上的狗尾巴草,13.5,IN,13.67,12.65,1.02,657,181.2
53235,Subterranean Blastoff,15.0,IN Lv.15,16.17,14.72,1.45,1194,118.8
53239,IF = Infinity,17.299997,AT Lv.17,17.98,15.88,2.1,4342,406.7
53252,IF = Infinity,17.600002,AT Lv.17,17.77,15.7,2.07,3823,390.1
53257,群青シグナル,15.1,IN Lv.15,15.12,14.23,0.89,1100,144.2
53265,Ex-Otogibanashi,16.2,IN Lv.16,15.84,14.36,1.48,1668,211.6
53269,メッちゅう殴打(feat.山田じぇみ子),16.400002,AT Lv.16,16.45,15.14,1.3,1300,123.5
53272,Zone 22 (From Rolling Sky),15.0,IN Lv.15,15.23,14.52,0.71,666,112.5
53295,Schwarzschild,17.2,AT Lv.17,17.37,16.35,1.02,786,95.7
53300,星降る夜と一輪の花,14.800003,IN Lv.14,15.27,14.25,1.02,1091,168.1
53302,croiX,16.100004,IN Lv.16,16.21,14.89,1.32,1131,110.0
53316,伊天珀凌,15.0,IN Lv.15,15.81,14.85,0.96,1171,121.3
53317,Dreamseeker,17.6,SP Lv.?,17.6,16.21,1.4,1427,136.3
53320,Finixtahv,16.0,AT 16,17.12,15.55,1.58,1621,132.3
53350,Deda Dash,15.599998,RM Lv.15,14.96,13.83,1.13,1314,174.4
53351,Astronomy,14.400002,IN Lv.14,13.98,13.21,0.77,1000,194.3
53355,Hellblaze,16.400002,IN Lv.16,16.64,15.58,1.06,1073,97.9
53365,バッドビートベイビー,31.0,PR Lv.31,15.65,14.93,0.71,983,137.8
53368,LiFE Garden(Extended Mix),16.7,IN Lv.16.7,17.18,14.98,2.2,2886,296.4
53372,Infinity Heaven,16.1,AT LV.16,16.14,15.23,0.91,1418,146.9
53379,bi,14.200001,AT,14.49,13.81,0.68,313,40.0
53382,きらめき＊Chocolaterie,13.0,IN Lv.13,13.62,13.15,0.46,555,89.6
53393,ツキミチシルベ (feat. 初音ミク & 可不),14.200001,IN Lv.14,14.56,13.43,1.13,1196,157.8
53411,Era Breath,16.0,IN Lv.16,16.0,14.81,1.19,1217,124.8
53436,FORViDDEN ENERZY-Fataldoze-,17.0,AT Lv.17,17.61,16.33,1.28,1099,94.1
53439,Automaton Waltz,14.6,IN Lv.14,14.49,13.29,1.2,1479,196.5
53460,Queen Aluett -女王アルエット-,17.400002,AT Lv.17,17.5,15.81,1.69,1911,146.0
53464,「ray」 (超かぐや姫! Ver.),14.400002,IN Lv.14,13.97,13.26,0.71,740,125.6
53473,Mystery of Love,13.0,IN Lv.13,13.45,13.13,0.33,634,142.2
53475,Time Tears,15.400001,IN Lv.15,14.73,14.07,0.66,919,123.4
53476,Inverted World,16.400002,AT  Lv.16,15.96,14.93,1.02,920,117.3
53491,Fallen,14.7,IN Lv.14,14.71,13.99,0.72,925,136.5
53495,親愛なるあなたは火葬,16.2,IN Lv.16,17.04,15.1,1.94,2050,253.7
53496,「僕は…」,14.0,IN Lv.14,14.42,13.34,1.08,536,82.5
53497,LegenD.,16.300001,IN Lv.16,16.13,14.77,1.37,1156,116.8
53502,幸福刑,14.600002,IN Lv.14,14.32,13.42,0.9,846,171.0
53510,虚幻曙光,15.0,IN Lv.15,14.25,13.17,1.08,1140,212.1
53528,无呼吸义务,16.000004,IN,16.37,14.71,1.66,1969,199.3
53530,ABYSS MOTION 192.333,16.300001,AT Lv.16,16.42,15.23,1.18,1135,122.2
53532,TEmPTaTiON,16.0,IN Lv.16,15.6,14.46,1.14,1232,135.0
53553,Mipha's Theme,11.0,IN.11,7.9,7.45,0.45,215,99.8
53555,僕らの記憶を掠わないで,13.900001,IN Lv.13,13.05,12.31,0.74,863,176.0
53591,GIGANTØMAKHIA,17.0,AT Lv.17,17.82,16.11,1.72,1468,126.2
53593,伴月同眠,12.200001,AT  Lv.12,11.05,10.69,0.36,297,108.3
53600,Journey,15.0,IN Lv.15,15.61,14.43,1.18,1111,130.8
53601,少年游,15.0,IN Lv.15,13.32,12.74,0.58,691,136.4
53602,勾指起誓,13.000001,IN Lv.13.0,13.14,12.62,0.52,500,100.2
53609,Forest of Clock,15.0,IN Lv.15,14.91,14.16,0.75,853,131.7
53613,First Step,15.300001,IN Lv.15,14.37,13.53,0.85,852,147.4
53620,Engraved Fox,16.0,IN  Lv.16,15.0,14.09,0.91,1221,135.4
53627,Atamytai II,15.0,AT Lv.15,16.34,15.13,1.22,1532,158.1
53634,诀别无尽夏,14.000004,AT Lv.14,14.1,13.3,0.8,630,125.8
53635,トレセン音頭 ,15.500002,IN Lv.15,15.03,13.96,1.07,927,133.2
53636,四基·冬,16.400002,IN Lv.16,15.91,14.48,1.43,1677,197.6
53638,Aces(Sped up Version),16.2,AT Lv.16,14.45,13.78,0.68,874,99.8
53642,Abyss Traps,15.0,AT Lv.15,14.78,13.6,1.17,1225,142.1
53645,Reverse Solidus,16.5,AT Lv.16,16.69,15.54,1.15,1469,142.5
53646,SHIOMI YORU,15.000007,IN,15.68,13.88,1.8,1644,175.4
53656,ノンブレス・オブリージュ,15.6,IN Lv.15,15.17,14.4,0.77,767,129.5
53672,Sleeping City Funk,14.0,AT Lv.14,14.17,13.72,0.45,740,98.1
53675,虛無さん,15.800001,IN  Lv.15,15.21,14.1,1.1,915,146.1
53678,嗵嗵,15.0,Lv.15,16.24,14.98,1.26,1400,240.0
53682,Constant Moderato,12.9,IN Lv.12,13.2,12.52,0.68,619,126.4
53717,Emeralda,16.2,IN Lv.16,16.41,14.73,1.68,1777,171.6
53731,ループザルーム(Looping The Rooms),14.500002,IN  Lv.14,14.67,13.79,0.88,900,124.3
53732,イガク,14.299999,IN  Lv.14,14.52,13.8,0.72,573,67.9
53735,恭喜发财 (bobawhale remix),15.0,IN  Lv.15,14.53,13.5,1.03,742,111.5
53737,星降る海(Anime ver.),13.700003,IN Lv.13,11.04,10.19,0.85,532,128.2
53744,庙会,13.0,IN  Lv.13,13.64,12.71,0.94,650,115.8
53746,I,17.000004,AT Lv.17,17.69,16.3,1.39,1373,118.7
53753,ドッペルゲンガー ,15.8,BTR Lv.15,15.87,14.44,1.43,1482,207.0
53757,Break the Speakers,16.0,IN Lv.16,16.02,14.61,1.41,1644,127.1
53761,臙脂,15.3,IN Lv.15,14.55,13.51,1.04,904,158.3
53762,Daylight,13.1,IN  Lv.13,13.45,12.96,0.49,520,156.9
53770,Akage(feat.Hatsune Miku),14.700003,IN Lv.14,14.59,13.61,0.98,1117,134.6
53783,【AI音理x狩叶】動く、動く（Edited Version）,14.700003,IN Lv.14,14.86,13.58,1.28,1317,185.4
53788,5tarlight*Departure,15.600001,IN Lv.15,15.6,14.83,0.78,1027,169.1
53789,Calamity of the Mystic Garden  Doom,17.800001,AT Lv.17+,17.95,15.84,2.11,2588,183.9
53791,5tarlight*Departure,17.400002,AT Lv.17,17.56,16.14,1.42,1690,170.4
53792,プレイ,15.099999,IN,15.26,13.68,1.58,1305,157.3
53794,愛の残滓,15.600002,IN Lv.15,14.69,13.47,1.22,1407,182.8
53804,痴人说梦,14.900003,HA Lv.14,14.68,13.92,0.77,831,109.8
53823,食通万物 修心修身(冰火歌会ver.),16.300001,IN  Lv.16,16.38,14.93,1.45,1777,193.1
53832,Xenophobia,16.2,IN Lv.16,16.67,14.86,1.81,1842,198.6
53837,Masquerade,15.700003,IN Lv.15,15.02,13.86,1.15,1175,192.2
53840,Fueled by Determination,15.700001,IN Lv.15,16.9,15.9,1.0,1157,192.0
53848,Journey,15.200001,IN  Lv.15,14.45,13.87,0.58,680,122.4
53854,Comet,15.700003,AT  Lv.15,14.66,13.82,0.84,600,141.4
53862,the world of scarlet,16.1,IN Lv.16,15.05,14.29,0.76,859,111.9
53879,Mario Paint,18.000004,EX Lv.18,17.01,15.25,1.76,1580,98.3
53884,Quaoar,16.600002,IN Lv.16,16.7,15.24,1.46,2059,268.6
53895,Biri-Biri,14.700003,POKE Lv.14,14.89,13.65,1.25,1168,183.5
53897,ワールドイズマイン (かぐや&月見ヤチヨ ver.),14.300001,IN  Lv.14,13.8,13.21,0.59,557,85.4
53903,纵此生,14.500001,IN  Lv.14.5,11.39,10.73,0.66,485,116.1
53905,暮色浓妆,13.0,IN Lv.13,13.55,13.02,0.53,479,119.5
53906,T氏の話を信じるな,12.0,IN Lv.12,15.22,14.2,1.02,916,156.1
53908,氷滅の135小節,16.300005,IN Lv.16,16.07,14.75,1.32,1460,142.8
53920,山海,6.0,easy.6,9.94,8.89,1.05,536,222.0
53934,Say Yeah,13.7,MAR.7th-Lv.13.7,14.56,13.7,0.86,961,203.6
53944,新年,16.300001,AT Lv.16,16.27,15.39,0.88,1135,116.7
53955,πevergod,15.700003,IN Lv.15,15.59,14.24,1.35,1444,157.0
53958,Pastel Lines,1.0,EZ Lv.1,5.88,5.68,0.21,70,87.6
53961,AIone InteIIigence,16.5,IN Lv.16,16.53,14.89,1.64,1536,155.1
53962,うそつきマカロン (feat.重音テト),15.0,IN Lv.15,14.7,13.75,0.94,1025,156.0
53967,枢纽,15.400001,IN Lv.14+,14.32,12.93,1.39,1000,127.5
53975,Mare Maris,14.0,IN Lv.14,15.24,14.43,0.81,934,124.6
53983,Akage(feat.Hatsune Miku),14.700003,IN Lv.14,14.59,13.61,0.98,1117,134.6
53993,温柔的回忆,17.0,AT Lv.17,17.92,15.86,2.05,3100,289.1
53998,I Lost My Mind (feat. Lizzie Freeman & Michael Kovach),14.700002,IN,12.53,11.42,1.1,966,227.3
54000,Fight Against the Past,14.800003,Exorcise Lv.14,19.08,15.4,3.68,7168,343.1
54015,カラフルビート(feat.ユメ&ユウ),15.600002,IN Lv.15,15.83,14.71,1.12,1060,129.5
54016,ユダ,14.800003,IN Lv.14,15.71,14.09,1.62,2479,219.5
54028,My First Phone,13.8,IN Lv.13,14.35,13.61,0.74,678,133.7
54032,甜蜜出逃,14.1,IN  Lv.14,14.19,13.23,0.96,928,177.9
54039,Third Sun,15.799997,AT Lv.15,15.85,14.68,1.17,1300,152.9
54048,Disorder,16.800003,AT Lv.16,17.25,15.9,1.35,1838,117.7
54056,月华游,13.500002,IN  Lv.13,13.68,13.25,0.44,692,91.8
54079,驟雨の狭間,12.0,HD Lv.12,13.25,11.75,1.5,1246,209.7
54084,巫术之夜,15.500002,IN Lv.15,15.13,14.09,1.04,1035,149.4
54086,Chrono,2026.0,YEAR Lv.2026,13.75,13.01,0.74,1232,131.6
54093,ミライパスポート,17.0,AT Lv.17,17.55,15.84,1.71,2142,214.5
54096,Nick of Time,16.400002,AT Lv.16,16.64,15.93,0.71,888,133.0
54117,潜リ在ル,16.1,IN Lv.16,16.41,15.24,1.17,1472,125.7
54126,Episodic Rain,14.700002,IN 14.7,12.1,11.09,1.01,681,188.8
54135,ニッヨと遊ぼう,12.099999,IN Lv.12,13.19,12.7,0.48,520,89.8
54138,空月,15.500002,月 Lv.15,14.74,13.81,0.92,1051,120.0
54139,神話,14.0,IN  Lv.14,13.79,13.25,0.54,755,109.8
54150,Sumi,15.299995,IN,15.26,14.07,1.19,961,117.2
54160,トゥルーエンド,12.0,IN Lv.12,10.77,10.09,0.67,516,132.2
54165,Tsathoggua,16.0,IN Lv.16,17.04,15.54,1.51,1720,145.6
54169,Le Porteur d'Ombre,16.0,IN Lv.16,17.26,15.7,1.56,1500,143.7
54176,立春,13.900001,IN Lv.13,13.12,11.87,1.24,849,146.5
54194,Ohhhhohohoho!,4.0,IN Lv.4,9.31,8.49,0.81,39,6.9
54200,ゴーカ！ごーかい！？ファントムシーフ！,15.700003,IN  Lv.15,14.31,13.48,0.82,666,97.6
54218,Unlimited Hyperlink,16.300001,IN.16,16.54,15.18,1.36,1853,185.6
54220,Sakuyahime (Game ver.),17.000004,AT Lv.16,17.58,15.89,1.69,1980,162.0
54228,意外,12.000001,12,9.03,8.16,0.87,416,245.3
54243,Jade Star,13.0,IN Lv.13,14.47,13.67,0.81,830,123.2
54244,colorful,13.900003,IN Lv.13,14.48,13.7,0.78,813,137.1
54259,天使加载中 Angel Loading,15.600002,IN Lv.15,15.08,13.89,1.18,1176,207.1
54284,エンパープル,14.0,IN Lv.14,14.96,14.11,0.85,985,175.5
54287,T氏の話を信じるな,11.400001,IN Lv.11,15.22,14.2,1.02,916,156.1
54292,痴人说梦,13.6,IN Lv.13,14.0,13.42,0.58,625,111.6
54308,Straight into the lights,15.700001,IN Lv.15,15.4,14.26,1.14,1000,135.3
54337,Theme of SSS,12.0,IN Lv.12,11.36,10.71,0.65,418,105.5
54349,半道英雄,15.49999,IN,15.78,14.19,1.59,2378,397.2
54363,深海少女,5.899999,EZ  Lv.5,11.17,10.41,0.76,260,59.5
54366,UNBOUNDED,16.5,IN Lv.16,17.07,15.62,1.45,1772,149.3
54367,I Can't Wait,13.0,AT Lv.13,13.44,13.08,0.36,349,75.7
54372,星河追梦,9.0,HD Lv.9.9,9.14,8.96,0.18,250,142.0
54378,追寻,14.0,IN Lv.14,13.22,12.65,0.57,445,93.2
54379,Lockdown(feat.NEONA),14.800003,IN Lv.14,15.2,14.37,0.83,833,203.0
54409,Beyond the way,14.099999,lN Lv.14,13.95,13.03,0.92,1000,110.9
54412,Fantastic Sweet House,13.500002,IN Lv.13,13.69,12.97,0.72,547,109.7
54415,FUNK DO ELEVATOR,15.299997,AT/SP Lv.?,14.38,13.79,0.59,700,81.9
54420,パノプティコン,14.100004,r-Lv.14,14.37,13.29,1.07,1496,241.6
54429,I LOVE U TOO（CoryTheWolf remix）,14.600002,Furry Lv.14,13.68,12.8,0.89,788,145.3
54432,Curtain Call Suite - Treasured Melodies,15.0,AF Lv.15,15.57,13.26,2.31,2133,517.6
54433,PARTY ROCK ETERNITY ,15.0,POKE Lv.15,15.67,14.68,0.99,1118,157.0
54456,Final Resonance,15.0,IN Lv.15,14.85,13.95,0.89,914,137.8
54459,Alfheim's faith,15.9,IN Lv.15,15.42,14.5,0.92,1030,130.5
54460,粗线条的雨,13.0,IN Lv.13,11.51,10.89,0.62,527,158.1
54463,ABYSS MOTION 192.333,16.0,AT Lv.16,16.96,15.86,1.1,1273,122.0
54467,月が綺麗ねと言われたい！,14.400002,IN Lv.14,14.33,13.59,0.74,899,145.1
54496,时·忆 TiMe-mory ,16.699999,AT Lv.17,15.08,14.61,0.47,581,103.3
54502,Still Alive (feat. WaMi),14.799999,IN Lv.14,14.51,13.7,0.82,735,172.8
54507,未完成ランデヴー,13.0,IN Lv.13,13.21,12.41,0.8,638,154.6
54513,唤醒秋天,13.500002,IN Lv.13,12.04,10.97,1.07,666,162.0
54514,ループザルーム,13.0,AT Lv.13,14.23,13.11,1.11,800,129.6
54520,Merry Christmas Mr.Lawrence,15.900001,IN Lv.15,13.72,12.12,1.6,1225,328.1
54526,バイバイキノコ,14.300001,IN Lv.14,15.66,14.06,1.59,1584,136.8
54530,裏表ラバーズ,14.900003,IN Lv.14,15.09,14.11,0.98,736,101.5
54536,Night of Knights,17.200027,AT LV.17,16.22,15.31,0.91,1060,107.3
54538,FORViDDEN ENERZY -Fataldoze-,16.400002,AT Lv.16,16.87,15.9,0.97,905,94.1
54544,Give Me Something,13.500002,IN Lv.13,14.07,13.56,0.51,840,152.5
54551,晨光熹微,14.600002,CY Lv.14,14.07,13.52,0.55,677,112.5
54552,ニニ-邇々,14.500002,IN Lv.14,14.04,13.48,0.55,692,136.2
54559,"Fragile, Aberrant Blossom",17.500002,AT  Lv.17,17.49,16.23,1.26,1376,146.3
54581,Fire Horse,15.0,IN Lv.15,14.49,13.35,1.14,1174,163.6
54590,Montagem Miau,15.299997,Lv.Miau,13.31,12.94,0.37,337,71.1
54596,时间尽头,16.1,AT  Lv.16,15.58,14.55,1.04,1248,194.1
54598,余花にみとれて,12.0,ena,11.93,11.17,0.76,513,117.8
54603,愛の流れ星,10.0,IN Lv.13+,12.95,12.51,0.45,835,172.2
54608,Toumei Chukudo,10.0,SV Lv.?,13.83,12.58,1.26,842,170.8
54611,祈雨の菖蒲,15.0,IN,15.94,14.23,1.71,1333,160.4
54630,Ref:rain(for 7th Heaven),15.700003,IN Lv.15,15.62,14.04,1.59,1888,239.7
54647,WINTER FEELS LIKE FUNK,15.0,AT/SP Lv.15,14.34,13.84,0.5,500,88.7
54650,7th Avenue,13.9,AT Lv.13,11.97,11.57,0.4,333,135.0
54659,Fated Dest1ny,18.1,AT Lv.18,18.67,16.41,2.26,3500,253.7
54661,World of the happiness!(虚拟新春会ver.),17.2,AT  Lv.17,17.85,15.75,2.1,2330,233.7
54671,碎浪之舞 Virelai des marees,14.0,IN  Lv.14,14.28,13.19,1.09,900,236.5
54677,♥×♥,15.0,IN Lv.15,15.22,14.36,0.85,999,114.8
54678,Remember,8000.0,Yearning Lv.8000,15.51,14.21,1.29,1680,227.1
54680,失態生態実験体,15.7,IN Lv.15,15.48,14.58,0.9,853,119.5
54681,WITHOUT U,15.0,IN Lv.15,14.46,13.53,0.93,975,116.4
54683,愛し愛(short ver.),14.0,IN Lv.14,14.78,13.53,1.25,1125,162.6
54690,Give (Me) Your Love,15.400002,IN  Lv.15,15.48,14.31,1.17,1204,142.6
54700,心,14.500002,IN  Lv.14,14.2,13.57,0.64,730,128.5
54703,Thumb,16.0,WAW Lv.15+,16.11,14.62,1.49,1679,199.3
54707,Mmmmmmm,18.0,Mm Lv.18,19.21,16.03,3.18,4521,260.0
54711,7 Wonders,15.800001,IN Lv.15,15.61,14.33,1.28,1313,140.1
54712,Hello (BPM) 2026,16.9,AT Lv.16,17.17,15.22,1.95,2222,176.8
54730,Shooting Athletes,3.0,EZ Lv.3,6.24,5.79,0.45,240,116.4
54731,Shooting Athletes,10.0,HD Lv.10,11.16,10.38,0.77,503,114.9
54732,Shooting Athletes,15.0,IN Lv.15,14.62,13.6,1.02,815,116.4
54734,Unkraut Mädchen,15.2,IN Lv.15,15.49,14.78,0.7,740,126.2
54744,Super Fructose,15.399998,AT Lv.15,14.61,13.65,0.96,1011,151.7
54750,Kisaragi,16.5,IN Lv.16,17.19,15.25,1.95,3116,339.9
54755,Hello,15.700003,IN Lv.15,15.64,13.9,1.75,1700,221.4
54769,ATLAS RUSH,16.0,IN Lv.16,15.92,14.7,1.22,1080,123.1
54802,DOMiNUS_GRAiL,17.0,AT Lv.17,17.96,16.2,1.76,1454,145.2
54816,列车谋sha案,13.700003,IN Lv.13,11.65,10.82,0.83,520,148.1
54818,光るなら,14.1,IN Lv.14,13.18,12.23,0.96,520,82.7
54824,ephemeralization,15.600002,IN  Lv.15,15.54,14.4,1.14,1289,136.4
54836,エム,15.700003,IN Lv.15,14.71,13.72,0.99,1616,178.7
54851,うい麦畑でつかまえて,15.1,IN Lv.15,15.19,13.95,1.24,1443,217.3
54853,朧月夜,13.900003,AT Lv.13,13.81,12.99,0.81,785,176.6
54858,Get Back,10.0,SP Lv.?,14.23,13.5,0.73,972,135.0
54869,命日,16.700003,IN Lv.16,17.0,15.25,1.75,1740,139.4
54870,Reincarnation,17.0,AT Lv.17,17.97,15.89,2.08,2780,204.0
54877,Red Empire,16.199997,IN Lv.15+,16.21,15.54,0.67,700,118.2
54890,Night Walk (Dreams of Our Generation),6.9,SP Lv.?,6.12,5.67,0.45,185,98.4
54908,ゴーストルール,15.5,IN Lv.15,15.36,14.09,1.27,1627,195.9
54910,Fallen,14.7,IN Lv.14,14.71,13.99,0.72,925,136.5
54923,Aconsma,13.600002,IN Lv.13,9.52,8.87,0.64,250,129.4
54926,Le Rouage s'estompe ~ The End of Bell'époque,16.1,IN Lv.16,17.23,15.09,2.14,2720,268.6
54952,Astronautica,14.1,IN Lv.14,14.53,13.45,1.08,998,141.4
54954,Circumzenith Arc,16.2,IN Lv.16,16.33,15.21,1.13,1116,114.0
54955,I was arrested for makin complextro.,14.0,IN Lv.14,14.23,13.27,0.96,922,134.5
54961,ILLEGAL LEGACY,16.500002,IN Lv.16,16.63,15.09,1.54,1666,133.3
54970,Catch Me If You Can,14.799998,IN Lv.14,14.95,13.8,1.14,1314,160.5
54974,宴,14.8,IN Lv.14 ,14.77,13.51,1.26,1162,159.8
54975,夢重力,14.400001,IN Lv.14,14.02,13.23,0.79,814,151.1
54977,「私は、わたしの事が好き」,14.599999,IN Lv.14,14.67,14.04,0.63,699,81.5
54996,GOT YOU,15.400001,IN Lv.15,15.65,14.83,0.81,780,157.6
55016,Horoscope Express,16.1,IN Lv.16,15.47,14.63,0.84,1018,115.8
55032,Kneading,15.0,AT Lv.15,15.53,14.16,1.37,1575,217.8
55045,Winter↑Cube↓,14.200001,AT Lv.14,14.96,13.97,0.99,1230,152.3
55060,MAXRAGE,3.0,AT Lv.16.3,16.95,15.84,1.11,1412,129.7
55062,穢れなきユーフォリア,14.900003,IN Lv.14,15.44,14.23,1.21,1187,179.6
55065,洲来！！！,15.500002,IN Lv.15,14.88,14.15,0.74,454,70.7
55070,ReDreaming Angel,16.0,IN Lv.16,16.15,14.63,1.52,1780,172.0
55072,Penrose triangIe,14.400002,FM Lv.14,14.4,13.8,0.6,631,104.3
55080,ヒロイン (nakotanmaru ver.),15.0,IN Lv.15,14.13,12.95,1.18,1351,228.9
55083,时间尽头,15.0,IN Lv.15,13.32,12.19,1.14,1211,183.5
55087,BREAK OVER,14.400006,IN  Lv.14,15.39,14.73,0.66,875,124.8
55093,crystallized(short Ver.),16.2,IN  Lv.16,15.94,14.59,1.35,1369,175.2
55096,Looping the rooms,14.0,in 14,14.08,13.34,0.74,633,129.6
55098,Eternal Aria,15.400002,IN Lv.15,15.55,13.99,1.55,1542,201.4
55102,Matusa Bomber,19.2,AT Lv.19,18.87,16.01,2.86,3244,181.4
55109,Metal Crusher,15.300002,IN Lv.15,13.69,13.03,0.66,378,57.7
55110,超预告篇,16.300001,AT Lv.16,16.49,14.96,1.53,1894,263.7
55115,命に嫌われている。,14.0,IN  Lv.14,14.82,14.05,0.77,985,173.1
55124,躯樹の墓守,17.500002,AT Lv.17,17.48,15.93,1.55,1360,126.8
55126,ウンウン。クソ世界。,13.200001,IN Lv.13,13.18,12.53,0.65,616,105.0
55142,刻俄柏号，出发！,13.600002,IN Lv.13,13.76,13.06,0.7,596,128.4
55150,霜雪千年「2024官方重置版」,13.1,IN Lv.13,13.44,11.85,1.59,1000,227.8
55162,Blue Archive OST 305,13.099999,IN Lv.13,13.17,12.78,0.39,300,59.1
55168,Limen,15.100004,AT Lv.15,14.45,13.19,1.26,832,145.9
55182,Pneumatic Tokyo,15.599999,IN Lv.15,12.35,11.9,0.45,567,109.6
55194,流光（Light me Up）,8.500002,HD Lv.8,9.44,8.2,1.24,799,223.3
55202,Bismuth (Cut ver.),16.300001,IN Lv.16,16.61,15.18,1.43,1666,116.5
55207,FLOWER,14.600002,IN  Lv.14,15.15,14.14,1.01,1038,119.1
55215,Helados Flores y Estrellas,15.1,IN Lv.15,14.7,13.8,0.9,1278,180.5
55216,有明/Ariake,15.700003,IN Lv.15,15.61,14.31,1.3,1327,153.5
55217,WORLDINVADER,15.0,IN Lv.15,15.2,14.15,1.05,1051,133.8
55220,恋愛＝精度×認識力,15.499998,IN Lv.15,15.17,14.23,0.95,977,122.5
55223,ソワカの声,15.0,IN Lv.15,15.24,13.54,1.7,1543,311.6
55233,Yellow Shining!! feat. 成田なる,5.0,EZ Lv.5,6.06,5.9,0.16,206,132.0
55234,Yellow Shining!! feat. 成田なる,11.1,HD Lv.11,12.63,11.99,0.64,592,125.3
55235,Yellow Shining!! feat. 成田なる,14.400002,IN Lv.14,14.09,13.17,0.92,795,132.0
55236,はぐ,15.500002,AT  Lv.15,16.28,15.07,1.21,1235,144.0
55237,はぐ,13.9,IN  Lv.13,15.09,13.87,1.22,999,144.0
55243,花弁、それにまつわる音声,16.9,IN Lv. 14,14.93,13.7,1.24,929,156.1
55287,KLYN(轻Funk),13.499997,IN Lv.13,12.78,12.51,0.28,435,85.8
55361,MOTTAI,15.700003,IN Lv.15,14.86,14.03,0.83,888,146.7
55440,Infinity Heaven,15.799999,AT Lv.15,16.46,15.21,1.25,1500,147.0
55443,MOVIN'IN CIRCLES 2024,14.700003,IN Lv.14,14.02,13.26,0.76,546,108.9
55465,World.execute (Me);,14.1,14,13.82,12.81,1.01,709,175.4
55508,Dustwind,16.2,IN Lv.16,15.93,14.74,1.19,1415,143.1
55538,What's My Name?,17.200003,AT Lv.17.2,17.55,15.66,1.89,2480,189.4
55542,绝世丑角,13.0,Legacy Lv.13,9.97,9.18,0.79,600,98.1
55672,PP BREAKER,17.000004,AT Lv.17,18.61,15.71,2.9,3383,211.7
55724,晚祷的铃歌 Dzwony na nieszpory,11.0,IN Lv.11,9.31,8.98,0.33,290,84.3
55740,負けヒロインのテーマ,12.7,IN Lv.12,13.23,12.57,0.66,453,93.6
55756,Lost City,13.799999,IN Lv.13,14.55,13.8,0.75,749,113.7
55790,のだ,15.800003,IN Lv.15,15.52,14.47,1.05,900,111.5
55812,ヒバナ -Reloaded-,15.0,IN Lv.15,15.85,14.72,1.13,940,94.0
55871,フォニイ,14.900003,IN Lv.14,14.6,13.49,1.11,1158,185.3
55889,Arbtration,14.400002,IN Lv.14,14.73,13.59,1.14,1025,149.2
55909,Viyella's Destiny,18.200005,AT Lv.17+,18.33,15.85,2.48,3614,290.0
55946,Finale,15.0,IN  Lv.15,14.88,13.78,1.1,958,111.2
55970,Sphalerite,16.300001,Final  Lv.16,16.26,15.01,1.25,1565,146.1
55972,Inverted World,16.1,SP,16.1,15.36,0.74,796,116.3
55992,Anti Safety Zone,16.400002,IN Lv.16,16.77,15.52,1.25,1375,141.2
55993,Compass,14.300001,IN Lv.14,14.72,13.65,1.07,886,136.1
56015,Lily Toxicity,14.600001,IN Lv.14,14.69,13.97,0.73,624,84.4
56040,IF:U,15.500002,IN Lv.15,15.66,14.49,1.16,1164,121.1
56053,Ré：Ré,16.499998,IN Lv.16,16.52,15.13,1.39,1550,128.1
56103,Aoharu Band Arrange,15.500002,IN  Lv.15,15.68,14.75,0.93,1129,104.4
56125,Phantigma,16.400002,IN Lv.16,16.65,15.22,1.43,1585,162.9
56166,疾风骤下,17.300001,AT Lv.17,18.18,16.02,2.16,2712,243.0
56185,白線を渡って,15.600002,IN Lv.15,15.61,14.51,1.09,997,167.9
56201,某国のハロウィン,14.599989,IN  Lv.14,14.29,13.27,1.02,1014,180.9
56230,悔_,17.0,AT Lv.17,17.53,16.02,1.5,1138,131.8
56241,絶望から見いだした希望,16.100002,IN Lv.16,15.92,14.49,1.42,1525,158.9
56260,Our New Story,16.1,AT Lv.16,17.62,16.24,1.38,818,79.3
56286,バゥムクゥヘン・エンドロゥル,13.999999,"IN.14
",14.35,13.71,0.64,574,140.2
56287,Clockwork Paradox,16.0,IN Lv.16,16.47,14.87,1.59,1176,125.0
56314,XwX,15.400002,IN.15,15.54,14.66,0.88,1039,122.8
56326,ザムザ,11.699999,HD Lv.11,13.53,13.06,0.47,377,103.1
56417,Inverted World,14.0,IN Lv.14,14.18,13.42,0.77,775,117.2
56430,Lose You Now,12.300001,IN Lv.12,12.69,11.66,1.03,687,171.9
56438,新月的幕演,15.700003,IN Lv.15,14.3,13.27,1.03,1237,263.1
56444,悔_,16.300001,IN Lv.16,16.27,14.91,1.36,1546,151.2
56456,愛の残滓,15.0,IN Lv.15,15.3,13.95,1.35,1376,200.7
56459,我本将心向明月,13.0,IN Lv.13,10.67,10.28,0.39,190,63.3
56478,Mystic Light Quest,14.200001,IN Lv.14,14.52,13.39,1.13,1158,204.0
56479,Somniomancer[null set],16.0,IN Lv.16,15.31,14.44,0.87,820,186.0
56480,……已至。,15.800003,IN Lv.15,14.63,13.78,0.85,985,178.2
56487,MORNINGLOOM,15.400002,IN Lv.15,15.37,14.49,0.88,1000,131.4
56556,ツキミチシルベ (feat. 初音ミク & 可不),14.200001,IN Lv.14,14.56,13.43,1.13,1196,157.8
56565,雪男,17.2,AT Lv.17.2,18.11,16.2,1.91,1913,140.5
56566,放光酸化,16.2,IN Lv.16.2,16.08,14.69,1.38,1530,143.2
56602,真空都市,15.0,IN Lv.15,14.99,14.07,0.92,915,133.1
56611,星碎,12.1,IN Lv.12,8.99,8.04,0.95,341,195.5
56634,Adstract Dreamgazer,16.400002,IN Lv.16,16.08,14.94,1.15,1642,190.7
56637,THANK YOU FOR PLAYING,19.0,AT Lv.19,18.33,15.72,2.61,1722,86.8
56642,痴人说梦,15.300001,IN  Lv.15,14.8,13.36,1.44,943,113.4
56645,Ēvocator,16.0,AT Lv.16,17.53,15.84,1.69,1790,138.7
56665,DARLING LIGHTNING LOVE BEAM,16.0,IN Lv.16,15.24,14.34,0.9,1200,171.2
56683,ぽわわん劇場,14.900001,FM Lv.14,15.13,14.3,0.83,913,141.2
56702,Lemonade,20.0,IN Lv.14,14.35,13.15,1.2,1074,159.6
56706,SAN値直葬,16.1,IN Lv.16,15.67,14.11,1.56,1831,141.2
56714,ブレインロット feat. 重音テト,13.800003,IN Lv.13,13.27,12.54,0.73,532,113.3
56717,Break the Speakers,18.2,AT Lv.18,18.26,15.93,2.34,2330,126.8
56723,Cutter,15.300001,IN Lv.15,15.33,14.31,1.02,1179,138.0
56740,花弁、それにまつわる音声,15.100007,IN Lv.15,14.39,13.19,1.2,1036,213.9
56748,壱雫空,17.8,AT Lv.17+,17.49,16.34,1.15,925,82.4
56760,Storyteller,11.0,IN Lv.11,11.14,10.86,0.28,325,109.1
56848,Sendan Life(Katagiri Bootleg),18.0,AT Lv.18,18.7,16.32,2.38,2833,201.6
56852,Zitronectar,16.0,IN Lv.16,16.55,15.23,1.32,1032,113.5
56856,Time Leaper,14.500003,IN Lv.14,14.35,12.91,1.44,1257,131.7
56873,GOODTEK,16.7,AT Lv.16,18.0,16.08,1.92,1650,121.3
56885,複製された空の記憶,15.900003,IN Lv.15,15.7,14.43,1.27,1248,140.4
56889,愛言葉V,15.1,LOVE Lv.?,14.63,13.5,1.13,1014,208.7
56904,Kronos,14.1,IN Lv.14,14.73,13.84,0.9,943,160.3
56913,unhappy,14.5,AT Lv.14,13.45,13.03,0.43,533,89.4
56919,By My Side,13.800003,IN Lv.13,14.47,13.41,1.05,1241,197.6
56930,Liar,18.2,AT Lv.18,18.36,16.57,1.79,1819,133.0
56940,关注塔菲谢谢喵,14.800001,IN,15.1,14.03,1.07,1111,184.0
56941,The Other Side,15.000001,IN Lv.15,15.12,13.54,1.58,1818,219.0
56981,Asphodelium_Eschatologia,17.0,AT Lv.17,17.08,16.19,0.88,1042,140.2
56995,終の舞姫(Extended Mix),16.0,AT Lv.16,17.19,15.8,1.39,1854,226.3
57002,"even at the end of the world, you left it",15.0,EN  Lv.15,15.11,13.6,1.51,1162,166.3
57038,Furry Adventure Triad,16.0,AT Lv.16,16.48,15.02,1.47,1639,251.2
57060,Reply,16.700003,AT Lv.16,16.98,15.44,1.54,2168,264.2
57073,love in 561.3mb,15.700003,IN  Lv.15,15.98,14.88,1.09,1128,124.5
57081,サワーチェリーガ◇イタカラ ハツ橋荟肉肉 JUMPSTYLEREMIX,16.0,IN Lv.16,15.31,14.17,1.13,1065,136.5
57084,Ai đưa em về (Cukak Remix),12.0,LC Lv.12,12.47,12.04,0.43,408,90.0
57107,HoYoHoYoにしてあげる♪,6.0,EZ  Lv.6,8.35,7.75,0.6,415,109.1
57115,ロウワー,16.300001,IN Lv.16,15.13,13.82,1.31,1025,101.9
57147,春暖花开,12.400002,IN Lv.12,10.08,9.14,0.94,327,82.5
57164,ネクストドア,15.900002,IN Lv.15,15.61,14.49,1.12,1407,191.4
57187,R,14.300001,IN Lv.14,14.82,13.82,1.0,1000,138.7
57188,終わらない旅,12.1,IN Lv.12,11.23,10.64,0.59,469,105.7
57211,Ρoppy,16.0,IN Lv.16,16.01,15.05,0.96,1194,140.2
57221,Last Wish(vivid/stasis ver.),16.1,IN Lv.16,16.95,15.56,1.39,1690,215.3
57246,HiTNEX ViRTUAL SHiFTERZ,15.900003,AL Lv.15,17.41,14.53,2.89,8870,1263.1
57250,蜘蛛の糸,16.2,IN  Lv.16,16.09,14.78,1.31,1225,136.0
57252,The Box,14.799999,CY Lv.14,14.0,13.11,0.89,561,122.1
57257,Ennor,6.0,IN Lv.16.7,16.7,15.18,1.52,1330,120.8
57259,終の舞姫,16.500002,IN  Lv.16,16.4,14.93,1.47,1731,205.5
57293,42,42.0,IN Lv. 42,14.04,13.46,0.58,500,96.0
57315,Burning Desires 绝望吧台,14.6,IN,14.22,13.45,0.78,979,126.6
57343,Wonder Night Land,15.0,AT  Lv.15,13.82,13.15,0.67,677,95.7
57364,Autumn Wind,14.699997,IN,13.93,12.75,1.18,863,126.8
57377,Khronostasis Katharsis,14.400001,IN Lv.14,14.58,13.71,0.88,809,129.6
57379,Invisible Frenzy,16.300001,IN Lv.16,16.28,14.93,1.35,1306,132.2
57380,the EmpErroR,15.799999,IN Lv.15,16.22,15.23,0.99,1020,124.1
57388,Future Downloader,16.2,IN Lv.16,16.17,15.08,1.09,1332,199.3
57389,snooze (feat. SHIKI),14.799986,IN Lv.14,15.22,14.14,1.08,906,169.6
57405,Higher,8.0,IN Lv.15.8,16.11,14.77,1.34,1681,192.7
57417,SUPER EMULATOR,18.500002,AT Lv.18,18.3,16.08,2.22,2172,159.2
57424,命に嫌われている,14.0,IN Lv.14,15.72,14.11,1.61,2122,259.5
57425,爱言叶Ⅲ,13.0,IN Lv.13,13.96,12.86,1.11,933,236.5
57431,the world of scarlet,10.0,a&&^^L8dO&(V)?dxrE,14.93,14.24,0.69,724,87.0
57438,メテオ,15.900001,AT Lv.15.9,15.68,14.43,1.25,1804,199.7
57448,回転を止めた惑星(feat.初音ミク),15.100001,IN Lv.15  ,15.67,13.98,1.69,2200,294.8
57449,phone kisses,13.0,IN Lv.13,12.33,11.78,0.55,404,117.4
57450,ばーちゃるめいどさん！じゅーいちがた,14.1,IN Lv.14,13.75,13.23,0.51,544,112.5
57451,KiLL∀ DEA7H,17.0,AT Lv.17,18.0,16.01,2.0,2330,167.7
57456,拝啓,14.0,IN Lv.14,14.14,13.06,1.08,1189,182.2
57487,KiLL∀ DEA7H,17.0,AT Lv.17,18.0,16.01,1.99,2330,167.7
57504,Forever,12.0,IN  Lv.12,13.14,12.78,0.36,407,79.2
57508,雷切-RAIKIRI-,16.0,IN Lv.15+,16.62,15.07,1.54,1272,128.0
57509,Viyella's Malice,16.0,AT Lv..16,18.04,16.2,1.84,2324,248.9
57516,化けの花,15.0,IN Lv.15,15.09,14.11,0.97,715,113.0
57536,Theatore Creatore,16.2,IN Lv.16,15.84,14.73,1.11,1300,147.6
57547,Moon of Noon,15.400002,IN Lv.15,15.42,14.48,0.93,1057,116.0
57548,NO x,16.900003,AT Lv.16,17.32,16.05,1.27,1270,136.4
57553,枫刃徊舞,16.300001,IN Lv.16,15.92,14.63,1.28,1170,144.3
57561,ヒバナ(Game size.),16.100004,AT Lv.16,16.9,14.83,2.07,2695,202.1
57586,马蒂亚斯,16.299997,MF Lv.16,16.7,15.1,1.61,2286,184.4
57588,Unraveling Stasis,16.9,AT Lv.16+,17.37,16.07,1.31,1660,148.5
57590,Amnéhilesie,17.0,SKY  Lv.17,17.24,15.79,1.45,1334,145.4
57592,ÅMARA(大未来電脳),16.5,IN Lv.16,16.33,15.15,1.18,1409,151.4
57614,Moon Halo,12.1,IN Lv.12,12.33,11.75,0.58,475,101.8
57623,Essence,16.900003,IN Lv.16,17.64,15.39,2.24,4045,428.5
57628,燦々,14.900001,IN Lv.14,15.09,13.94,1.14,964,117.7
57662,夜に駆ける (feat. 宵崎奏 & 初音ミク),14.9,IN Lv.14,14.92,13.59,1.33,1703,256.9
57666,Electro Buzz,13.0,IN Lv.13,13.43,12.74,0.69,353,66.5
57667,Heart Message feat. 時守あおい,14.400002,IN Lv.14,14.43,13.43,1.0,750,110.9
57671,whence,15.500002,IN  Lv.15,15.29,14.34,0.95,941,132.8
57672,CO5M1C R4ILR0AD,15.300001,IN Lv.15,15.92,14.8,1.12,1218,130.0
57695,Unknown suffering,16.1,IN  Lv.16,15.42,14.44,0.98,1238,159.8
57709,爱言叶V feat. 初音未来,14.700003,IN Lv.14,14.37,13.32,1.05,1000,208.7
57710,KING,14.7,IN Lv.14,13.83,13.01,0.83,935,130.1
57718,Macropolis,13.700001,IN Lv.13,14.76,13.68,1.08,840,119.5
57721,リ·フィクション·O,16.500002,Ex Lv.16,16.94,15.61,1.33,1440,157.2
57737,THANK YOU FOR PLAYING,15.1,IN Lv.15,15.24,14.28,0.96,1000,101.8
57742,夢重力,15.0,AT Lv.15,14.9,13.81,1.09,1259,171.0
57761,X-COOL!,15.500002,IN Lv.15,13.68,12.98,0.7,447,99.7
57765,サイエンス（科学）,15.700003,IN Lv.15,15.5,13.88,1.61,1797,184.0
57787,GOODBOUNCE,14.800003,IN  Lv.14,15.4,14.31,1.09,996,123.0
57804,泡沫快速急行,13.499997,HD Lv.13.5,13.77,12.53,1.24,1314,150.2
57814,スコーピオンガールの貴重な捕食シーン,15.400002,IN Lv.15,15.65,14.25,1.39,1419,142.7
57816,GRAVITY ZOИE,16.0,IN Lv.16,16.48,15.29,1.18,1132,111.3
57842,Still Shining (feat. 重音テト),16.2,IN Lv.16,16.75,15.27,1.48,1828,260.2
57855,立春,13.900003,IN Lv.13,13.12,11.87,1.24,849,146.5
57856,Cheerio!,13.0,IN Lv.13,14.51,13.34,1.17,1139,153.7
57866,seven,14.399996,IN Lv.14,14.35,13.34,1.01,1014,217.7
57867,Melodiniq,10.0,MX  Lv.?,16.21,14.89,1.31,1408,166.3
57892,Innocence,13.0,IN Lv.15,15.87,14.65,1.22,1622,259.9
57896,しう,15.0,IN  Lv.15,15.59,14.18,1.4,1116,267.3
57904,SHIAWASE FOR YOU!,14.599999,IN Lv.14,15.0,14.04,0.96,939,199.0
57923,削いで,12.600002,IN Lv.12,13.75,12.82,0.93,688,162.4
57928,Deep Blue,17.700003,AT  Lv.17,18.02,15.85,2.18,2552,162.6
57929,Polyridia,15.300001,AT  Lv.15,14.48,13.76,0.72,578,104.1
57934,聚光,15.400002,AT  Lv.15,15.79,14.11,1.68,1662,194.4
57971,好きなことだけでいいです,7.0,IN Lv.15.7,14.99,14.23,0.76,934,145.9
57974,ダイダイダイダイダイキライ,15.900003,IN Lv.15,15.17,14.22,0.95,1314,145.8
57977,BOSS,10.0,SP Lv.¿¿¿,12.5,11.94,0.55,530,153.8
57987,春日影 (Haruhikage),13.200001,IN Lv.13,12.56,11.4,1.17,1000,174.7
57992,“诺言”,16.600002,IN Lv.16,16.93,15.79,1.14,1256,169.9
57993,Χάρων,0.2,SP Lv.？,16.32,15.37,0.95,1230,160.0
57995,玉米,13.800003,IN  Lv.13,14.54,13.55,0.99,1081,199.6
58031,明け星,15.500001,IN Lv.15.5,13.68,12.77,0.91,881,95.0
58034,Twinkle Shower,15.400002,IN Lv.15,14.25,13.76,0.49,691,115.0
58044,Crisscrosser,16.2,IN Lv.16.2,16.34,15.0,1.34,1520,192.7
58080,夜咄ディセイブ,15.700003,IN Lv.15,14.94,14.01,0.93,1077,134.9
58089,Innocence Keeper,15.1,IN Lv.15,15.01,14.22,0.79,883,130.0
58109,Get Back to sixty four bit Cities,16.0,IN Lv.16,16.05,14.39,1.66,2583,231.7
58128,Phony,15.1,IN.15,15.44,14.25,1.19,1276,185.3
58135,Accelerate,12.0,AT Lv.18,18.34,15.92,2.42,2459,167.0
58137,どきどきデエト,15.200001,IN  Lv.15,14.72,13.53,1.19,1422,210.3
58143,豪大大鸡排,13.0,雞摆,12.55,11.91,0.64,353,75.3
58178,少女A,14.0,IN  Lv.14,14.14,13.23,0.91,850,102.8
58187,Ephemeric World,16.300001,IN Lv.16,16.36,14.98,1.38,1392,163.8
58203,Shining (Remake),14.600002,IN Lv.14,14.09,12.97,1.12,1041,165.7
58250,Alice in 冷凍庫(cover by花谱),15.0,IN Lv.15,14.02,12.96,1.06,1270,188.6
58251,人生進行形,14.300001,IN Lv.14,14.85,13.93,0.92,1231,223.3
58287,しう(四有),14.4,IN Lv.14,14.36,13.06,1.3,1175,275.4
58303,うそつきマカロン,14.500002,IN Lv.14,13.7,12.73,0.97,856,156.0
58322,XLIX,16.0,IN Lv.16,16.06,14.94,1.12,1171,132.6
58345,HATE ALL,16.800001,AT Lv.16,17.36,15.83,1.53,1564,153.1
58397,ヒロイン (nakotanmaru ver.),15.3,AT,14.79,13.39,1.4,1405,248.3
58493,I HATE MY PUTER -ALL MY ENEMIES ARE INSIDE IT-,15.500001,15,15.36,13.95,1.41,1799,224.6
58496,Cheerio!,17.1,AT Lv.17,17.25,15.71,1.54,1598,153.8
58501,IIII IIII IIII,14.0,IN Lv.14,16.09,14.81,1.28,1154,155.1
58523,Pete's Song,1.9999999,EZ  Lv.2,8.43,7.95,0.48,253,135.8
58529,Celestial Exploring,17.600004,EX Lv.17,17.78,16.02,1.77,2990,253.1
58553,Moonflutter,16.300001,AT  Lv.16,16.42,15.23,1.19,1217,152.1
58557,ABYSS MOTION 192.333,15.7,EX Lv.15+,15.52,14.35,1.17,959,122.2
58566,超える,16.2,IN Lv.16,16.4,14.84,1.56,2404,235.7
58567,Luminous Entities Lost Heart,17.0,AT Lv.17,17.57,16.22,1.35,1684,180.2
58576,神鳴,17.0,IN Lv.17,17.36,15.64,1.72,2222,165.3
58577,完美偶像 (Perfect Idol),15.1,IN Lv.15,15.28,14.54,0.74,835,114.2
58592,私は、わたしの事が好き。(Short ver.),13.900001,IN,13.57,12.78,0.79,712,90.2
58598,NO BATIDÃO,15.0,AT Lv.15,13.73,13.27,0.46,479,81.0
58657,Looking for the lost past,16.0,IN Lv.16,16.04,14.61,1.43,1316,155.4
58671,Grayed Out-Antifront-,15.6,IN LV.15,16.88,15.99,0.89,944,109.9
58698,Final Step！,14.0,14,14.84,13.93,0.9,944,131.7
58710,自己肯定感爆上げ↑↑しゅきしゅきソング,9.0,IN Lv.9,9.57,8.6,0.97,623,224.5
58716,AzazeL-REGINX-,10.0,SP Lv.？,16.78,15.39,1.4,1629,148.0
58744,ムリムリ進化論,14.8,IN Lv.14,16.12,14.89,1.23,1165,190.4
58745,Emergence Failure,14.900003,IN Lv.14,15.41,14.21,1.2,1229,208.7
58785,ダイダイダイダイダイキライ,15.400002,IN Lv.15,15.16,13.95,1.21,1470,153.2
58798,バカみたいに,15.0,IN Lv.15,14.5,13.85,0.65,750,125.6
58831,Broken Fruitz,18.0,AT  Lv.18,17.84,15.88,1.95,1897,125.0
58879,Breakcore WTF!?,15.0,IN Lv.15,16.31,15.01,1.3,1347,127.6
58917,Deviloverdose,14.400002,IN Lv.14,15.44,14.02,1.42,1596,184.5
58935,Kwik Flip | YTPMV,15.2,IN Lv.14,14.72,13.65,1.07,1092,156.9
58949,DAMIDAMI,14.0,IN,12.5,11.32,1.18,657,165.8
58951,デビルじゃないもん (人家才不是恶魔呢),15.000001,IN Lv.15,15.73,14.7,1.03,924,156.3
58957,永恒 (Eternity),12.0,IN Lv.12,12.54,11.9,0.64,526,120.1
59032,Destr0yer,15.300002,IN Lv.15,15.76,14.24,1.52,1363,154.7
59033,灵光沙海,16.500002,AT Lv.16,16.17,15.23,0.94,1395,122.8
59057,AeroXea ( Full Ver. ),16.1,IN Lv.16,15.4,14.33,1.06,1154,178.1
59077,Berrymelody Cut,13.0,IN  Lv.13,14.93,13.91,1.02,964,170.6
59087,No Such Thing as a Happy Marriage,13.0,IN Lv.13,13.03,12.71,0.32,256,50.3
59093,Last Goodbye,15.0,IN      LV.15,11.92,11.18,0.73,520,110.9
59108,これは、ステキな魔法！,15.0,1N Iu。|s,15.23,14.5,0.74,1083,145.4
59109,20XX's Phantasm Myths,16.900003,AT Lv.16,17.72,15.96,1.76,1280,112.4
59127,8bit Adventurer,16.700003,AT Lv.16,16.79,15.49,1.31,1069,106.9
59137,Collapse Of Ego,18.600002,DJ! Lv.18+,18.29,14.22,4.07,3535,137.2
59143,Dance,14.600002,IN Lv.14,14.64,13.81,0.84,616,87.9
59174,夏霞,14.600002,IN Lv.14,14.52,13.42,1.11,1277,223.1
59223,蜘蛛の糸,17.0,AT Lv.17,17.38,16.31,1.07,1154,136.0
59227,ナイトピア,14.0,IN Lv.14,14.23,12.97,1.26,999,202.6
59231,超ナイト・オブ・ナイツ,16.700003,AT  Lv.16,17.59,16.12,1.47,1412,123.4
59273,Project_67,16.0,AT Lv.16,15.8,14.9,0.89,1170,152.0
59286,MI RESPIRAR,15.0,AT15,13.71,13.13,0.58,595,82.3
59288,枯音染秽无凭裂章,15.700003,IN Lv.15,15.96,14.33,1.62,1601,190.5
59292,Oracle,17.2,AT  Lv.17,17.35,15.64,1.72,1710,145.2
59294,Montagem pitty,13.300001,IN Lv.13,14.37,13.93,0.45,564,86.3
59321,DEVOTION,14.200001,IN Lv.14,14.75,13.66,1.09,991,121.8
59332,稻香,14.0,IN  Lv.14,12.92,11.82,1.1,1035,209.3
59385,Never Forget That Rainbow,16.400002,IN  Lv.16,16.86,15.24,1.62,1570,155.4
59386,镜中女,15.900001,AT  Lv.15+,15.66,14.04,1.62,1212,201.7
59444,"G.V.N. (Glitter,Vomitus and Neon)",17.600002,AT.Lv17,17.86,16.34,1.52,1611,145.4
59462,Alice in a xxxxxxxx,14.0,IN Lv.14,13.7,13.05,0.65,766,149.2
59478,Fragmentation,16.2,IN Lv.16,16.24,14.87,1.37,1440,115.5
59510,世界函数~World Function~,14.000001,IN Lv.14,12.86,12.12,0.74,316,73.0
59562,Lapis,14.0,IN Lv.14,13.64,13.24,0.41,706,118.8
59569,It's A Big World Outside,14.000004,AF Lv. 14,13.31,12.44,0.87,748,202.1
59571,Giselle,15.0,IN Lv.15,15.06,14.04,1.02,1126,129.7
59607,Theme_44,11.900002,IN Lv.11.9 ,14.12,13.06,1.05,623,102.0
59624,……已至,15.200001,IN Lv.15,14.83,14.05,0.79,966,164.4
59645,ごまかし,13.0,IN Lv.13,14.96,14.25,0.71,639,86.8
59657,Wake(cut ver.),12.900001,IN Lv.12+,12.88,11.8,1.08,820,146.1
59709,夏霞,14.800003,IN Lv.14,14.5,13.4,1.1,1277,223.1
59717,聖人君子でありたい ,16.700003,AT Lv.16,16.46,15.41,1.05,1150,126.9
59730,DIGITAL CIRCUS FUNK,15.6,AT Lv.15+,14.19,13.73,0.46,500,80.5
59743,Future Downloader,16.500002,IN  Lv.16,17.16,15.39,1.77,2458,200.5
59750,Sink To The Deep Sea World,16.0,IN Lv.16,17.47,16.11,1.36,1302,123.3
59779,VOID,15.600002,IN Lv.15,14.89,14.03,0.86,1191,125.8
59793,Complexˣ Genki,16.1,IN Lv.16,16.14,14.81,1.33,1500,165.8
59841,勾指起誓,14.000001,♡AT♡,12.78,11.97,0.81,520,86.1
59855,Evaniscentia,17.0,AT Lv.17,17.13,15.97,1.15,1272,173.2
59945,夜空中最亮的星,12.9,IN  Lv.12,10.79,9.82,0.97,750,236.4
59949,酋长,14.899999,CY Lv.14,13.92,13.45,0.47,509,113.8
60014,樱落繁花,15.600002,IN Lv.15,15.8,14.43,1.37,1348,164.9
60062,Riot in tнe Syзtёm,15.800004,Riot Lv.15+,16.77,15.63,1.14,1436,140.1
60063,Bring Me Back,15.000004,IN Lv.15,15.45,14.07,1.37,1385,197.4
60066,有兽焉,14.1,IN Lv.14,13.43,12.01,1.41,1083,249.9
60086,VEM MEU AMOR,15.1,SP Lv.15,14.2,13.45,0.75,600,96.0
60097,理想的パラドクスとは,14.0,IN  Lv.14,15.55,14.36,1.19,1086,114.8
60124,Komorebi,15.0,IN,14.46,13.44,1.01,1102,147.8
60137,Melodiniq,16.500002,IN Lv.16,17.25,15.71,1.54,1935,169.4
60152,Inferno Combusts II Pt.2,16.500002,AT Lv.16,17.17,15.79,1.38,2686,317.5
60196,Alea jacta est!,16.500002,IN Lv.16,17.26,15.74,1.52,1363,127.6
60199,Who Is She,15.800003,AT Lv.15,16.02,14.85,1.17,911,146.9
60200,bad apple,14.5,EZ Lv.0,14.43,13.54,0.89,806,125.0
60207,夜猫子,14.5,IN Lv.14,14.73,13.72,1.01,1145,143.2
60233,Southern Cross,16.0,AT Lv.16,15.87,14.34,1.53,1285,143.5
60284,えんじぇる☆てすと！ (feat. 初音ミク),17.000006,AT Lv.17,17.11,15.63,1.48,1500,159.1
60304,Towards the Light,14.200001,IN Lv.14,13.69,13.02,0.66,810,211.6
60339,Spider Dance,14.0,IN Lv.14,13.77,13.16,0.6,601,100.2
60346,Light Dance,14.600002,AT Lv.14,13.58,13.03,0.55,399,69.5
60353,ヤラララ',14.700003,IN Lv.14,15.53,14.59,0.94,869,144.0
60361,室内系的TrackMaker,15.2,哈哈哈,14.07,13.38,0.69,663,96.6
60372,我又一次找到你,14.0,Love Lv.14,14.46,13.38,1.08,1111,210.5
60413,Hottest Take Machine,19.9,IN Lv.15,17.86,15.71,2.15,2739,196.6
60414,TV WORLD,15.1,IN Lv.15,14.43,13.59,0.84,861,128.7
60451,地区 Shangri-LA,16.500002,IN Lv.16,16.43,15.15,1.28,1351,137.8
60477,溶けてゆく,15.500002,AT Lv.15,14.58,13.51,1.07,987,154.3
60488,はやくにげなきゃ,16.300001,AT,15.55,14.64,0.9,815,93.9
60491,靈,18.0,END Lv.18,17.86,15.83,2.04,2105,175.2
60497,So Far Away,14.6,IN Lv.14,14.16,12.92,1.24,1490,167.3
60501,The World Revovling,15.300001,IN  Lv.15,13.93,13.3,0.63,628,100.7
60509,Altale,13.0,IN Lv.13,14.16,13.28,0.88,604,130.5
60515,おでこテレパス,13.0,IN Lv.13,13.48,12.28,1.2,1133,260.6
60540,You've Got Mail !,15.0,IN  Lv.15,13.77,12.97,0.8,936,124.7
60541,歌姫失格,14.500001,IN Lv.14,14.17,13.34,0.83,555,99.6
60582,Dinnon,15.400002,AT Lv.15,14.11,13.01,1.11,927,194.2
60607,Anti You,14.799992,IN Lv.14,14.71,13.23,1.48,1326,199.1
60652,古海复涌之时 Parousia Diluvi,16.400002,AT Lv.16,14.61,14.08,0.53,474,147.3
60679,Still Shining (feat. 重音テト),15.799999,IN Lv.16,16.27,14.85,1.42,1892,223.8
60680,ダダダダダル,15.0,IN Lv.15,14.9,14.14,0.76,1125,144.2
60685,Frost Walker,18.600002,AT Lv.18,19.17,15.89,3.28,5374,382.5
60746,MeteorSnow,16.900002,AT Lv.16,17.59,16.21,1.38,1826,148.6
60808,bi,15.300003,AT,14.17,13.56,0.61,287,40.0
60812,NIGHT DANCER,14.1,IN  Lv.14,10.33,9.51,0.81,760,132.8
60823,トキメキ☆ボムラッシュ(corok Remix),14.400002,IN Lv.14,14.37,13.41,0.95,815,98.7
60840,求＆影,5.0,IN Lv.14.5,15.56,14.37,1.19,1089,207.3
60850,Level !(Remix),13.800007,IN Lv.13,13.99,13.34,0.65,726,125.7
60854,绒空FuLov - Fireworks in the Snow,14.3,IN Lv.14,14.42,12.94,1.48,1484,230.4
60866,フィクションです。,16.800001,AT Lv.16,17.25,15.8,1.45,1364,144.3
60868,The Final Gates,16.9,AT Lv.16,17.51,15.97,1.54,2500,330.1
60870,Reaching Light (寻光而至),8.7,HD,10.1,9.21,0.88,442,121.4
60876,[協] Love You,12.500001,SP  Lv.?,8.8,8.06,0.74,352,104.0
60938,AnRiS,16.0,IN Lv.16,16.67,14.57,2.1,2476,279.3
60952,差不多得了,3.5000014,EZ  Lv.3,6.64,6.23,0.41,371,175.1
60991,GEOLOGICAL//IRRESOLUTION,17.0,IN Lv.17,17.08,15.85,1.23,1209,131.6
61025,Heavy Serenade,14.0,IN Lv.14,14.75,13.39,1.36,872,169.6
61026,ฅ'ω'ฅ♪QwQ,14.200001,IN Lv.14,14.67,13.31,1.35,1018,191.8
61044,はやくにげなきゃ,15.800003,IN Lv.15,15.75,14.68,1.07,969,146.9
61048,浮生梦  探窗,11.0,IN 11,9.24,8.69,0.55,394,111.9
61057,Scorpion Dance,17.700003,AT Lv.17+,17.83,16.32,1.52,1414,131.4
61063,That Girl,14.1,IN Lv.14,13.3,12.47,0.83,762,169.9
61101,Tempest,15.900001,IN Lv.15,16.1,15.09,1.01,1167,132.0
61114,稻香Remix摇滚版,14.0,IN Lv.14,13.52,12.3,1.21,646,136.7
61166,停燕,13.500001,IN Lv.13,14.06,13.35,0.72,712,150.9
61184,Melodiniq,16.5,IN Lv.16,16.61,15.01,1.59,1786,171.3
61199,pixel pig,15.0,IN Lv.15,15.94,14.5,1.43,1314,167.9
61210,thrinos;pygmailon,15.0,IN Lv.16,16.07,14.49,1.59,1203,140.6
61235,STYX HELIX,13.0,IN Lv.13,8.24,7.83,0.41,357,97.4
61240,Nerve,15.6,IN Lv.15,14.52,13.42,1.1,1732,163.1
61241,Nerve,10.0,HD Lv.10,9.78,9.18,0.6,739,159.0
61258,W,19.2,AT Lv.19,19.73,16.18,3.56,4300,206.3
61259,Threat - Outskirts,15.3,IN Lv.15,14.47,13.54,0.93,1000,187.8
61262,繁星，黯夜,15.0,IN Lv.15,13.79,12.58,1.21,1171,212.0
61269,J. K.,16.800003,IN Lv.16,14.38,13.67,0.71,541,126.4
61298,China-Light,13.600001,IN Lv.13,13.24,12.25,1.0,668,119.5
61301,人マニア (人狂热症),14.700003,IN14,14.84,13.93,0.92,958,121.4
61318,Crush the Dystopia,13.700003,HD  Lv.13,12.01,11.24,0.77,800,147.4
61320,KiLLKiSS,15.600001,IN,16.07,14.72,1.34,1624,170.2
61329,You've Got Mail !,15.0,IN  Lv.15,13.77,12.97,0.8,936,124.7
61332,コントロールできない感情という変数,15.500001,IN 15,15.32,13.9,1.42,1598,212.1
61339,ReDreaming Angel,14.0,AT Lv.14,14.53,13.42,1.12,856,172.3
61349,你我的最终曲,14.499999,IN Lv.14,13.01,12.4,0.61,651,150.6
61371,PUPA,13.400001,IN Lv.13,13.77,13.15,0.62,708,122.1
61427,Singularilari,15.900003,IN Lv.15,16.93,15.41,1.52,1220,136.1
61461,F(R)IEND,15.1,IN  Lv.15,15.09,14.3,0.8,857,105.6
61514,MONTAGEM ALQUIMIA,15.2,SP,14.59,14.17,0.42,367,81.2
61537,花开在回家的路上,8.0,HD Lv.8,7.85,7.47,0.38,412,192.7
61540,Noiris,15.800003,IN Lv.15,15.12,13.97,1.16,1504,207.8
61596,机械动力,16.1,HD Lv.16,15.86,14.8,1.06,961,110.3
61599,ブルアカ 7th TV,15.200001,IN Lv.15,14.06,13.36,0.69,520,77.3
61608,サイエンス,15.300001,IN Lv.15,15.06,13.91,1.15,1497,183.5
61614,c.s.q.n. (2026 Remaster),32.0,4K Lv.32,17.83,16.03,1.8,1489,121.4
61618,ヨミビトシラズ,16.9,AT Lv.16,17.56,16.15,1.41,1567,136.0
61619,NEO,11.0,11,10.2,9.22,0.98,753,171.9
61630,Rhythmos Ananke,17.9,AT Lv.17,18.32,16.28,2.03,2357,223.4
61632,Beyond The Rainbow,15.2,IN Lv.15,15.87,14.85,1.02,1048,119.6
61635,"Approve Please, Genie!",13.0,IN Lv.13,15.34,14.39,0.94,1002,157.4
61663,Last Dance,15.500002,AT Lv.15,14.95,13.96,1.0,1394,189.3
61701,若我生来无梦,17.300001,AT Lv.17,17.28,15.88,1.4,1734,222.8
61744,电量满满手势曲,10.0,BT+LL Lv.?,9.56,8.45,1.11,222,20.1
61760,Tuatha Dé Danann,16.6,IN 16,17.02,15.79,1.22,1617,134.9
61763,MarbleBlue.,17.300001,AT  Lv.17,17.55,16.17,1.39,1399,146.5
61766,蜚蠊皇帝[limbus company],16.4,AT 16.4,17.44,15.42,2.02,2246,199.2
61772,Collapsing World,15.0,IN Lv.15,13.76,13.09,0.67,600,173.5
61775,activity log,14.0,夏夜 Lv.14,14.95,13.74,1.21,850,164.1
61793,速通满级攻略,10.0,IN Lv.999 (15.2),13.71,13.14,0.58,999,165.9
61804,ポップ・スナック・ジャンクなHUNNY,14.1,IN Lv.14,13.79,13.12,0.67,647,85.7
61841,准备出发,14.6,IＮ.14,13.64,12.97,0.68,537,89.6
61847,Whispers from a Distant Star,15.3,IN Lv.15,14.89,13.79,1.1,829,138.8
61848,Cryolight,16.300001,AT Lv.16,17.3,15.85,1.45,1577,158.4
61865,TAIDADA,15.0,IN Lv.15,15.08,13.86,1.22,1578,219.9
61896,アダチ・レイ (feat. 足立レイ),14.0,IN Lv.14,15.79,14.93,0.86,924,141.8
61933,新页 New Page,15.0,IN.15,12.98,12.47,0.51,92,37.8
61964,十万伏特,10.0,,11.11,10.29,0.82,442,214.9
61993,Night Drawmers,14.6,IN Lv.14,14.56,13.71,0.85,946,134.0
62006,Class Memories,15.700003,AT Lv.15,15.03,13.83,1.2,1274,140.5
62008,……已至,16.0,直面魂灵·16,15.59,14.39,1.19,1223,164.8
62070,maxi,15.6,IN Lv.15,15.8,14.31,1.49,1227,111.7
62140,晚风吹吹,9.0,IN 13.9,12.82,11.96,0.86,1176,171.5
62150,lulu.,14.700003,AT Lv.14,13.46,12.92,0.54,467,87.7
62151,ビビデバ,15.400001,IN Lv.15,14.99,13.86,1.13,1265,161.6
62163,余晖(gloaming.),12.100008,12,13.72,12.79,0.93,788,216.9
62173,Architect,7.4,SP Lv.?,15.17,13.98,1.19,1241,135.1
62180,ハナタバ,15.300001,IN Lv.15,15.73,14.84,0.89,1069,133.6
62222,Fear,14.400001,AT Lv.14,13.38,12.78,0.6,306,88.0
62263,落在生命中的一束光,10.0,IN Lv.10,8.83,8.34,0.48,234,74.3
62310,Regression,13.1,IN Lv.13,8.67,7.93,0.74,562,217.4
62314,Hype Invader,14.800003,IN Lv.14,15.25,14.15,1.1,1017,145.8
62344,The Truth That You Leave,20.0,AT,15.73,14.04,1.7,1871,200.2
62386,macro.wav,16.0,IN Lv.16,15.51,14.39,1.12,876,125.6
62397,フューチャー・イヴ,15.0,IN Lv.15,15.98,14.47,1.51,2079,206.1
62420,folern,15.0,IN Lv.15,15.39,14.23,1.16,1140,134.3
62423,神灯 (Enchanted Lamp),14.0,IN Lv.14,14.58,13.64,0.94,1001,144.2
62442,Love Para feat. Hatsune Miku,15.0,IN Lv.15,15.15,14.26,0.89,1254,137.3
62446,Dream Away feat. Yukacco,15.100004,IN Lv.15,15.25,13.99,1.26,1340,222.7
62449,PSYCHOKINESIS,14.200001,IN Lv.14,14.31,13.58,0.73,871,132.5
62470,星降る夜と一輪の花,17.0,AT Lv.17,17.41,16.01,1.4,1460,168.2
62485,笙·宴(MotiF-east),15.200001,IN Lv.15,14.98,14.27,0.71,874,132.7
62506,蒼天,18.0,AT Lv.18,17.79,16.2,1.59,1499,119.6
62563,αterlβus（2025 Remaster）,17.0,IN Lv.17,16.41,15.11,1.3,1307,118.2
62569,Sanctum Bellum,16.1,IN Lv.16,15.63,14.5,1.13,1391,143.4
62576,Knight Rider,16.1,IN 16,15.58,14.46,1.11,1232,125.4
62637,The Crimson Empire-Malody Reg4 ver.,16.1,IN Lv.16,15.92,14.63,1.29,1345,128.7
62643,雨之城,10.0,DC Lv.?,12.54,12.09,0.45,185,61.2
62648,克苏鲁 (Cthulhu),16.0,IN Lv.16,16.61,15.09,1.51,1600,142.5
62662,Memory Locked,16.0,EX Lv.16,16.86,15.2,1.66,2940,285.5
62664,生命不詳,14.0,IN Lv.14,14.0,12.56,1.44,1160,128.4
62698,Wonderland,14.0,IN Lv.14,13.34,12.83,0.51,600,79.4
62706,Primordial Complex,18.600002,AT Lv.18,18.62,16.38,2.24,2710,245.2
62713,How To Make 音ゲ～曲！,14.0,IN.14,15.38,14.35,1.03,1178,147.1
62728,Future Downloader,17.400002,AT Lv.17,17.82,15.9,1.92,2130,200.0
62741,Xenophobia,16.900002,AT Lv.16,17.33,15.93,1.4,1565,143.5
62748,ZENITHALIZE,18.1,AT Lv.18,18.0,16.14,1.86,2000,148.0
62759,Renascitur in luminum tenue,14.9,IN Lv.14,15.15,14.17,0.98,809,104.6
62760,EMOMOMO,15.400002,IN Lv.15,15.38,14.3,1.07,1045,125.6
62764,海馬成長痛,15.500002,IN  Lv.15,15.25,13.84,1.4,1634,184.7
62774,hyperreality,19.000002,AT Lv.19,18.69,16.12,2.57,2409,144.5
62779,Greeting into Abysschaos,17.599998,AT Lv.17+,17.92,16.11,1.81,1818,134.5
62800,The Final EndGame,19.0,ENDGAME  Lv.19,18.72,16.6,2.12,2073,139.6
62843,Execution Clap,14.200015,IN  Lv.14.2,14.7,13.53,1.17,1127,183.1
62925,Styx 257,15.3,IN Lv.15,15.28,14.37,0.91,1000,138.8
62934,Echoes Forage,16.300001,IN Lv.16,16.3,15.09,1.21,1331,122.3
62940,デビルじゃないもん,15.300001,IN Lv.15,15.55,14.41,1.14,1061,157.4
62980,雨露霜雪,14.7,IN Lv.16.4,16.54,15.38,1.15,1372,145.9
63002,炜WARD ROMANCE,15.0,AT Lv.15,15.25,14.26,0.99,1028,159.1
63011,终焉拨奏曲,13.600002,FM  Lv.13,13.84,12.33,1.5,1000,200.2
63021,終の舞姫,17.900003,AT  Lv.17,18.12,16.52,1.59,1525,117.6
63030,numb numb,7.0,7,11.42,11.03,0.39,679,156.4
63039,Life is PIANO,14.800003,IN  Lv.14,14.15,13.66,0.49,823,117.3
63053,Kaleidoscope,14.900003,IN Lv.14,13.83,13.28,0.54,861,130.9
63082,Signaling,15.1,IN Lv.15,14.85,13.81,1.03,898,175.3
63090,Lots of X Against the World,15.8,IN  Lv.15,16.02,14.55,1.48,1405,145.8
63101,Angel (Game version),13.500002,IN Lv.13,13.76,12.89,0.86,704,106.2
63103,Lost Civilization,15.0,IN  Lv.15,15.66,14.54,1.11,1085,120.2
63117,【梦之遗痕】Shoujo Delight,13.300001,IN Lv.13,14.29,13.31,0.98,666,125.5
63123,心の記憶,16.4,AT.16,16.01,14.54,1.47,1840,214.8
63138,STARDUST,15.300001,IN Lv.15,15.04,14.02,1.02,1012,140.8
63139,Pendulum of Doom,16.500002,AT Lv.16,16.93,15.82,1.11,1679,150.0
63208,浆果,12.0,IN.12,8.45,7.68,0.77,327,131.0
63210,不乱不破,15.700003,IN Lv.15,15.49,14.53,0.96,808,124.7
63240,numb numb,14.0,IN Lv.14,13.22,12.68,0.54,530,96.4
63253,Cutie Mew Mew Magic,14.0,IN Lv.14,14.15,13.44,0.71,528,72.0
63254,ヤラララ,14.0,Ylll Lv.14,14.48,13.65,0.83,786,144.0
63270,やラララ (YARARARA) ft. 重音テト,20.0,IN 15,13.91,13.31,0.59,707,146.8
63288,Access Denied,15.500002,IN Lv.15,15.6,14.4,1.2,1140,145.8
63289,shop,13.200001,IN Lv.13,10.97,10.25,0.72,620,152.9
63292,Orphen,15.800003,FINALE Lv.15,16.79,15.37,1.43,1406,144.0
63296,constant moderato (the animation version),10.0,HD Lv.10,12.23,11.89,0.34,200,80.1
63320,幻想ロードオブキング,17.2,AT  Lv.17,17.68,16.49,1.19,1477,148.4
63413,Apeiroscopy,15.000004,IN Lv.15,14.74,13.85,0.89,888,109.7
63423,※Memory Locked,16.800003,EX Lv.16,16.9,15.26,1.64,2940,285.5
63427,Χάρων,15.600002,IN  Lv.15,15.35,14.29,1.06,1057,148.9
63431,左道的胜义尊,15.0,IN lv.15,15.47,14.41,1.06,1495,171.7
63436,献向镜水的月光,13.700002,IN Lv.13,14.95,13.88,1.07,874,195.9
63441,左道的胜义尊,17.0,EX lv.17,16.77,15.48,1.29,1668,172.2
63466,Upload Your Mind::Download My Soul,18.000004,AT Lv.17+,18.4,16.08,2.31,3048,267.5
63473,Spark!e,15.500002,IN Lv.15,15.62,14.65,0.97,826,112.9
63475,Travel with me under the stars,16.2,IN Lv.16,16.09,14.97,1.12,1414,137.5
63495,Grayed Out-Antifront-,15.400002,IN Lv.15,16.01,14.95,1.07,1084,110.8
63522,MONTAGEM KOE,19.300001,AT Lv.13,13.17,12.23,0.94,634,81.0
63560,SABE QUEBRAR,13.0,Lv13,12.71,12.29,0.42,429,103.4
63575,Animal Panic Ensemble!《动物急疾集》,16.300001,IN lv.16,16.08,15.07,1.01,1300,142.8
63576,The Fallen (Corruption Carnage),16.0,AT Lv.16,16.55,15.16,1.39,1910,191.9
63577,リテラチュア (文学) (Anime Size),12.1,In Lv.12,12.85,12.47,0.38,394,77.3
63591,人是猫,12.800003,IN  Lv.12,13.01,12.32,0.69,578,130.3
63660,雑踏、僕らの街,17.0,AT Lv.17,17.31,15.94,1.37,1708,180.1
63755,°F,17.0,AT Lv.17,17.33,16.21,1.12,1505,154.2
63756,燐寸と緞帳,17.899998,AT Lv.17,17.88,16.3,1.59,1566,150.4
63770,Pastel Lines,12.3,IN Lv.12,13.38,12.89,0.49,429,102.4
63805,Anterior Everywhere,13.500002,IN Lv.13,13.76,13.1,0.65,820,149.7
63819,Fission,16.0,AT Lv.16,15.69,14.58,1.12,1172,136.9
63821,うそつきマカロン,15.0,AT Lv.15,15.92,15.06,0.86,1016,158.2
63825,EDM Jumpers,18.300001,AT Lv.18,18.36,16.39,1.97,2318,139.1
63844,Cierr's Lac,18.2,AT Lv.18,18.12,16.32,1.8,1775,133.6
63845,Xperanza,16.600002,AT Lv.16,17.48,16.09,1.39,1357,119.3
63866,midnight glory,13.700003,IN Lv.13,12.68,11.86,0.82,614,114.8
63891,Sakazuki,16.700003,IN Lv.16,16.9,15.48,1.42,1157,109.7
63894,さよなら異世界の旅,18.0,AT Lv.18,18.06,16.05,2.02,4400,446.7
63910,MONTAGEM PITTY,13.0,IN Lv.13,13.69,13.19,0.5,635,93.8
63916,redemptione,15.400002,IN Lv.15,16.88,15.49,1.39,1647,164.7
64023,Memento mori0,17.0,AT Lv.17,16.84,15.79,1.05,1460,200.8
64024,Memory Fragments,15.400002,IN Lv.15,14.97,13.73,1.23,1146,147.9
64077,That Girl,14.500002,AT  Lv.14,13.33,12.47,0.86,857,169.9
64091,青春のアーカイブ,15.700002,AT Lv.15,15.05,14.34,0.71,770,86.5
64105,第57次取消发送,13.0,IN Lv.13,11.6,10.65,0.95,624,177.9
64117,赤と青,14.0,NI Lv.14,14.03,12.93,1.1,731,186.7
64121,初岚,16.400002,IN Lv.16,15.65,14.61,1.04,1000,119.8
64151,我和你,8.2,IN 8,8.53,8.35,0.18,135,53.7
64152,痴人说梦,14.499994,AT Lv.14,14.27,13.64,0.64,690,106.3
64168,気まぐれメルシィ,14.8,IN Lv.14,15.71,13.71,2.0,1969,198.3
64178,亂★舞,15.300001,IN Lv.15,15.71,14.78,0.93,1019,109.0
64228,妄想哀歌 (feat. 初音ミク & 可不),16.500002,AT to 4K Lv.16,16.06,14.82,1.24,1500,173.8
64248,夢現妄想世界,17.9,AT Lv.17,17.95,16.0,1.95,2177,158.0
64253,十拳剣,17.7,AT Lv.17,18.25,16.18,2.07,1741,156.4
64257,astral.exe,17.300001,AT Lv.17,17.43,16.01,1.43,1481,143.4
64302,Secret Illumination,15.800004,IN  Lv.15,16.34,14.97,1.37,1665,142.5
64317,NEW GENERATION,17.2,AT Lv.17,17.8,15.58,2.22,3674,329.1
64325,ヤラララ ,15.1,IN  Lv.15.1,14.72,13.62,1.1,874,139.9
64370,Да Да Да,7.0,IN Lv.15.7,15.25,14.19,1.06,1441,262.3
64372,field of hopes and dreams,13.0,HD. Lv.13,13.61,12.6,1.01,719,157.6
64422,Araya,15.0,IN Lv.15,14.68,13.39,1.29,1149,179.7
64480,처형박수 (Execution Clap),15.400002,IN Lv.15,14.95,13.75,1.2,1330,189.1
64508,Cutie Mew Mew Magic,15.0,IN Lv.15,15.4,14.09,1.31,1208,183.0
64520,終わらない道,16.1,IN Lv.16,16.48,14.81,1.67,1893,216.1
64538,Billy Mode,14.7,IN Lv.14,15.3,14.23,1.08,1134,170.1
64599,Phigros Song,10.0,Shit Lv.?,9.8,8.05,1.75,700,48.7
64646,処刑拍手（しょけいはくしゅ）,16.3,IN Lv.16,15.97,14.75,1.22,1328,173.0
64690,汚れっちまった悲しみの色 (t+pazolite Remix),14.900003,IN Lv.14,14.91,13.59,1.32,1253,198.5
64705,MEGALOVANIA(Camellia Remix),18.0,RE Lv.18,18.47,15.51,2.97,5402,349.9
64706,YOUNITHM,16.900003,FM Lv.16,17.37,16.07,1.31,1520,169.8
64709,R.I.P.,15.0,IN Lv.15,15.06,14.3,0.76,930,140.0
64729,ときめきジェットコースター,15.199998,IN Lv.15,15.37,14.02,1.35,1300,163.0
64773,小小的舟,11.0,HD11（11.6）,12.46,11.17,1.29,465,123.4
64784,Boom Clap,13.500002,IN Lv.13,13.24,11.82,1.42,900,164.3
64795,缄色症候,15.700003,IN Lv.15,15.39,14.16,1.23,1003,125.5
64854,求&影,16.300001,AT Lv.16,16.94,15.21,1.73,2369,233.9
64968,100%,17.400002,AT Lv.17,17.38,15.89,1.49,1634,132.0
64973,Hypernaid,16.199999,AT Lv.16,16.82,15.47,1.35,1268,123.0
64998,バベル,16.400002,IN Lv.16,16.63,15.37,1.26,1461,144.5
65093,自无垠处归航之星,13.0,13,13.24,11.68,1.56,1400,323.5
65115,把回忆拼好给你 (DJ),13.0,L.v13,14.13,13.0,1.13,900,166.7
65249,唯一,14.2,IN Lv.14.2,12.71,11.35,1.35,1245,243.3
65298,超主人公,13.500002,IN Lv.13,14.71,13.5,1.2,1242,175.7
65316,反乌托邦pt.2,14.900003,IN 14,15.32,14.0,1.33,975,172.8
65321,4nim0sity|%|,14.0,HD,15.17,13.69,1.48,1075,206.7
65377,九万字DJ,13.000001,LV.13,11.67,10.72,0.95,492,148.9
65381,Åntinomiз,17.399998,AT Lv.17,17.93,16.1,1.83,1772,130.8
65384,六兆年と一夜物語,17.500002,AT Lv.17,17.76,15.66,2.1,2795,211.5
65390,Cutie Mew Mew Magic,15.0,IN Lv.15,15.31,14.1,1.21,1264,183.9
65405,拝啓,14.0,IN Lv.14,12.45,10.95,1.5,1026,262.0
65413,PUPA,17.4,AT Lv.17,17.56,16.42,1.14,1245,119.7
65417,caesura.,18.0,AT Lv.18,18.19,16.38,1.82,1567,152.6
65450,Highscore,14.999994,SP Lv.?,17.53,15.99,1.53,2500,239.4
65457,千本樱,10.0,BOSS Lv.10,14.97,13.86,1.11,1115,169.1
65492,抑人(e),13.0,e人,11.57,11.13,0.44,450,156.0
65503,ぼくらの16bit戦争,16.0,IN Lv.16,16.14,15.14,1.0,1380,156.8
65526,きゅびびびびずむ,15.400003,AT Lv.15,17.06,15.43,1.63,1561,194.9
65545,LibrariA,15.299999,MASTER 15.3,17.43,15.99,1.44,1646,149.2
65640,Inverted World,16.0,AT Lv.16,15.32,14.41,0.92,1177,122.6
65656,ロストアンブレラ,15.0,IN Lv.15,15.85,14.51,1.34,1300,192.7
65698,RUN FOR YOUR LIFE,15.400002,RUN Lv.15,15.03,14.44,0.59,815,115.9
65699,无题,14.200001,IN Lv.14,14.16,13.61,0.55,710,101.1
65738,凛冬之舞,15.7,IN  Lv.15,15.21,14.79,0.42,869,128.4
65878,アプリコット,6.0,EZ Lv.6,8.5,7.34,1.16,560,201.8
65917,The Devil Incarnate,18.300001,AT Lv.18,18.3,16.08,2.23,2222,139.3
65918,怪物,15.600002,IN15,16.21,14.77,1.44,1480,201.2
65921,Future Downloader,16.500002,IN Lv.16,16.92,15.39,1.53,2137,200.5
65950,夏日，海边，橙味汽水,13.8,IN Lv.13,12.94,12.26,0.68,243,46.9
65972,人为的困境,16.900002,AT Lv.16,17.48,16.03,1.45,1500,153.2
65992,黄金数(2024 ver.),16.0,IN Lv.16,16.44,15.14,1.3,1582,184.5
66003,Dahlia,14.900001,AT Lv.16,16.39,15.32,1.07,1040,118.1
66007,七里香,13.7,IN Lv.13,9.92,8.98,0.94,408,118.8
66040,AstrøNotes.,18.0,AT Lv.18,18.29,16.29,2.0,1911,138.6
66047,Colorful Universe,16.700003,AT Lv.16,17.44,16.19,1.25,1300,130.4
66062,Enchanted Love,15.0,AT Lv.15,14.6,13.97,0.62,757,115.5
66066,反差,10.2,IN,10.88,10.6,0.27,222,106.6
66101,cry0ut！,14.500002,IN Lv.14,13.42,12.73,0.7,940,123.6
66156,完美偶像Perfect Idol,14.300001,Hanami Lv.14,15.31,14.23,1.07,907,109.6
66162,ロストアンブレラ,10.0,HD Lv.10,14.47,13.36,1.1,1000,196.6
66193,SUPERNOVA,10.0,ENCORE Lv.17+,17.84,15.84,2.0,2400,207.6
66227,CHINA - A,13.8,IN Lv.13,14.0,13.02,0.98,988,191.5
66309,时雨,12.800001,IN Lv.12,12.22,11.52,0.71,666,145.8
66329,Unrequited Love,15.800003,IN Lv.15,14.94,13.86,1.08,1029,162.9
66405,なんもねえ,15.0,IN Lv.15,14.96,13.48,1.48,1397,162.4
66436,伴月同眠,1.0,EZ Lv.1,5.36,5.04,0.33,61,107.7
66493,HoYoHoYoにしてあげる,17.0,AT Lv.17.0,17.32,16.19,1.13,1145,107.7
66510,「ily,15.700003,SP Lv.15,15.49,14.29,1.2,824,140.5
66525,Forsaken tale,16.6,IN Lv.16,16.87,15.4,1.47,1315,149.9
66540,急性恋愛中毒,14.700003,IN Lv.14,14.56,13.33,1.23,1146,182.8
66634,QuomodocunquizE,19.000004,AT Lv.19,19.17,15.83,3.34,3769,201.9
66643,it brings back memories. though there was nothing in those days.,18.700003,AT Lv.18,18.31,16.21,2.11,2567,210.5
66666,MTMTM,15.0,IN  Lv.15,14.62,13.6,1.02,776,122.1
66703,光年之外,13.600002,RE  Lv.13,11.7,10.65,1.05,1075,217.8
66724,Rebuff,16.800003,AT  Lv.16,16.15,14.89,1.27,1444,208.5
66783,曾有青鸟衔枝来,14.0,HD Lv.14,12.45,11.52,0.93,664,166.8
66787,君に会えた日 (TV size),12.1,IN  Lv.12,11.88,11.37,0.5,390,81.2
66903,Burn (Haocore Mix),15.6,IN Lv.15,15.1,14.3,0.79,920,128.6
66908,Moonfall - 大月墜落狂想,17.2,IN  Lv.17,17.52,15.71,1.81,1555,118.8
66939,Oceanus,15.900001,IN Lv.15,15.65,14.76,0.89,1058,136.8
66968,Stellaria,18.1,AT Lv.18,18.02,16.52,1.51,1440,130.0
66995,分からない,18.2,AT Lv.18,18.24,16.51,1.73,1431,116.4
67027,芽吹くとき (TV size),13.200001,IN  Lv.13,13.34,12.85,0.48,520,86.2
67048,The Everlasting Rain,17.5,AT Lv.17+,17.94,15.94,2.0,2281,174.6
67076,Infinity Heaven,14.0,AT Lv.14,14.27,13.39,0.88,1027,146.8
67100,Unsigned Amalgam,16.6,IN lv.16,16.92,14.96,1.96,2148,144.2
67105,Cutie Mew Mew Magic,15.400002,IN Lv.15,15.53,14.03,1.5,1700,184.6
67127,BB88,10.200001,HD Lv.10,9.28,8.45,0.83,535,181.8
67276,FUNK NA MIRA,15.0,AT Lv.15,14.44,13.75,0.69,800,132.1
67290,El-Dorago,16.400002,IN  Lv.16,16.51,14.97,1.54,1684,146.4
67311,Swift Swing,15.400002,IN Lv.15,15.96,14.71,1.25,1148,119.6
67314,Hectopascal (TV size),14.699999,IN  Lv.14,13.8,13.11,0.69,554,87.3
67339,春風 (feat.nakotanmaru),13.200001,IN Lv.13,12.64,11.69,0.95,750,216.0
67380,ユーレカ・エヴリカ,14.900003,IN Lv.14,14.23,13.36,0.86,721,86.0
67462,下一站 (Beyond This Station),16.0,IN Lv.16,15.43,14.1,1.33,2026,212.6
67497,the EmpErroR(Full ver.),16.6,IN Lv.16,17.14,15.7,1.43,2121,222.0
67499,Future Downloader(short ver.),17.400002,AT Lv.17,17.61,15.93,1.67,2026,145.1
67529,Thank you for playing,17.0,EME Lv.17,17.79,16.1,1.68,1250,95.9
67571,贄-nie-,14.0,14,14.65,13.47,1.17,1283,182.2
67573,レグルスリベリオン,17.0,AT Lv.17,17.32,16.02,1.29,1278,128.4
67635,下一站,16.1,IN  Lv.16,15.24,13.9,1.34,2026,225.2
67763,I,17.600002,AT Lv.17,18.42,16.66,1.76,1601,118.9
67776,Atomic Disassembler,10.0,TIEBREAKER,19.3,16.11,3.19,6229,316.9
67783,"it brings back memories. though there was nothing in those days, ""nothingness"" was still there.",16.2,AT Lv.16,16.81,15.23,1.57,2129,214.8
67787,QuomodocunquizE,16.900003,IN Lv.16,17.12,15.12,2.0,2618,201.5
67788,The Promised Land,14.0,IN Lv.14,13.67,13.05,0.63,623,136.8
67804,感情グラス（牡丹ver.）,14.0,酔い,12.02,11.44,0.58,278,79.0
67817,siren's eye,17.700006,AT Lv.17+,17.91,15.52,2.39,2134,135.5
67836,GEOLOGICAL//IRRESOLUTION,17.0,AT Lv.17,17.7,15.99,1.7,1700,132.4
67873,ΞxistentialisΣ,17.0,AT Lv.17,17.89,16.22,1.67,2034,164.1
67890,Time Machine,6.799999,HD Lv.6,8.85,8.08,0.77,631,206.4
67892,色を喪った街 ～遺街～,10.0,THE LAST : LV. 19,19.07,15.89,3.18,4342,276.9
67906,クチナシの木が朽ちる前に,14.900003,AT Lv.14,13.08,12.78,0.31,575,82.0
67919,RENDA JOCEKY,16.900003,AT Lv.16,18.5,15.89,2.6,3000,177.8
67921,千本桜,16.400002,IN Lv.16,16.52,15.11,1.4,1508,175.3
67945,Glitch Street (ARForest Remix),15.800003,IN Lv.15,15.62,14.42,1.2,1055,146.8
67951,TECHNiCAL REVOLUTiON,17.0,AT Lv.17,18.32,16.21,2.11,2077,203.4
68007,Fragments of You,17.2,AT Lv.17,17.18,16.24,0.94,930,123.4
68029,SOAP MUMMIES,15.0,SV  Lv. ζ,12.7,11.38,1.32,645,212.3
68078,恋せよ乙女!（恋爱吧少女！）,16.5,AT Lv.16,17.39,15.6,1.79,2071,164.6
68088,Euphoria (feat. Tsugumi Nagahara),16.700003,AT Lv.16,16.14,15.14,1.01,1352,197.6
68096,Dextroy,18.0,AT Lv.18,18.11,16.03,2.08,1404,97.9
68240,Calamity of the Mystic Garden : Doom,18.300001,AT Lv.18,18.44,16.12,2.32,3102,183.9
68246,petals,1.0,IN Lv.16.1,15.63,14.52,1.11,1488,168.4
68248,怒槌,15.800003,IN Lv.15,16.22,14.82,1.4,1350,140.4
68267,トゥルーエンド,15.1,AT Lv.15,13.57,12.76,0.81,666,133.3
68282,ÅMARA(大未来電脳),16.300001,IN Lv.16,16.09,14.67,1.42,1540,148.8
68325,GOODWORLD,15.000005,IN Lv.15,15.22,14.17,1.04,1060,122.9
68398,Life Goes On,13.200001,IN Lv.13,10.76,9.64,1.12,670,157.3
68528,Cutie Mew Mew Magic,15.6,IN Lv.15,15.29,13.96,1.33,1817,184.7
68588,Fantasia Sonata Sky Syndrome,15.199995,IN  Lv.15,14.56,13.84,0.72,737,135.7
68591,イグニッション,14.0,IN Lv.14,14.02,12.93,1.1,1138,201.2
68609,夏影,12.1,IN Lv.12,10.45,9.39,1.06,520,158.8
68693,MARENOIA,10.0,SP Lv.?,13.88,13.15,0.74,670,150.3
68751,えがお･シング･あ･ソング,14.899999,IN  Lv.14,13.62,12.91,0.7,540,99.8
68822,MARENOIA,14.1,AT  Lv.14,13.39,12.83,0.56,595,151.2
68840,晴天,11.300002,IN Lv.11,8.61,7.79,0.82,394,139.6
68848,起死開戰,15.900003,IN Lv.15,15.24,14.0,1.24,1214,161.0
68865,Ocean Illustration,14.0,IN Lv.14,14.29,13.53,0.76,715,131.3
68882,Dance with Silence,17.099998,AT Lv.17,16.85,15.78,1.07,1100,150.0
68885,閾限狀態(Liminα1 Stαte),16.1,IN Lv.16,16.18,14.66,1.53,1320,135.0
68887,神鳴,16.600002,IN Lv.16,16.82,15.19,1.63,2161,165.3
68917,神威,16.0,AT Lv.16,17.56,15.98,1.58,1484,144.6
68941,ephemeralization,17.100004,AT Lv.17,17.65,15.96,1.69,1560,146.5
68967,Dahlia,15.500002,IN Lv.15,14.41,13.69,0.73,759,119.4
69045,スピカ,15.200006,15.2,14.53,13.41,1.12,1109,159.6
69071,dream of utopia,15.600002,IN Lv.15,13.91,13.27,0.64,677,158.8
69077,Intervallo VII-1 Boss Battle Theme,15.0,lv.15,15.65,14.42,1.23,1308,203.0
69112,Σquinoχ,15.900003,IN  Lv.15,15.46,14.26,1.2,1283,164.1
69143,衛星,15.1,IN Lv.15,14.44,13.33,1.12,940,136.5
69170,"it brings back memories. though there was nothing in those days, ""nothingness"" was still there.",17.500002,AT Lv.17,18.08,16.12,1.96,2500,214.8
69226,H O P E L E S S,15.900003,IN Lv.15,15.99,14.11,1.88,2417,360.0
69230,La Fouldre,17.2,AT  Lv.17,17.3,16.21,1.1,1400,133.2
69265,Trojan,16.600002,AT Lv.16,15.93,14.68,1.25,1877,142.5
69317,反乌托邦+拼接遗憾+Sinos De Natal,14.7,IN Lv.14,14.77,13.89,0.88,801,111.3
69319,Aimless Drifting,16.300001,IN Lv.16,16.17,14.85,1.32,1590,135.1
69324,CLOVER,16.0,IN  Lv.16,15.56,13.97,1.59,1271,132.2
69413,熱風,17.300001,AT Lv.17,17.09,15.89,1.19,1244,96.2
69419,Still Shining (feat. 重音テト),14.0,AT Lv.14,15.1,14.3,0.8,950,138.5
69495,Unraveling Stasis,18.400003,AT Lv.18,18.48,16.23,2.26,2320,157.1
69521,Callisto,16.400002,IN  Lv.16,16.58,15.02,1.56,1837,187.3
69530,Poison (Live Edit),15.0,Fm Lv.15,15.38,14.36,1.01,989,126.0
69555,La Fouldre,17.0,AT Lv.17,18.18,16.34,1.85,1605,137.9
69556,ここから、ここから,15.0,Start Lv.15,15.17,13.49,1.68,2018,252.2
69561,时  (《时光□□人 第三季》OP),14.2,IN  Lv.14,10.6,10.17,0.43,417,95.8
69634,2021年の魔法使いたち,13.200001,AT Lv.13,14.78,13.84,0.94,600,110.3
69692,ウミユリ海底譚,13.200001,IN Lv.13,13.81,13.05,0.76,851,131.5
69696,刀刃所栖之物,16.300001,IN Lv.16,16.29,14.7,1.59,1566,164.2
69739,超·东方不眠夜,15.400002,AT Lv.15,14.02,13.41,0.62,613,117.8
69741,Fated Dest1ny,16.6,IN Lv.16,16.89,15.2,1.69,2397,245.0
69752,Re Aoharu,10.0,IN Lv.13,14.05,12.63,1.42,1663,133.2
69754,神っぽいな,15.700003,SP Lv.15,15.64,14.3,1.34,1453,200.8
69816,ALL☆NIGHTER!,15.1,IN Lv.15,15.03,13.89,1.14,1314,132.0
69832,Umikaze Moment,14.7,IN  Lv.14,14.61,13.89,0.72,729,130.3
69833,Travel Begins,14.700003,IN  Lv.14,14.51,13.64,0.87,962,159.9
69901,星降る夜と一輪の花,18.0,AT Lv.18,18.07,15.89,2.18,2200,168.1
69939,Amore,14.600002,Love Lv.14,13.48,12.88,0.6,520,79.5
69964,BRAVE：ROAD,16.500002,BR Lv.16,16.52,15.33,1.19,1222,151.0
69977,Viyella's Scream,16.0,IN  Lv.16,16.39,14.9,1.49,1255,136.8
70000,三月雨,13.0,IN Lv.13,11.57,10.28,1.29,713,241.9
70019,雨露霜雪 (long ver.),16.6,Expert Lv.16+,17.39,15.73,1.66,2225,241.2
70063,我愛你-上海蟹-,13.500002,IN Lv.13,13.69,13.05,0.64,520,107.1
70097,逆转时光,13.0,IN 13,12.72,12.37,0.35,493,113.5
70117,ATLAS RUSH,16.700003,AT Lv.16,17.35,15.92,1.43,1298,129.2
70132,World's end BLACKBOX,16.400002,IN Lv.16,16.57,15.34,1.22,1575,155.0
70154,极效方案 Note of Effective Settlements,14.500002,IN  Lv.14,14.49,13.36,1.13,681,79.1
70173,初音ミクの消失,16.2,IN Lv.16,16.62,15.3,1.32,1400,140.5
70183,World's Eclipse,16.400002,IN Lv.16,16.74,15.44,1.3,1739,207.7
70220,八荒 ~The Glorious World~,18.300001,AT Lv. [Desolate],18.7,15.83,2.87,4349,308.0
70268,Eschatology,16.0,IN Lv.16,15.34,14.35,0.99,1000,141.7
70279,Night Theat+er Etude,16.0,AT Lv.16,17.02,15.87,1.15,1157,111.6
70351,Gryphone,16.2,IN Lv.16,15.99,14.55,1.44,1300,134.6
70378,冥(かめりあ's 甦 Remix),18.0,AT Lv.甦,18.09,16.36,1.73,1600,112.0
70404,Song for Sprites,13.9,IN Lv.13,14.26,13.56,0.7,822,135.8
70419,树海晕动症,15.0,IN Lv.15,12.68,12.16,0.52,579,141.5
70437,シスターに懺悔を,14.300001,IN Lv.14,14.36,13.45,0.92,999,166.9
70465,China-P,14.0,IN Lv.14,13.59,12.95,0.64,419,97.8
70475,Amatsukami,18.1,AT Lv.18,18.09,16.58,1.5,1498,114.8
70497,连烦恼也融入天空,15.300001,IN Lv.15,15.46,14.4,1.06,1070,133.7
70536,REINCARNA✝ION!! Idol Graduation,15.600002,IN Lv.15,15.21,14.27,0.94,1020,145.6
70621,粉骨砕身カジノゥ,16.1,IN Lv.16,16.01,14.85,1.16,1091,110.8
70629,Quaoar,16.400002,AT Lv.16,17.37,15.86,1.51,2423,265.9
70693,Particles,14.0,IN Lv.14,14.47,13.58,0.89,1152,201.3
70713,百鬼֎夜行,16.1,IN Lv.16,16.75,15.62,1.13,1186,123.8
70727,REINCARNA✝ION!! Idol Graduation,15.600002,IN Lv.15,15.46,14.27,1.18,1160,133.0
70761,メシア,15.200001,IN  Lv.15,14.73,13.7,1.03,1000,184.2
70895,allurements,16.0,IN Lv.16,15.95,14.6,1.35,1774,177.0
70898,Loadstar,12.400002,IN Lv.12,8.64,7.95,0.69,395,132.5
70923,The De[i]fied,15.4,IN Lv.15,15.15,14.24,0.91,819,115.6
70957,Disordered Space,16.0,AT Lv.16,16.29,15.07,1.22,1133,133.3
71032,シリーテラー (feat. IA),15.200005,IN Lv.15,15.52,14.43,1.09,1196,164.8
71146,起死開戦,15.600002,IN  Lv.15,14.7,13.88,0.82,916,102.4
71184,Absolute Domination,16.900003,IN Lv.16,17.0,15.62,1.38,1308,121.4
71186,神っぽいな,13.200001,IN Lv.13,13.92,13.46,0.46,548,97.6
71230,HYPER MEMORIES,19.000002,AT Lv.19,18.91,16.3,2.61,4011,267.9
71246,Night Drawmers,14.0,IN,13.66,12.63,1.03,774,131.2
71264,シェーク,15.400002,IN Lv.15,14.19,13.58,0.61,675,153.5
71266,-止水莲华-Muzi-,16.0,AT Lv.16,16.91,15.48,1.43,1102,112.9
71272,Dream Of The Forest,14.0,IN Lv.14,14.08,13.51,0.57,719,125.1
71317,PROOF,13.2,IN Lv.13,14.15,13.04,1.11,1005,146.6
71351,Fatum Cantabile,16.300001,IN  Lv.16,16.07,15.05,1.02,1143,140.5
71434,STARGAZERS,16.0,IN Lv.16,16.76,14.87,1.88,1977,167.8
71500,蒼天 ,18.0,AT Lv.18,18.02,15.85,2.16,1760,119.6
71547,Garakuta Doll Play,14.2,IN Lv.16.0,15.88,14.95,0.94,1000,120.0
71574,How To Make 音ゲ～曲！,16.0,AT Lv.16,16.8,15.63,1.17,1275,136.2
71656,KING,14.200004,IN  Lv.14,14.94,13.83,1.11,989,129.9
71707,Resistance,17.400002,AT Lv.17,16.95,15.64,1.31,1427,169.2
71712,666,17.0,EXH Lv.17,17.74,15.94,1.8,1666,117.5
71727,Candy Step,13.0,IN Lv.13,12.9,12.48,0.42,264,55.2
71731,"love me,love me,love,me（ft. Ado）",10.0,AT Lv.?,16.35,15.05,1.3,1386,228.5
71803,一瞬֍幻夢,17.900003,AT  Lv.17,18.29,15.42,2.86,2600,151.6
71841,Comet Coaster,16.1,IN  Lv.16,15.93,14.84,1.08,1111,141.3
71873,B1K2-Z3T4,17.400002,AT Lv.17,17.69,16.05,1.65,1795,149.4
71924,Artificial Chariot(Ssimille remix）,16.1,IN Lv.16,15.93,14.63,1.3,1141,177.8
71941,爱情讯息,7.999994,HD.8,9.54,8.52,1.02,520,218.4
71964,Fine Logic,16.300001,IN Lv.16,15.32,13.8,1.52,1253,145.2
71994,c.s.q.n. (2026 Remaster),17.0,AT  Lv.17,17.24,15.94,1.3,1300,115.9
72016,DOMINATOR,16.6,IN Lv.16+,16.59,15.19,1.4,1426,137.5
72026,残機,14.500002,IN Lv.14,14.26,13.71,0.55,687,88.1
72075,-无隙命运之外-,16.800003,AT Lv.16,17.64,16.1,1.54,1643,160.6
72106,一瞬֍幻夢,17.600002,AT Lv.17,17.51,15.58,1.93,1666,152.7
72162,连烦恼也融入天空,16.300001,AT Lv.16,16.77,15.29,1.48,1383,156.3
72203,Heart of Android： Even If It's Only By Mechanism,17.800001,AT Lv.?,17.89,16.02,1.87,2194,240.1
72227,Monolith,18.0,AT  Lv.18,18.65,16.49,2.16,3855,285.3
72238,-Libra-,16.0,IN Lv.16,16.12,14.76,1.36,1877,193.9
72277,Fatum Cantabile,17.0,AT Lv.17,17.02,15.72,1.3,1441,140.6
72310,QuomodocunquizE,20.0,SP Lv.?,17.68,15.26,2.41,2222,205.0
72367,バカみたいに,14.800003,IN Lv.14,14.21,13.6,0.62,960,126.7
72437,抜錨（ウォルピスカーター cover.),15.1,IN Lv.15,14.72,14.19,0.53,833,105.9
72444,Luminous,15.900001,RS Lv.15+,15.33,14.37,0.97,981,241.2
72445,PlayStation 8,17.700003,AT  Lv.17,17.81,16.06,1.74,2525,342.0
72446,Vermilion,14.500002,IMPRESSION Lv.14,14.18,13.58,0.6,374,76.7
72551,marguerite inorganique,18.300001,AT  Lv.18,18.28,15.74,2.54,4145,425.3
72563,Bring Our lgnition Back(1.1x),18.600002,AT Lv.18,18.7,15.83,2.87,2333,146.0
72600,Seimei no Genya,18.600002,AT Lv.18,18.37,16.37,2.01,2704,241.2
72681,音速宇宙旅行,19.0,AT Lv.19,18.86,16.98,1.88,1602,97.9
72696,Horizon,17.600002,AT  Lv.17,17.99,15.88,2.11,2822,196.5
72744,Recollect Lines,18.0,AT  Lv.18,17.7,16.26,1.44,1845,164.8
72746,Weaver & Wanderer,16.0,IN  Lv.16,15.69,14.4,1.29,1269,146.5
72750,remИant,17.599998,AT  Lv.17,17.83,15.57,2.26,3525,286.4
72777,Рорру,16.400002,IN Lv.16,15.99,14.77,1.22,1300,139.6
72786,Ouvertüre,16.800003,AT Lv.16,17.48,15.7,1.78,2396,134.9
72828,Crystallize,16.500002,AT Lv.16,16.58,15.59,0.99,1222,129.7
72933,在东北的小偶像,14.800003,AT  Lv.14,14.73,13.28,1.45,1500,188.9
72955,スプリットダンス,16.0,IN Lv.16,16.31,15.12,1.18,1204,139.3
72988,Melodiniq,18.600002,ULT  Lv.18,18.37,16.49,1.88,2026,168.2
72993,SPOOKY Abyssal Vow,18.500002,AT Lv.18,18.43,16.47,1.95,1700,134.3
73014,Kakera,16.900003,AT Lv.16,17.03,15.59,1.44,1535,142.5
73061,Tales of Misery,16.0,AT Lv.16,17.17,15.79,1.38,1329,144.0
73103,Amphisbaena,17.700005,ST Lv.17+,17.8,16.39,1.41,1314,155.7
73110,ループザルーム,15.0,IN Lv.15,14.55,13.55,1.0,965,128.5
73165,D8 ~Entry of the Apeirosifer~,8.800003,EZ Lv.8,9.53,8.87,0.66,500,136.6
73223,,0,,17.47,15.89,1.58,1899,145.0
